time_s,raw_roll_deg,raw_pitch_deg
0.00000,0.19359,7.95760
0.01000,-0.08047,7.59678
0.02000,-0.15078,7.97289
0.03000,0.69671,7.95264
0.04000,0.27775,8.15578
0.05000,0.05477,8.06045
0.06000,0.20667,8.07509
0.07000,-0.11442,7.88185
0.08000,0.35710,8.07774
0.09000,0.38959,8.26985
0.10000,0.79702,8.43391
0.11000,0.32649,8.27172
0.12000,0.74271,7.83294
0.13000,0.63386,7.76081
0.14000,0.38867,7.92425
0.15000,0.72423,7.61532
0.16000,0.61044,7.98469
0.17000,0.87311,8.03174
0.18000,1.00181,8.11791
0.19000,0.90719,7.80925
0.20000,1.00675,8.20897
0.21000,1.18963,7.80127
0.22000,0.85430,8.06606
0.23000,1.13176,7.71800
0.24000,0.96926,7.81241
0.25000,1.39249,8.20851
0.26000,1.47413,7.72585
0.27000,1.24102,7.82069
0.28000,1.38921,8.17499
0.29000,1.22248,7.94569
0.30000,1.57712,7.83041
0.31000,1.73936,7.89124
0.32000,1.30278,8.15865
0.33000,1.44383,7.74178
0.34000,1.94924,8.01715
0.35000,1.62489,7.75919
0.36000,1.76760,7.95070
0.37000,1.78948,7.76446
0.38000,1.85436,8.16423
0.39000,1.79409,7.74086
0.40000,2.18669,7.66230
0.41000,1.77086,7.94711
0.42000,2.15845,7.83389
0.43000,1.88301,7.40708
0.44000,2.15712,7.98435
0.45000,2.07391,7.80023
0.46000,2.58844,7.69235
0.47000,2.53331,7.31560
0.48000,2.28622,7.80039
0.49000,2.34762,7.58550
0.50000,2.28535,7.65050
0.51000,2.31653,7.62642
0.52000,2.61925,7.70656
0.53000,2.99813,7.58299
0.54000,2.62416,7.36693
0.55000,2.70019,7.67461
0.56000,2.31868,7.60885
0.57000,2.96807,7.71012
0.58000,2.91968,7.43854
0.59000,2.78067,7.42367
0.60000,3.08137,7.50503
0.61000,3.08960,7.54509
0.62000,3.12019,7.21209
0.63000,3.31527,7.11065
0.64000,3.15374,7.57932
0.65000,2.92148,7.41793
0.66000,3.20595,7.06625
0.67000,3.06138,7.05807
0.68000,2.90938,7.09231
0.69000,3.36363,7.11231
0.70000,3.45041,7.19175
0.71000,3.60865,7.54833
0.72000,3.51399,7.21214
0.73000,3.59072,7.24360
0.74000,3.69234,7.16745
0.75000,3.67352,7.13193
0.76000,3.65726,7.12907
0.77000,3.79921,6.94782
0.78000,3.71507,7.02917
0.79000,3.66567,7.48299
0.80000,3.80454,7.45093
0.81000,3.83033,6.81240
0.82000,4.20381,7.09887
0.83000,3.97913,6.87862
0.84000,3.94595,6.81670
0.85000,3.98786,6.65842
0.86000,4.12373,6.98996
0.87000,4.58568,6.94982
0.88000,4.10614,7.04442
0.89000,4.58266,6.64041
0.90000,4.41234,6.73512
0.91000,4.37000,7.00704
0.92000,4.55319,6.69561
0.93000,4.45310,6.61288
0.94000,4.68432,6.56596
0.95000,4.54389,6.72997
0.96000,4.71780,6.55878
0.97000,4.40563,6.69140
0.98000,4.76992,6.40042
0.99000,4.51120,6.55266
1.00000,4.69892,6.26754
1.01000,4.75625,6.38073
1.02000,4.74483,6.55586
1.03000,4.93862,6.33040
1.04000,4.89508,6.55701
1.05000,4.86550,6.51159
1.06000,4.87562,6.41817
1.07000,5.08752,5.97921
1.08000,4.84305,6.20117
1.09000,4.70343,6.05293
1.10000,5.06014,6.23200
1.11000,5.28018,6.09211
1.12000,5.12534,6.17920
1.13000,5.43897,6.07734
1.14000,5.27202,5.99329
1.15000,5.39816,5.68361
1.16000,5.57466,6.06300
1.17000,5.58289,6.37283
1.18000,5.53768,6.01415
1.19000,5.28694,5.94783
1.20000,5.68844,6.00970
1.21000,5.40255,5.96149
1.22000,5.31681,5.66733
1.23000,5.58537,5.72305
1.24000,5.72238,5.57384
1.25000,5.46247,5.50332
1.26000,5.67212,5.55233
1.27000,5.75159,5.64276
1.28000,5.67334,5.39671
1.29000,5.55961,5.67419
1.30000,5.74721,5.71219
1.31000,5.89549,5.46011
1.32000,5.93891,5.53539
1.33000,5.70384,4.98504
1.34000,5.82070,5.64212
1.35000,5.92088,5.18986
1.36000,6.15082,5.53471
1.37000,6.07086,5.75744
1.38000,6.17202,5.01888
1.39000,6.17486,5.34120
1.40000,6.18859,4.87568
1.41000,6.09081,5.18954
1.42000,6.58851,5.14974
1.43000,6.33775,5.04424
1.44000,6.08130,5.08074
1.45000,6.49148,5.04475
1.46000,6.41987,5.05019
1.47000,6.50568,4.90595
1.48000,6.47223,4.59031
1.49000,6.41594,4.72877
1.50000,6.94425,4.75253
1.51000,6.58354,4.34688
1.52000,6.24229,4.77027
1.53000,6.48061,4.76057
1.54000,6.78940,4.46164
1.55000,6.85159,4.88772
1.56000,6.65277,4.40895
1.57000,6.56107,4.40053
1.58000,6.48050,4.30451
1.59000,6.63055,4.74348
1.60000,6.74213,4.47899
1.61000,7.04575,4.13869
1.62000,6.69005,4.36216
1.63000,6.93712,4.08149
1.64000,6.81962,4.08430
1.65000,7.02787,3.79896
1.66000,7.17695,3.83638
1.67000,6.82830,3.75894
1.68000,7.15203,3.97801
1.69000,7.11500,3.97044
1.70000,7.01766,4.02406
1.71000,7.02367,3.42628
1.72000,7.26286,4.02337
1.73000,7.12321,3.54325
1.74000,7.01396,3.86797
1.75000,6.87650,3.59682
1.76000,7.17502,3.56880
1.77000,7.42577,3.77776
1.78000,7.33401,3.33519
1.79000,7.27926,3.44818
1.80000,7.04047,3.36316
1.81000,7.19974,3.02330
1.82000,6.93162,3.57025
1.83000,7.46812,3.06505
1.84000,7.11133,3.15293
1.85000,7.60161,3.47174
1.86000,7.20155,3.20385
1.87000,7.23093,3.07409
1.88000,7.58333,2.88760
1.89000,7.31522,3.20606
1.90000,7.54129,2.56760
1.91000,7.69276,3.04272
1.92000,7.48734,2.90535
1.93000,7.61001,3.12601
1.94000,7.26364,2.60830
1.95000,7.22815,2.44615
1.96000,7.43935,2.50384
1.97000,7.50969,2.87617
1.98000,7.30439,2.75021
1.99000,7.24934,2.51194
2.00000,7.77896,2.73792
2.01000,7.74188,2.28821
2.02000,7.21708,2.37176
2.03000,7.64044,2.34533
2.04000,7.62776,2.24048
2.05000,7.78743,2.63923
2.06000,7.53498,2.30920
2.07000,7.48890,2.04992
2.08000,7.84280,1.89750
2.09000,7.73061,2.17760
2.10000,7.89037,1.99498
2.11000,7.57130,1.95364
2.12000,7.70535,1.50271
2.13000,7.63134,1.83417
2.14000,7.89138,1.29515
2.15000,7.86536,1.82436
2.16000,7.70094,1.71927
2.17000,7.95018,1.50131
2.18000,8.00792,1.58351
2.19000,7.57529,1.92349
2.20000,7.62760,1.74352
2.21000,7.76986,1.33885
2.22000,8.18646,1.39635
2.23000,7.59692,1.44294
2.24000,8.16998,1.28015
2.25000,8.00489,1.14166
2.26000,7.82428,1.12957
2.27000,8.05173,1.52195
2.28000,8.04350,1.18565
2.29000,7.93463,1.03708
2.30000,7.83427,0.84343
2.31000,7.84491,1.11827
2.32000,8.24335,1.00793
2.33000,8.02821,0.90245
2.34000,8.25027,0.67599
2.35000,7.86711,0.37599
2.36000,7.72277,0.92265
2.37000,8.12164,0.61778
2.38000,7.85545,0.64668
2.39000,8.17143,0.56415
2.40000,8.03144,0.88184
2.41000,8.16767,0.70831
2.42000,8.32432,0.66939
2.43000,8.15129,0.29317
2.44000,7.61735,0.23474
2.45000,7.86534,0.27125
2.46000,7.98117,-0.07523
2.47000,8.21358,0.16576
2.48000,7.86045,-0.04461
2.49000,8.03753,0.09283
2.50000,7.83496,0.11014
2.51000,8.15938,-0.05467
2.52000,7.82558,-0.16626
2.53000,8.17944,0.09408
2.54000,8.12141,-0.16011
2.55000,8.12499,-0.23522
2.56000,7.85108,-0.46721
2.57000,7.75535,-0.55726
2.58000,7.79616,-0.53388
2.59000,7.73306,-0.26774
2.60000,8.06930,-0.44108
2.61000,8.23922,-0.71147
2.62000,8.15734,-0.80075
2.63000,8.25185,-0.54263
2.64000,8.01196,-0.63080
2.65000,7.77219,-0.44232
2.66000,7.80615,-0.78350
2.67000,7.94195,-0.75991
2.68000,7.90830,-0.80533
2.69000,8.15598,-0.87171
2.70000,7.97415,-0.65607
2.71000,7.79986,-1.59266
2.72000,8.04912,-1.16065
2.73000,7.41574,-0.67199
2.74000,7.92810,-1.13384
2.75000,7.91131,-1.43855
2.76000,7.65642,-1.49765
2.77000,7.81455,-0.96036
2.78000,7.80747,-1.75662
2.79000,7.87959,-1.57725
2.80000,7.74231,-1.44844
2.81000,7.75518,-1.64814
2.82000,7.96286,-1.88101
2.83000,7.91392,-1.74816
2.84000,8.20548,-1.85101
2.85000,7.73852,-1.59404
2.86000,7.56510,-1.92840
2.87000,7.75941,-1.64403
2.88000,7.81899,-1.85934
2.89000,8.06044,-1.91356
2.90000,7.74410,-1.81451
2.91000,7.65354,-1.98841
2.92000,7.52348,-2.13757
2.93000,7.60905,-2.24134
2.94000,7.48419,-2.13633
2.95000,7.76983,-2.08656
2.96000,7.51943,-1.92499
2.97000,7.65294,-2.26257
2.98000,7.79137,-2.24863
2.99000,7.75714,-2.49641
3.00000,7.50920,-2.21470
3.01000,7.52123,-2.36993
3.02000,7.59575,-2.44166
3.03000,7.45003,-2.95528
3.04000,7.48187,-2.64813
3.05000,7.42473,-2.70444
3.06000,7.61580,-2.71907
3.07000,7.67006,-2.76387
3.08000,7.91094,-3.04538
3.09000,7.66809,-2.77098
3.10000,7.90683,-2.79850
3.11000,7.36072,-3.35312
3.12000,7.49258,-3.00328
3.13000,7.42713,-3.14885
3.14000,7.62857,-3.42790
3.15000,7.08991,-2.99320
3.16000,7.17082,-2.93040
3.17000,7.52713,-3.15660
3.18000,7.28357,-3.07840
3.19000,7.02366,-3.45945
3.20000,7.19697,-3.48659
3.21000,7.42889,-3.29806
3.22000,7.53025,-3.47995
3.23000,7.21050,-3.52153
3.24000,7.19010,-3.41832
3.25000,7.16165,-3.76428
3.26000,7.17717,-3.55287
3.27000,7.34909,-3.80890
3.28000,6.79461,-3.62857
3.29000,7.09100,-3.76060
3.30000,7.28909,-3.78145
3.31000,6.85671,-3.73439
3.32000,6.94893,-3.99202
3.33000,7.01626,-3.86836
3.34000,6.82782,-3.81887
3.35000,6.93827,-4.28508
3.36000,6.88415,-4.17113
3.37000,6.84120,-4.12897
3.38000,6.74509,-4.09999
3.39000,6.71498,-4.29416
3.40000,6.38855,-4.43169
3.41000,6.86885,-4.17392
3.42000,6.82420,-4.27185
3.43000,6.30818,-4.35617
3.44000,6.54126,-4.43582
3.45000,6.98898,-4.28743
3.46000,6.41253,-4.65070
3.47000,6.48315,-4.63268
3.48000,6.64141,-4.50726
3.49000,6.33028,-4.58132
3.50000,6.33121,-4.72305
3.51000,5.98635,-4.92940
3.52000,6.32475,-4.70946
3.53000,6.44281,-4.79942
3.54000,6.37916,-5.01197
3.55000,6.55012,-5.19055
3.56000,6.00481,-5.05233
3.57000,6.52537,-4.69017
3.58000,6.40512,-5.14869
3.59000,5.80992,-5.14807
3.60000,6.13309,-5.17530
3.61000,6.28409,-5.27087
3.62000,6.11928,-4.74455
3.63000,5.96107,-5.21334
3.64000,6.19994,-5.27750
3.65000,5.94053,-5.31016
3.66000,5.92117,-5.33682
3.67000,5.89270,-5.07271
3.68000,5.71519,-5.50336
3.69000,5.84571,-5.69576
3.70000,5.50986,-5.73239
3.71000,5.81662,-5.17053
3.72000,5.56950,-5.56298
3.73000,5.46534,-5.61676
3.74000,5.88744,-5.64492
3.75000,5.74910,-5.78233
3.76000,5.72721,-5.95435
3.77000,5.42017,-5.65957
3.78000,5.56309,-5.93717
3.79000,5.44630,-5.78711
3.80000,5.44911,-5.73110
3.81000,5.46303,-5.99736
3.82000,5.39897,-5.62555
3.83000,5.35134,-6.22676
3.84000,5.46071,-5.79494
3.85000,4.97859,-5.78044
3.86000,5.48116,-5.95306
3.87000,5.48285,-6.42309
3.88000,5.15037,-6.56623
3.89000,5.08058,-5.96279
3.90000,5.21032,-6.20527
3.91000,4.86123,-6.35244
3.92000,5.11703,-6.36192
3.93000,4.90233,-6.05984
3.94000,5.13943,-6.20320
3.95000,4.70140,-6.15455
3.96000,4.72511,-6.02009
3.97000,5.00317,-6.44785
3.98000,5.20162,-6.39821
3.99000,5.04490,-6.54226
4.00000,4.72416,-6.47268
4.01000,4.56755,-6.54116
4.02000,4.94396,-6.61934
4.03000,4.39526,-6.33867
4.04000,4.63183,-6.65896
4.05000,4.79039,-6.51316
4.06000,4.53955,-6.65974
4.07000,4.20314,-6.43873
4.08000,4.31457,-6.98641
4.09000,4.36533,-6.56113
4.10000,4.21689,-6.88250
4.11000,4.02578,-6.86400
4.12000,4.27327,-6.79201
4.13000,4.10049,-6.81045
4.14000,4.05752,-7.13166
4.15000,4.07915,-6.92618
4.16000,3.82743,-6.40327
4.17000,4.13723,-6.93543
4.18000,4.02013,-6.99922
4.19000,3.77933,-7.18487
4.20000,3.48320,-7.03495
4.21000,3.35728,-6.86438
4.22000,3.94957,-7.03792
4.23000,3.74777,-7.28528
4.24000,3.76857,-7.23709
4.25000,3.34934,-6.95473
4.26000,3.55370,-7.09425
4.27000,3.58637,-7.39909
4.28000,3.44555,-7.52967
4.29000,3.65402,-7.26962
4.30000,3.65131,-7.07424
4.31000,3.43036,-7.37902
4.32000,3.49166,-7.27589
4.33000,3.56711,-7.29570
4.34000,3.50267,-7.32288
4.35000,3.07458,-6.89181
4.36000,3.09261,-7.07943
4.37000,3.08231,-7.72428
4.38000,3.05927,-7.21610
4.39000,2.82286,-7.01540
4.40000,2.81875,-7.56192
4.41000,2.91736,-7.60150
4.42000,2.72467,-7.21109
4.43000,3.00624,-7.61759
4.44000,2.98799,-7.68648
4.45000,2.44206,-7.91017
4.46000,2.75800,-7.07881
4.47000,2.76842,-7.57909
4.48000,2.44769,-7.37903
4.49000,2.61238,-7.70605
4.50000,2.21771,-7.19576
4.51000,2.40620,-7.92860
4.52000,2.57148,-7.75527
4.53000,2.61207,-7.56587
4.54000,2.18161,-7.46901
4.55000,2.45792,-7.40717
4.56000,2.33833,-7.80645
4.57000,2.22966,-7.45632
4.58000,2.26743,-7.73634
4.59000,2.13511,-8.09171
4.60000,2.00417,-7.84126
4.61000,2.12191,-7.92005
4.62000,1.72069,-7.84671
4.63000,2.37696,-7.78292
4.64000,1.85925,-7.81663
4.65000,1.51668,-7.96313
4.66000,1.90242,-7.78419
4.67000,1.51052,-8.05170
4.68000,1.86912,-7.60523
4.69000,1.64054,-7.98395
4.70000,1.34944,-7.91298
4.71000,1.56746,-7.74804
4.72000,1.32292,-7.67380
4.73000,1.50356,-7.79009
4.74000,1.23874,-8.15585
4.75000,1.58821,-7.85831
4.76000,0.96277,-7.98098
4.77000,1.16228,-8.02688
4.78000,0.97766,-7.67808
4.79000,0.84732,-8.26481
4.80000,1.23160,-8.03041
4.81000,0.96490,-8.11683
4.82000,0.87474,-7.84889
4.83000,0.86492,-7.93007
4.84000,0.97689,-7.93101
4.85000,0.49136,-7.91847
4.86000,0.92641,-7.84383
4.87000,0.76209,-8.21855
4.88000,0.62947,-7.71100
4.89000,0.53240,-8.06743
4.90000,0.28101,-8.12204
4.91000,0.72445,-8.26215
4.92000,0.26880,-7.65413
4.93000,0.46879,-8.05745
4.94000,0.54169,-7.69537
4.95000,0.18575,-8.05809
4.96000,0.24591,-7.90879
4.97000,0.21668,-7.76146
4.98000,-0.22560,-7.77079
4.99000,0.16098,-8.38394
5.00000,-0.17083,-7.86977
5.01000,0.10916,-7.88945
5.02000,-0.01274,-7.88636
5.03000,-0.08500,-8.12911
5.04000,-0.34051,-7.91031
5.05000,-0.20024,-7.73126
5.06000,-0.17922,-7.95430
5.07000,-0.27154,-8.01950
5.08000,-0.58093,-8.01177
5.09000,-0.26363,-8.19115
5.10000,-0.32815,-7.85602
5.11000,-0.59611,-8.10732
5.12000,-0.51573,-8.01981
5.13000,-0.57019,-8.01217
5.14000,-0.60904,-8.03377
5.15000,-1.05111,-7.82162
5.16000,-0.85419,-8.28803
5.17000,-0.83545,-8.06584
5.18000,-0.97134,-7.90820
5.19000,-0.92142,-7.88177
5.20000,-0.92507,-7.91628
5.21000,-0.93134,-7.99900
5.22000,-1.14537,-8.02970
5.23000,-0.91597,-7.87089
5.24000,-1.16748,-7.65595
5.25000,-1.56190,-7.98802
5.26000,-1.40593,-7.83471
5.27000,-1.27916,-8.12186
5.28000,-1.54433,-7.68175
5.29000,-1.46011,-7.64422
5.30000,-1.41172,-7.86675
5.31000,-1.24434,-7.57055
5.32000,-1.62441,-7.70905
5.33000,-1.62015,-7.81862
5.34000,-2.19675,-8.11748
5.35000,-1.92791,-7.90129
5.36000,-1.86968,-7.98901
5.37000,-1.96310,-7.87779
5.38000,-2.17698,-7.68465
5.39000,-1.93569,-7.88547
5.40000,-2.00061,-7.43051
5.41000,-1.78767,-7.48569
5.42000,-2.13670,-7.81922
5.43000,-1.98647,-7.81142
5.44000,-2.20788,-7.94011
5.45000,-2.33897,-7.51719
5.46000,-2.22148,-7.65546
5.47000,-2.27999,-7.60883
5.48000,-2.42735,-7.50594
5.49000,-2.43169,-7.33935
5.50000,-2.72613,-7.60689
5.51000,-2.38154,-7.88957
5.52000,-2.62403,-7.35992
5.53000,-2.36075,-7.52512
5.54000,-2.36515,-7.46770
5.55000,-2.64715,-7.73469
5.56000,-2.91992,-7.15224
5.57000,-2.79634,-7.53644
5.58000,-3.25851,-7.47148
5.59000,-3.07242,-7.53626
5.60000,-2.83037,-7.58718
5.61000,-2.80505,-7.47604
5.62000,-3.08331,-7.21846
5.63000,-3.05085,-7.36356
5.64000,-3.10296,-7.36839
5.65000,-3.10433,-7.44620
5.66000,-3.00658,-7.22815
5.67000,-3.21914,-7.08536
5.68000,-3.57565,-7.30426
5.69000,-3.32361,-7.29974
5.70000,-3.25395,-7.20095
5.71000,-3.76695,-7.17466
5.72000,-3.75952,-7.44878
5.73000,-3.54813,-7.11848
5.74000,-3.55920,-7.00416
5.75000,-3.64377,-6.89939
5.76000,-3.67484,-7.19680
5.77000,-3.72062,-6.86407
5.78000,-3.77985,-7.27205
5.79000,-4.03351,-7.06934
5.80000,-3.95716,-6.89236
5.81000,-3.88064,-7.08209
5.82000,-3.80522,-7.01820
5.83000,-3.89026,-7.19544
5.84000,-4.06612,-6.77297
5.85000,-4.34021,-6.46943
5.86000,-4.15061,-6.98898
5.87000,-4.31795,-7.02947
5.88000,-4.16323,-6.87007
5.89000,-4.23586,-6.86973
5.90000,-4.10176,-6.83786
5.91000,-4.29794,-6.70092
5.92000,-4.10141,-6.76471
5.93000,-4.21942,-6.38176
5.94000,-4.37503,-6.86640
5.95000,-4.32361,-6.84723
5.96000,-4.26939,-6.36357
5.97000,-4.61446,-6.90185
5.98000,-4.71287,-6.44308
5.99000,-4.60841,-6.51437
6.00000,-4.59051,-6.40389
6.01000,-4.95166,-6.40922
6.02000,-4.86947,-6.13378
6.03000,-4.43974,-6.30531
6.04000,-4.75785,-6.51859
6.05000,-4.70583,-6.37546
6.06000,-4.85767,-6.42309
6.07000,-4.84049,-6.04306
6.08000,-4.96071,-6.11838
6.09000,-5.11902,-6.41407
6.10000,-4.91253,-6.22610
6.11000,-5.08872,-6.18308
6.12000,-5.13089,-6.31837
6.13000,-5.23186,-6.13457
6.14000,-5.02376,-5.79927
6.15000,-5.06527,-6.15490
6.16000,-5.35863,-6.00137
6.17000,-5.43604,-6.16969
6.18000,-5.57435,-5.70548
6.19000,-5.38616,-6.10723
6.20000,-5.19079,-5.77323
6.21000,-5.58065,-5.37013
6.22000,-5.63356,-5.75476
6.23000,-5.42744,-5.47658
6.24000,-5.52004,-5.67124
6.25000,-5.46615,-5.99407
6.26000,-5.80279,-5.46824
6.27000,-5.87078,-5.42351
6.28000,-5.76541,-5.77997
6.29000,-5.89158,-5.37519
6.30000,-5.66012,-5.40669
6.31000,-5.77634,-5.62743
6.32000,-5.70995,-5.45528
6.33000,-5.91355,-5.40016
6.34000,-5.98558,-5.43744
6.35000,-5.95587,-5.49104
6.36000,-6.16833,-5.07177
6.37000,-6.41348,-5.04514
6.38000,-6.20220,-5.12651
6.39000,-5.74247,-5.25627
6.40000,-5.99239,-4.74323
6.41000,-6.29129,-5.29061
6.42000,-6.39511,-4.89358
6.43000,-6.28568,-5.06569
6.44000,-6.40114,-5.04291
6.45000,-6.29078,-4.72880
6.46000,-6.27339,-4.77886
6.47000,-6.60537,-4.89015
6.48000,-6.56689,-4.90843
6.49000,-6.42320,-4.65126
6.50000,-6.31825,-4.43208
6.51000,-6.56070,-4.86592
6.52000,-6.53214,-4.78041
6.53000,-6.21038,-4.43581
6.54000,-6.54433,-4.14357
6.55000,-6.72048,-4.67603
6.56000,-6.80045,-4.26933
6.57000,-7.07535,-4.80181
6.58000,-7.14624,-4.09035
6.59000,-6.61440,-4.41943
6.60000,-6.59098,-4.36985
6.61000,-6.76066,-4.15691
6.62000,-6.69580,-4.33655
6.63000,-6.98523,-3.99883
6.64000,-6.93894,-4.23140
6.65000,-6.75068,-4.04194
6.66000,-6.91230,-3.87963
6.67000,-6.84106,-4.04328
6.68000,-7.05247,-4.26906
6.69000,-6.67200,-4.16925
6.70000,-7.01982,-3.95374
6.71000,-6.97525,-4.10031
6.72000,-7.08399,-3.87231
6.73000,-6.85146,-3.68801
6.74000,-7.03517,-3.54068
6.75000,-7.14071,-3.59253
6.76000,-6.89755,-3.95225
6.77000,-7.30925,-3.67125
6.78000,-6.97715,-3.35230
6.79000,-7.10130,-3.37798
6.80000,-7.08872,-3.69277
6.81000,-7.49755,-3.19899
6.82000,-7.22173,-3.60524
6.83000,-6.91866,-3.31476
6.84000,-7.36646,-3.22185
6.85000,-7.38560,-3.20375
6.86000,-7.44548,-3.21539
6.87000,-7.60644,-2.89397
6.88000,-7.26340,-3.10476
6.89000,-7.28217,-2.84704
6.90000,-7.33561,-2.79314
6.91000,-7.26834,-2.99543
6.92000,-7.44800,-2.69818
6.93000,-7.37730,-2.83182
6.94000,-7.44884,-2.53405
6.95000,-7.23444,-2.58253
6.96000,-7.56746,-3.12821
6.97000,-7.65812,-2.66230
6.98000,-7.19442,-2.38226
6.99000,-7.64324,-2.63229
7.00000,-7.64404,-2.72403
7.01000,-7.54202,-2.50746
7.02000,-7.55853,-2.46134
7.03000,-7.51088,-2.24492
7.04000,-7.71989,-2.15850
7.05000,-7.63615,-2.51099
7.06000,-8.15209,-2.30699
7.07000,-7.73614,-2.13720
7.08000,-7.50364,-1.93344
7.09000,-7.70504,-1.81620
7.10000,-7.63826,-1.89277
7.11000,-7.54125,-2.19238
7.12000,-8.01518,-1.98493
7.13000,-7.69710,-1.83384
7.14000,-7.77179,-1.56167
7.15000,-7.74860,-1.99633
7.16000,-7.89610,-1.84796
7.17000,-7.63377,-1.47569
7.18000,-7.92399,-1.62492
7.19000,-8.06802,-1.60062
7.20000,-7.91240,-1.51483
7.21000,-8.30011,-1.23597
7.22000,-7.66446,-1.24372
7.23000,-7.64490,-1.50670
7.24000,-8.05614,-1.62113
7.25000,-7.76796,-1.16292
7.26000,-7.55810,-1.38217
7.27000,-8.06012,-1.08325
7.28000,-7.94822,-1.09467
7.29000,-7.84997,-1.26384
7.30000,-7.83184,-1.22440
7.31000,-8.24234,-0.87949
7.32000,-7.89406,-0.86447
7.33000,-8.02842,-0.56405
7.34000,-7.78616,-0.65776
7.35000,-7.95538,-0.75678
7.36000,-8.08412,-0.37793
7.37000,-8.18025,-0.56464
7.38000,-7.77984,-0.28948
7.39000,-8.01263,-0.33630
7.40000,-7.95891,-0.61302
7.41000,-8.20362,-0.59298
7.42000,-7.98154,-0.39173
7.43000,-7.99551,-0.17394
7.44000,-7.73873,-0.28531
7.45000,-8.34397,-0.20758
7.46000,-7.64071,-0.16145
7.47000,-8.09926,-0.27567
7.48000,-8.09621,-0.08563
7.49000,-8.28411,0.04602
7.50000,-7.83171,0.26585
7.51000,-8.12111,0.01190
7.52000,-8.04792,0.05128
7.53000,-7.69705,-0.12042
7.54000,-7.98457,0.22082
7.55000,-8.20164,0.36984
7.56000,-8.11686,0.23279
7.57000,-8.33825,-0.10996
7.58000,-7.95129,0.59935
7.59000,-7.97459,0.47058
7.60000,-7.98994,0.91548
7.61000,-8.33253,0.89157
7.62000,-7.90102,0.34504
7.63000,-8.02143,0.76162
7.64000,-8.03238,0.74239
7.65000,-7.87567,0.31788
7.66000,-7.91287,0.70095
7.67000,-8.06806,0.82911
7.68000,-8.10928,1.18260
7.69000,-7.91943,0.89491
7.70000,-7.78385,0.93286
7.71000,-8.11203,1.25928
7.72000,-7.76464,1.58172
7.73000,-8.04060,1.06975
7.74000,-7.92136,1.64784
7.75000,-7.91196,1.54532
7.76000,-7.81765,1.05977
7.77000,-8.12849,1.47978
7.78000,-7.99704,1.35635
7.79000,-7.87655,1.31514
7.80000,-8.02075,1.65657
7.81000,-7.57353,1.33415
7.82000,-7.76720,1.48554
7.83000,-7.65986,1.64998
7.84000,-7.77796,1.49546
7.85000,-7.75218,1.71759
7.86000,-7.96206,1.60813
7.87000,-8.09652,1.90879
7.88000,-7.58058,2.32715
7.89000,-7.73385,1.75122
7.90000,-7.87300,1.98439
7.91000,-7.81953,2.06965
7.92000,-7.87138,1.99030
7.93000,-7.53719,2.27914
7.94000,-7.83211,2.32590
7.95000,-7.83188,2.41851
7.96000,-7.56809,2.62401
7.97000,-7.58427,2.40855
7.98000,-7.54926,2.50462
7.99000,-7.67680,2.61390
8.00000,-7.98582,2.64362
8.01000,-7.48381,2.39424
8.02000,-7.52576,2.51746
8.03000,-8.08548,2.62754
8.04000,-7.46014,2.78003
8.05000,-7.76088,2.92605
8.06000,-7.52917,2.70993
8.07000,-7.60697,2.60434
8.08000,-7.49762,2.86250
8.09000,-7.29554,3.02069
8.10000,-7.57111,2.92064
8.11000,-7.35786,2.96599
8.12000,-7.47888,2.67305
8.13000,-7.31703,2.86751
8.14000,-7.19375,3.08816
8.15000,-7.51556,3.36908
8.16000,-7.79056,3.11172
8.17000,-7.30560,2.99441
8.18000,-7.53739,3.33868
8.19000,-7.21210,3.25443
8.20000,-7.32401,3.35764
8.21000,-7.34920,3.52519
8.22000,-7.26007,3.46567
8.23000,-7.47946,3.54887
8.24000,-7.26168,3.69902
8.25000,-7.13352,3.60156
8.26000,-6.67464,3.67232
8.27000,-7.09540,3.86085
8.28000,-7.06172,3.87790
8.29000,-7.05236,3.55391
8.30000,-6.82141,3.85030
8.31000,-7.10200,3.77237
8.32000,-6.83821,3.91379
8.33000,-6.80430,3.94334
8.34000,-6.78191,4.06038
8.35000,-6.96910,4.46819
8.36000,-6.77614,3.81278
8.37000,-6.77125,4.07742
8.38000,-6.94432,3.77802
8.39000,-7.00200,4.06338
8.40000,-6.49050,4.38715
8.41000,-6.89889,4.22737
8.42000,-6.94621,4.50813
8.43000,-6.64751,4.00173
8.44000,-7.02320,4.38594
8.45000,-6.63539,4.34969
8.46000,-6.46147,4.71675
8.47000,-6.81446,4.66439
8.48000,-6.79695,4.47897
8.49000,-6.42430,4.56859
8.50000,-6.36075,4.75827
8.51000,-6.44946,4.64425
8.52000,-6.27404,4.83075
8.53000,-6.41940,4.72552
8.54000,-6.52414,4.92055
8.55000,-6.26487,5.26058
8.56000,-6.04715,4.97195
8.57000,-5.98289,5.10564
8.58000,-5.95326,5.06686
8.59000,-6.19013,4.85595
8.60000,-5.78024,5.27506
8.61000,-5.92450,5.19797
8.62000,-6.02671,5.64450
8.63000,-6.06602,5.53404
8.64000,-6.01857,5.01357
8.65000,-5.79816,5.26592
8.66000,-6.12831,5.56256
8.67000,-6.21988,5.35197
8.68000,-5.82861,5.41762
8.69000,-5.86498,5.40042
8.70000,-5.57555,5.68982
8.71000,-5.82569,5.67208
8.72000,-5.72185,5.48984
8.73000,-5.71903,5.57674
8.74000,-5.66773,5.76923
8.75000,-5.67072,5.88709
8.76000,-5.75179,5.92880
8.77000,-5.46720,5.72090
8.78000,-5.24469,5.56105
8.79000,-5.44390,5.93722
8.80000,-5.33490,5.97507
8.81000,-5.31594,5.60479
8.82000,-5.63218,5.84151
8.83000,-5.37351,6.18066
8.84000,-5.20269,6.02496
8.85000,-5.29386,6.03843
8.86000,-5.18557,6.24057
8.87000,-5.29371,6.21869
8.88000,-4.71264,6.03778
8.89000,-4.96421,6.01436
8.90000,-5.43392,5.92974
8.91000,-4.86198,6.08458
8.92000,-4.86009,6.21577
8.93000,-5.03494,6.33851
8.94000,-5.08067,6.40112
8.95000,-4.98509,6.42385
8.96000,-5.00078,6.41562
8.97000,-4.64394,6.37465
8.98000,-4.90227,6.39114
8.99000,-4.94806,6.90247
9.00000,-4.85454,6.51037
9.01000,-4.95475,6.56621
9.02000,-4.75611,6.26590
9.03000,-4.95564,6.46081
9.04000,-4.33694,6.57278
9.05000,-4.66295,6.73655
9.06000,-4.34507,6.57583
9.07000,-4.24576,6.56043
9.08000,-4.28383,6.92879
9.09000,-4.31736,6.28660
9.10000,-4.15183,6.63580
9.11000,-4.18112,6.63507
9.12000,-4.26880,6.44493
9.13000,-4.24594,6.83602
9.14000,-4.08943,6.32678
9.15000,-4.10265,6.53350
9.16000,-4.19253,7.13279
9.17000,-3.93236,6.87124
9.18000,-4.23087,6.63696
9.19000,-4.01445,7.25592
9.20000,-3.82884,6.99947
9.21000,-3.83235,7.15727
9.22000,-3.89941,7.24367
9.23000,-3.71815,7.21414
9.24000,-3.83019,7.22673
9.25000,-3.48850,7.22514
9.26000,-3.62674,7.08407
9.27000,-3.57440,7.37983
9.28000,-3.54591,7.00223
9.29000,-3.52821,7.46816
9.30000,-3.64284,7.07355
9.31000,-3.25690,7.24554
9.32000,-3.49413,7.07813
9.33000,-3.28881,7.46940
9.34000,-2.82383,7.51643
9.35000,-3.21452,7.36409
9.36000,-3.18985,7.51297
9.37000,-3.49963,7.37777
9.38000,-2.88425,7.68249
9.39000,-3.01304,7.54754
9.40000,-3.08270,7.27067
9.41000,-3.11901,7.33106
9.42000,-2.97512,7.46241
9.43000,-2.93243,7.74407
9.44000,-2.73060,7.48502
9.45000,-2.67213,7.91802
9.46000,-2.79696,7.82843
9.47000,-2.86815,7.87216
9.48000,-3.03139,7.34424
9.49000,-2.24408,7.56266
9.50000,-2.66898,7.73946
9.51000,-2.08964,7.67553
9.52000,-2.28396,7.69265
9.53000,-2.59481,7.76017
9.54000,-2.33630,7.82416
9.55000,-2.29336,7.44444
9.56000,-2.30876,7.79533
9.57000,-2.07376,7.87181
9.58000,-2.32151,7.69754
9.59000,-2.03137,7.72526
9.60000,-2.13433,7.62384
9.61000,-1.80683,7.72940
9.62000,-1.85488,8.17076
9.63000,-1.94311,7.70601
9.64000,-1.96925,7.65144
9.65000,-1.83085,8.14353
9.66000,-1.61724,7.81706
9.67000,-1.74792,8.06854
9.68000,-1.63245,7.70170
9.69000,-1.26558,8.05223
9.70000,-2.01254,7.83531
9.71000,-1.43979,8.18379
9.72000,-1.52072,7.59974
9.73000,-1.27571,7.92751
9.74000,-1.70579,8.31132
9.75000,-1.35185,8.09628
9.76000,-0.95179,7.74500
9.77000,-1.47147,7.94258
9.78000,-1.25756,7.62751
9.79000,-0.87039,7.82577
9.80000,-1.44104,7.90508
9.81000,-0.66930,8.19463
9.82000,-0.82759,7.91158
9.83000,-0.48292,7.82590
9.84000,-0.95855,7.81405
9.85000,-0.92896,8.09686
9.86000,-0.84693,8.39203
9.87000,-0.61323,8.06351
9.88000,-0.67281,8.05513
9.89000,-0.55277,7.89356
9.90000,-0.88380,8.50131
9.91000,-0.33216,7.78947
9.92000,-0.56310,8.14753
9.93000,-0.14137,8.13038
9.94000,-0.13911,7.92840
9.95000,-0.52573,7.97969
9.96000,-0.20047,7.71507
9.97000,-0.09834,8.27184
9.98000,-0.39063,8.07078
9.99000,-0.06738,7.88910
10.00000,-0.03032,8.14624
10.01000,0.09629,8.07901
10.02000,-0.01538,7.69774
10.03000,0.49551,8.12232
10.04000,0.30196,8.10055
10.05000,-0.12435,8.07445
10.06000,0.40474,8.06017
10.07000,0.40941,7.89462
10.08000,0.32362,7.93201
10.09000,0.31881,8.34042
10.10000,0.38324,8.13356
10.11000,0.45165,7.80968
10.12000,0.39625,8.07340
10.13000,0.68227,7.98966
10.14000,0.54781,8.41502
10.15000,0.83229,7.91895
10.16000,0.59813,7.78313
10.17000,0.73637,7.66326
10.18000,0.69613,7.75598
10.19000,0.66594,7.89939
10.20000,0.79436,8.13982
10.21000,0.72136,8.05978
10.22000,1.29943,7.67314
10.23000,0.97958,8.09023
10.24000,1.36286,8.07086
10.25000,1.38720,8.03515
10.26000,1.68237,7.86644
10.27000,1.27710,8.24680
10.28000,1.33429,7.90925
10.29000,1.30255,7.83800
10.30000,1.49167,7.99611
10.31000,1.36379,7.77241
10.32000,1.82574,8.13952
10.33000,1.42579,7.72773
10.34000,1.74163,7.79641
10.35000,2.14212,8.09147
10.36000,1.76391,7.75206
10.37000,1.71276,7.97300
10.38000,1.54486,7.89446
10.39000,2.07585,7.57708
10.40000,2.30864,7.64401
10.41000,1.95525,7.94313
10.42000,2.15664,7.64399
10.43000,1.78972,7.83515
10.44000,2.00649,7.63952
10.45000,2.20483,7.44011
10.46000,2.72804,7.77272
10.47000,2.57427,7.60370
10.48000,2.64829,7.76871
10.49000,2.32392,7.47919
10.50000,2.94132,7.53552
10.51000,2.40364,7.46125
10.52000,2.40276,7.39032
10.53000,2.27782,7.82788
10.54000,2.69394,7.52313
10.55000,2.72721,7.31996
10.56000,2.46009,7.74719
10.57000,3.06426,7.36322
10.58000,2.90366,7.45114
10.59000,2.76475,7.58070
10.60000,3.05938,7.45404
10.61000,3.14568,7.37157
10.62000,3.09648,7.38289
10.63000,3.06092,7.53751
10.64000,2.90346,7.42980
10.65000,3.14169,7.41573
10.66000,3.36244,7.34552
10.67000,3.31484,7.21964
10.68000,3.47117,7.36791
10.69000,2.97971,7.03687
10.70000,3.69562,7.23720
10.71000,3.69326,6.88917
10.72000,3.60374,7.01402
10.73000,3.26668,7.24382
10.74000,3.39432,7.20112
10.75000,3.83311,7.21304
10.76000,3.71946,7.29323
10.77000,3.82538,7.19785
10.78000,3.52828,6.86616
10.79000,3.71740,7.31652
10.80000,3.91073,7.22808
10.81000,3.78513,7.33353
10.82000,3.65068,7.13546
10.83000,3.86604,6.60047
10.84000,4.00981,7.05386
10.85000,3.95130,6.94325
10.86000,4.40612,7.26770
10.87000,3.96090,6.96107
10.88000,4.28534,6.78656
10.89000,4.00821,6.67191
10.90000,4.47919,6.57320
10.91000,4.29064,6.91604
10.92000,4.21711,6.24797
10.93000,4.39223,6.42601
10.94000,4.36505,6.69177
10.95000,4.57752,6.53438
10.96000,4.65640,6.61318
10.97000,4.84299,6.65574
10.98000,4.65914,6.25966
10.99000,4.67501,6.64423
11.00000,4.55106,6.52353
11.01000,4.85089,6.22662
11.02000,4.74892,6.59153
11.03000,4.70259,6.63698
11.04000,4.61389,6.33213
11.05000,4.89856,5.90797
11.06000,4.83104,6.52312
11.07000,5.20692,6.50855
11.08000,4.77161,6.37256
11.09000,4.79686,6.25663
11.10000,5.67755,6.25563
11.11000,5.08851,5.93429
11.12000,5.03468,6.29550
11.13000,5.33529,6.25103
11.14000,5.12515,6.24823
11.15000,5.25230,6.24361
11.16000,5.35318,5.87953
11.17000,5.36347,5.94537
11.18000,5.16217,5.68058
11.19000,5.27415,5.49113
11.20000,5.23378,6.05957
11.21000,5.85894,5.65743
11.22000,5.75634,5.74902
11.23000,5.65492,5.78752
11.24000,5.85802,5.74076
11.25000,5.29095,5.69719
11.26000,5.46050,5.83798
11.27000,5.47107,5.62005
11.28000,5.98034,5.63851
11.29000,5.59477,5.22506
11.30000,5.77422,5.75304
11.31000,6.15416,6.03856
11.32000,5.98125,5.57504
11.33000,5.60091,5.12728
11.34000,5.75017,5.47554
11.35000,6.11904,5.04429
11.36000,5.95948,5.00879
11.37000,6.21653,5.13883
11.38000,6.31894,5.61902
11.39000,6.05528,5.25242
11.40000,6.01233,4.84304
11.41000,6.12704,5.08098
11.42000,6.47530,4.87064
11.43000,6.35455,5.04221
11.44000,6.13172,5.09562
11.45000,6.46814,4.54121
11.46000,6.37484,4.88773
11.47000,6.40414,4.87161
11.48000,6.10226,4.58567
11.49000,6.46185,4.60100
11.50000,6.23893,4.96470
11.51000,6.43110,4.78004
11.52000,6.41002,4.76663
11.53000,6.69072,4.41680
11.54000,6.25140,4.43577
11.55000,6.34947,4.38390
11.56000,6.53288,4.55383
11.57000,6.76222,4.35306
11.58000,6.50332,4.58705
11.59000,6.93597,4.11608
11.60000,6.55805,4.13185
11.61000,6.41444,4.42069
11.62000,6.33754,4.17209
11.63000,6.54708,4.04370
11.64000,6.72183,4.19837
11.65000,6.75994,3.88777
11.66000,7.06113,3.95210
11.67000,7.17169,3.87280
11.68000,7.09728,3.84369
11.69000,7.09113,3.80492
11.70000,7.10687,3.90993
11.71000,7.12132,4.00028
11.72000,7.36062,3.93379
11.73000,7.25674,3.45758
11.74000,7.53661,3.54629
11.75000,7.13495,3.72564
11.76000,7.44693,3.49184
11.77000,7.27119,3.56358
11.78000,6.88479,3.26761
11.79000,7.15428,4.04064
11.80000,7.27640,3.65334
11.81000,7.47652,3.60556
11.82000,7.27102,3.27119
11.83000,7.13337,2.99916
11.84000,7.14235,3.25288
11.85000,7.48361,3.42110
11.86000,7.40421,3.15652
11.87000,7.41486,3.01459
11.88000,7.13350,2.94770
11.89000,7.68614,3.18118
11.90000,7.32349,3.03814
11.91000,7.24451,2.81062
11.92000,7.34306,2.96537
11.93000,7.44439,2.99684
11.94000,7.59577,2.76339
11.95000,7.64978,2.56482
11.96000,7.85240,2.67926
11.97000,7.51322,2.56038
11.98000,7.73316,2.64022
11.99000,7.65747,2.77828
12.00000,7.44246,2.47819
12.01000,7.70223,2.47641
12.02000,7.62781,2.42836
12.03000,8.03310,2.12757
12.04000,7.26287,2.56906
12.05000,7.58358,2.12226
12.06000,7.09139,2.33421
12.07000,8.17583,2.34628
12.08000,8.08193,2.51028
12.09000,7.78340,1.78905
12.10000,8.08074,1.90478
12.11000,7.30848,1.84047
12.12000,7.78314,1.83938
12.13000,7.86960,1.93772
12.14000,7.72539,1.60598
12.15000,7.74535,1.69306
12.16000,7.85955,1.93134
12.17000,7.61385,1.59056
12.18000,7.96558,1.69636
12.19000,7.95092,1.84578
12.20000,7.77411,1.45680
12.21000,7.80087,1.08897
12.22000,7.75805,1.36333
12.23000,8.19108,1.52562
12.24000,7.75052,1.03586
12.25000,8.01162,1.32052
12.26000,7.78728,1.41297
12.27000,7.87619,1.20176
12.28000,7.94458,1.22111
12.29000,7.74482,1.08779
12.30000,8.05440,1.21655
12.31000,8.11258,0.90937
12.32000,7.80518,1.13919
12.33000,7.76535,0.95264
12.34000,8.05126,0.68558
12.35000,7.66015,0.88712
12.36000,7.95946,0.74920
12.37000,7.44068,0.81209
12.38000,8.00972,0.71037
12.39000,8.02129,0.61037
12.40000,8.10421,0.36256
12.41000,8.05349,0.57556
12.42000,7.84394,0.39347
12.43000,7.97645,0.11952
12.44000,8.09527,0.30340
12.45000,8.33962,0.26142
12.46000,7.99597,-0.09309
12.47000,8.39087,0.06129
12.48000,8.23535,0.08427
12.49000,7.79971,0.33157
12.50000,8.07897,-0.07503
12.51000,8.06313,-0.22566
12.52000,7.94109,0.18610
12.53000,8.20939,0.08902
12.54000,7.72151,0.16269
12.55000,7.90831,0.09644
12.56000,7.93442,-0.46666
12.57000,8.21619,-0.58901
12.58000,7.83789,-0.49215
12.59000,8.34434,-0.35805
12.60000,7.84879,-0.23135
12.61000,8.00925,-0.31199
12.62000,8.13272,-0.59410
12.63000,8.01087,-0.66890
12.64000,8.25613,-0.89324
12.65000,7.81096,-0.57711
12.66000,7.88990,-0.96268
12.67000,7.78850,-0.78596
12.68000,7.76600,-0.39191
12.69000,7.84697,-1.04709
12.70000,7.70357,-0.81350
12.71000,8.31620,-1.05251
12.72000,7.96707,-0.87837
12.73000,7.97738,-0.94602
12.74000,7.98829,-1.17766
12.75000,7.83608,-1.60888
12.76000,8.02455,-1.35690
12.77000,7.48952,-1.04591
12.78000,8.12441,-1.21192
12.79000,7.63611,-1.53726
12.80000,7.96526,-1.63475
12.81000,7.86933,-1.67488
12.82000,8.23587,-1.51229
12.83000,8.10395,-1.81387
12.84000,7.91572,-1.59432
12.85000,7.97740,-1.65781
12.86000,7.68006,-1.62118
12.87000,7.77866,-1.94247
12.88000,7.79017,-1.88092
12.89000,7.57964,-2.12645
12.90000,7.83434,-2.39753
12.91000,7.89298,-2.20144
12.92000,7.57310,-2.23740
12.93000,7.84369,-1.95606
12.94000,7.31410,-2.05188
12.95000,7.58566,-2.22069
12.96000,7.80146,-2.33185
12.97000,7.60301,-2.20242
12.98000,7.58635,-2.15569
12.99000,7.65300,-2.69619
13.00000,7.95161,-2.55086
13.01000,7.63598,-2.41597
13.02000,7.52152,-2.50228
13.03000,7.34761,-2.78025
13.04000,7.23127,-2.50575
13.05000,7.49295,-2.60386
13.06000,7.69493,-2.70177
13.07000,7.60222,-2.99146
13.08000,7.58497,-3.05534
13.09000,7.41578,-2.87605
13.10000,7.63524,-3.01216
13.11000,7.52032,-2.98968
13.12000,7.52585,-2.93239
13.13000,7.23075,-2.88980
13.14000,7.28054,-2.95731
13.15000,7.47673,-3.29920
13.16000,7.47265,-3.27753
13.17000,7.23897,-3.29619
13.18000,7.61511,-3.49993
13.19000,7.28140,-3.66220
13.20000,6.91937,-3.50452
13.21000,7.11987,-3.44015
13.22000,7.32837,-3.33158
13.23000,7.23617,-3.48146
13.24000,7.23180,-3.61912
13.25000,7.15612,-3.66155
13.26000,7.15235,-3.68357
13.27000,6.92881,-3.83518
13.28000,7.04602,-3.81002
13.29000,7.12130,-3.67683
13.30000,7.05068,-3.84388
13.31000,6.90263,-3.66095
13.32000,7.12927,-4.02897
13.33000,7.04525,-4.00879
13.34000,6.82015,-4.09890
13.35000,6.71986,-4.14852
13.36000,6.85133,-3.88041
13.37000,6.76918,-4.37227
13.38000,6.85821,-3.93897
13.39000,6.44833,-4.26831
13.40000,6.75050,-4.34893
13.41000,6.52924,-4.13206
13.42000,6.88034,-4.46478
13.43000,6.26336,-4.50204
13.44000,6.25046,-4.32053
13.45000,6.48797,-4.46167
13.46000,6.43152,-4.50346
13.47000,6.39230,-4.69380
13.48000,6.39966,-4.48821
13.49000,6.22382,-3.99737
13.50000,6.40370,-4.62151
13.51000,6.42598,-4.70521
13.52000,6.31608,-4.40359
13.53000,6.50427,-4.45011
13.54000,6.23884,-4.59219
13.55000,6.49714,-4.73021
13.56000,6.52111,-5.03114
13.57000,6.31604,-4.93968
13.58000,6.10325,-4.87208
13.59000,6.29513,-5.05345
13.60000,6.32716,-4.97460
13.61000,6.06040,-5.18166
13.62000,6.16488,-5.22047
13.63000,6.30474,-5.11589
13.64000,5.68133,-5.05313
13.65000,5.72812,-5.36414
13.66000,5.84684,-5.03804
13.67000,5.74208,-5.28294
13.68000,5.98539,-5.14866
13.69000,5.93953,-5.79547
13.70000,5.89176,-5.60358
13.71000,5.58003,-5.44177
13.72000,5.77647,-5.39634
13.73000,5.44652,-5.51548
13.74000,5.87534,-5.92408
13.75000,5.86034,-5.80032
13.76000,5.59457,-5.80375
13.77000,5.33377,-5.57332
13.78000,5.69733,-6.00438
13.79000,5.50744,-5.65584
13.80000,5.62371,-5.68837
13.81000,5.27436,-5.78223
13.82000,5.06653,-6.08505
13.83000,5.42319,-5.98135
13.84000,5.07045,-6.12055
13.85000,5.37268,-6.35972
13.86000,5.55268,-5.83031
13.87000,5.08805,-6.12403
13.88000,5.06462,-5.78996
13.89000,4.90194,-6.15362
13.90000,4.96847,-6.02198
13.91000,4.82466,-5.97478
13.92000,4.65742,-6.17907
13.93000,4.60602,-6.31839
13.94000,4.81258,-6.21336
13.95000,4.92206,-6.36207
13.96000,5.14330,-6.09026
13.97000,4.65762,-6.07437
13.98000,4.74314,-6.42955
13.99000,4.73237,-6.53802
14.00000,4.76714,-6.23350
14.01000,4.71148,-6.47036
14.02000,4.65501,-6.44130
14.03000,4.34853,-6.71756
14.04000,4.36633,-6.69603
14.05000,4.64559,-6.82668
14.06000,4.12467,-6.39223
14.07000,4.57028,-6.70277
14.08000,4.19697,-6.44816
14.09000,4.08672,-6.76944
14.10000,4.22130,-6.38837
14.11000,4.24136,-6.67292
14.12000,4.31035,-6.94477
14.13000,4.05554,-6.71032
14.14000,4.25461,-7.04445
14.15000,4.09192,-6.77034
14.16000,3.91616,-7.06297
14.17000,3.95981,-6.85968
14.18000,4.00005,-7.18693
14.19000,3.58699,-6.80437
14.20000,3.67946,-6.83449
14.21000,3.62648,-6.91551
14.22000,3.95465,-7.03678
14.23000,3.66858,-6.89753
14.24000,3.44232,-6.81916
14.25000,3.42012,-7.08878
14.26000,3.58995,-7.17479
14.27000,3.48785,-7.17014
14.28000,3.36390,-7.32858
14.29000,3.31091,-7.35084
14.30000,3.55290,-7.45462
14.31000,3.26334,-7.10141
14.32000,3.24277,-7.18061
14.33000,3.34005,-6.98903
14.34000,3.38418,-7.27231
14.35000,3.18572,-7.52763
14.36000,3.18320,-7.33803
14.37000,3.43709,-7.34773
14.38000,3.02501,-7.27962
14.39000,2.90309,-7.55297
14.40000,2.96700,-7.47081
14.41000,2.56451,-7.57071
14.42000,3.16501,-7.57918
14.43000,2.94387,-7.37704
14.44000,2.52306,-7.44260
14.45000,2.74577,-7.47597
14.46000,2.61278,-7.90475
14.47000,2.61424,-7.52594
14.48000,2.81613,-7.45919
14.49000,2.23132,-7.31924
14.50000,2.13468,-7.76654
14.51000,2.10151,-7.49265
14.52000,2.37967,-7.52898
14.53000,2.09387,-7.77797
14.54000,2.67656,-7.76793
14.55000,2.07980,-7.42984
14.56000,1.86127,-7.66733
14.57000,1.95789,-7.80748
14.58000,2.14636,-7.67548
14.59000,2.11783,-7.85370
14.60000,2.11571,-7.98830
14.61000,2.52344,-7.75092
14.62000,1.82955,-7.74478
14.63000,1.64177,-7.77504
14.64000,1.63789,-8.09573
14.65000,1.79019,-8.10559
14.66000,1.64401,-7.84859
14.67000,1.15849,-7.43276
14.68000,1.38174,-8.03759
14.69000,1.48845,-8.12798
14.70000,1.52979,-7.60439
14.71000,1.59437,-7.88167
14.72000,1.33268,-7.58901
14.73000,1.35448,-7.89987
14.74000,1.17674,-8.16918
14.75000,1.10143,-7.80819
14.76000,1.21713,-7.95441
14.77000,1.14951,-8.23866
14.78000,1.21097,-7.83880
14.79000,0.88035,-7.85838
14.80000,1.07682,-8.04642
14.81000,0.97824,-8.10226
14.82000,1.22059,-7.91603
14.83000,0.67878,-7.77020
14.84000,0.95973,-8.25868
14.85000,0.96969,-8.06103
14.86000,0.77411,-7.98726
14.87000,0.63210,-7.88892
14.88000,0.67557,-8.07354
14.89000,0.45383,-7.86381
14.90000,0.91114,-7.93493
14.91000,0.72586,-8.00487
14.92000,0.70435,-8.08052
14.93000,0.23328,-7.89870
14.94000,0.32430,-7.89853
14.95000,0.48553,-7.89217
14.96000,0.00708,-8.10543
14.97000,0.27956,-7.87274
14.98000,0.20129,-7.60806
14.99000,-0.08947,-7.87876
15.00000,-0.14943,-7.73008
15.01000,-0.20402,-8.06649
15.02000,-0.03119,-7.89949
15.03000,-0.26168,-8.10599
15.04000,-0.63970,-8.10420
15.05000,-0.21188,-7.95161
15.06000,-0.35310,-8.08307
15.07000,-0.25032,-7.81772
15.08000,-0.58305,-7.86252
15.09000,-0.45024,-7.91099
15.10000,-0.79440,-7.66605
15.11000,-0.54159,-7.86953
15.12000,-0.50289,-8.00628
15.13000,-0.40352,-7.85825
15.14000,-0.61474,-7.84176
15.15000,-0.99924,-7.99227
15.16000,-0.75613,-8.19735
15.17000,-1.05708,-7.89958
15.18000,-0.81533,-8.07782
15.19000,-0.66101,-8.23970
15.20000,-1.13278,-8.19470
15.21000,-1.09883,-8.30307
15.22000,-1.36527,-8.01202
15.23000,-1.00380,-8.21501
15.24000,-1.29270,-8.01374
15.25000,-0.93362,-7.91141
15.26000,-1.39088,-7.81384
15.27000,-1.30624,-7.83730
15.28000,-1.50631,-8.04992
15.29000,-1.41746,-7.81159
15.30000,-1.33620,-7.87763
15.31000,-1.51314,-7.85283
15.32000,-1.86367,-8.05364
15.33000,-1.68448,-7.96399
15.34000,-1.68252,-7.82048
15.35000,-1.83169,-7.67809
15.36000,-1.80547,-7.38255
15.37000,-1.97807,-7.93502
15.38000,-1.77363,-7.84406
15.39000,-2.00833,-7.49600
15.40000,-1.94132,-8.10468
15.41000,-2.23916,-8.07104
15.42000,-1.98782,-7.88608
15.43000,-2.19906,-7.64562
15.44000,-2.42342,-7.49832
15.45000,-2.52203,-8.05622
15.46000,-2.32982,-7.97200
15.47000,-2.12715,-7.82496
15.48000,-2.09087,-7.57495
15.49000,-2.60268,-7.73547
15.50000,-2.10236,-7.36364
15.51000,-2.43540,-7.43592
15.52000,-2.39453,-7.23578
15.53000,-2.62319,-7.86206
15.54000,-2.65371,-7.52354
15.55000,-2.54601,-7.47703
15.56000,-2.98604,-7.41352
15.57000,-2.86523,-7.54832
15.58000,-2.86800,-7.40049
15.59000,-2.98300,-7.17810
15.60000,-2.75826,-7.76608
15.61000,-3.07599,-7.43717
15.62000,-3.44621,-7.79923
15.63000,-3.10239,-7.11081
15.64000,-2.80231,-7.25030
15.65000,-3.33512,-7.29816
15.66000,-3.20787,-7.45588
15.67000,-3.13146,-7.14633
15.68000,-3.21841,-7.15823
15.69000,-3.26477,-7.37851
15.70000,-3.68765,-7.22473
15.71000,-3.62182,-7.02298
15.72000,-3.96882,-7.13222
15.73000,-3.54987,-7.36742
15.74000,-3.42916,-7.14182
15.75000,-3.65086,-7.12828
15.76000,-3.46948,-7.30986
15.77000,-3.78102,-7.09093
15.78000,-3.90171,-7.01283
15.79000,-3.65833,-7.18664
15.80000,-3.56986,-6.66714
15.81000,-3.68212,-6.95807
15.82000,-3.84577,-6.81237
15.83000,-4.13398,-6.63500
15.84000,-4.30542,-6.73064
15.85000,-4.13482,-6.86053
15.86000,-3.92202,-6.74615
15.87000,-4.09977,-6.99723
15.88000,-4.41149,-6.76655
15.89000,-4.55321,-7.02367
15.90000,-4.24584,-6.82443
15.91000,-4.07450,-6.72578
15.92000,-4.43502,-6.72600
15.93000,-4.41758,-6.60510
15.94000,-4.61728,-6.41382
15.95000,-4.14187,-6.59634
15.96000,-4.49945,-6.89916
15.97000,-4.22368,-6.88554
15.98000,-4.72946,-6.65468
15.99000,-4.67703,-6.27804
16.00000,-4.63909,-6.78686
16.01000,-4.77914,-6.26950
16.02000,-5.11113,-6.38724
16.03000,-4.88748,-6.47056
16.04000,-5.01588,-6.29557
16.05000,-4.91177,-6.32847
16.06000,-4.87357,-6.46146
16.07000,-4.87333,-6.16464
16.08000,-5.08941,-6.40337
16.09000,-5.12519,-5.95269
16.10000,-5.04420,-6.08735
16.11000,-5.04124,-6.06861
16.12000,-5.01155,-6.22570
16.13000,-5.07764,-6.13226
16.14000,-5.57811,-6.03511
16.15000,-5.44247,-5.77929
16.16000,-5.63268,-6.02066
16.17000,-5.41957,-6.07632
16.18000,-5.77228,-6.07389
16.19000,-5.39105,-6.12723
16.20000,-5.66320,-5.76795
16.21000,-5.47070,-5.91642
16.22000,-5.58322,-5.56985
16.23000,-5.61647,-5.74101
16.24000,-5.42036,-6.01103
16.25000,-5.58480,-5.84230
16.26000,-5.55384,-5.77735
16.27000,-5.88318,-5.95443
16.28000,-6.07524,-5.59027
16.29000,-5.57513,-5.36002
16.30000,-5.48185,-5.41351
16.31000,-5.90289,-5.38534
16.32000,-6.03722,-5.38191
16.33000,-6.07409,-5.34264
16.34000,-6.41530,-5.36208
16.35000,-6.07405,-5.06129
16.36000,-6.01413,-5.30378
16.37000,-6.35478,-5.20223
16.38000,-6.09059,-5.08263
16.39000,-5.96693,-5.11567
16.40000,-6.43380,-5.01774
16.41000,-6.11227,-5.12490
16.42000,-6.23171,-5.21647
16.43000,-6.25595,-4.72534
16.44000,-6.39336,-4.87968
16.45000,-6.05419,-5.25602
16.46000,-6.39393,-4.90120
16.47000,-6.51178,-4.30672
16.48000,-6.50364,-4.46783
16.49000,-6.46223,-4.97715
16.50000,-6.49687,-4.95124
16.51000,-6.32773,-4.57432
16.52000,-6.53228,-4.55240
16.53000,-6.62291,-4.45289
16.54000,-6.32167,-4.58035
16.55000,-6.14208,-4.52198
16.56000,-6.91261,-4.46532
16.57000,-6.97062,-4.35931
16.58000,-6.41860,-4.14217
16.59000,-6.68540,-4.49395
16.60000,-6.87594,-4.28334
16.61000,-6.88872,-4.09134
16.62000,-6.63179,-4.35657
16.63000,-6.81084,-4.32438
16.64000,-6.80098,-4.34395
16.65000,-7.08306,-3.94484
16.66000,-7.13779,-3.84434
16.67000,-7.17871,-4.03155
16.68000,-6.82654,-4.09186
16.69000,-7.19076,-3.82421
16.70000,-7.03188,-3.82687
16.71000,-6.97817,-3.97065
16.72000,-6.84565,-3.67654
16.73000,-7.09469,-3.82934
16.74000,-7.33525,-3.72267
16.75000,-7.10001,-3.62734
16.76000,-7.15700,-3.54492
16.77000,-7.09426,-3.60270
16.78000,-7.14785,-3.67028
16.79000,-6.95614,-3.20325
16.80000,-7.06103,-3.45765
16.81000,-6.94302,-3.03078
16.82000,-7.20088,-3.22182
16.83000,-7.40037,-3.49146
16.84000,-7.13670,-3.38272
16.85000,-7.03675,-3.23322
16.86000,-7.28014,-3.18962
16.87000,-7.63963,-3.07853
16.88000,-7.55756,-2.97814
16.89000,-7.24404,-3.19528
16.90000,-7.85850,-3.09086
16.91000,-7.40363,-2.65361
16.92000,-7.31704,-2.87182
16.93000,-7.72901,-2.98328
16.94000,-7.33780,-2.44504
16.95000,-7.27053,-2.60263
16.96000,-7.65489,-2.74027
16.97000,-7.51155,-2.64539
16.98000,-7.49209,-2.41811
16.99000,-7.64514,-2.64900
17.00000,-7.52885,-2.02722
17.01000,-7.55771,-2.40924
17.02000,-7.53152,-2.41286
17.03000,-7.76834,-2.44414
17.04000,-7.72263,-2.20254
17.05000,-7.97669,-2.52761
17.06000,-7.57594,-2.05466
17.07000,-7.92058,-2.32902
17.08000,-7.57754,-2.10091
17.09000,-7.80637,-1.98357
17.10000,-7.62359,-2.05942
17.11000,-7.78950,-2.23230
17.12000,-7.75977,-1.75992
17.13000,-7.69367,-1.67672
17.14000,-7.85500,-1.57534
17.15000,-7.56909,-1.80345
17.16000,-7.80202,-1.67537
17.17000,-7.93866,-1.60525
17.18000,-7.74955,-1.64594
17.19000,-7.73248,-1.25843
17.20000,-8.26334,-1.23779
17.21000,-7.97797,-1.48856
17.22000,-8.00563,-1.67984
17.23000,-7.77195,-1.44345
17.24000,-7.91968,-1.50007
17.25000,-7.88008,-1.11830
17.26000,-8.07802,-1.09176
17.27000,-8.00482,-1.25309
17.28000,-8.26427,-1.44668
17.29000,-8.15571,-1.21571
17.30000,-7.89982,-1.11039
17.31000,-7.77266,-1.04452
17.32000,-8.12174,-1.09881
17.33000,-8.24397,-0.43089
17.34000,-7.81749,-0.90639
17.35000,-8.17780,-1.07389
17.36000,-8.03753,-0.72858
17.37000,-7.69113,-0.51794
17.38000,-7.93010,-0.41906
17.39000,-7.98131,-0.30829
17.40000,-8.29722,-0.24576
17.41000,-8.20224,-0.57953
17.42000,-7.65656,-0.60449
17.43000,-7.97562,-0.18299
17.44000,-7.70922,-0.45335
17.45000,-7.96775,-0.32615
17.46000,-7.97822,0.12194
17.47000,-8.14434,-0.02985
17.48000,-8.13675,0.12140
17.49000,-7.98030,-0.07868
17.50000,-7.90144,0.00834
17.51000,-8.07767,0.09647
17.52000,-7.75384,0.18631
17.53000,-7.77620,-0.05071
17.54000,-7.96762,-0.03992
17.55000,-7.82847,0.20572
17.56000,-7.96482,0.78658
17.57000,-7.72939,0.42173
17.58000,-7.97293,0.50799
17.59000,-7.83584,0.63314
17.60000,-7.92113,0.18489
17.61000,-8.11491,0.46868
17.62000,-7.92792,0.40332
17.63000,-8.00904,0.53917
17.64000,-8.07452,0.60515
17.65000,-8.01942,0.88289
17.66000,-7.87112,0.87321
17.67000,-8.06608,1.16647
17.68000,-7.86816,0.89649
17.69000,-7.82927,0.80122
17.70000,-7.96915,0.81064
17.71000,-7.77638,0.94063
17.72000,-7.69775,1.16907
17.73000,-7.84794,1.10897
17.74000,-8.14729,1.22519
17.75000,-7.92392,1.41104
17.76000,-7.71262,1.73909
17.77000,-7.29820,1.37656
17.78000,-7.80368,1.28474
17.79000,-8.06996,1.65011
17.80000,-7.77237,1.23279
17.81000,-7.92966,1.39265
17.82000,-8.04012,1.60910
17.83000,-7.69019,1.50957
17.84000,-7.69090,1.42399
17.85000,-7.71708,1.73333
17.86000,-7.60703,1.30245
17.87000,-7.69552,2.01279
17.88000,-7.80620,2.31026
17.89000,-7.69614,1.98343
17.90000,-7.69463,1.99672
17.91000,-7.65494,2.02630
17.92000,-7.81999,2.01215
17.93000,-7.53162,1.97392
17.94000,-7.87614,2.09116
17.95000,-8.20871,2.42915
17.96000,-7.82434,2.49222
17.97000,-7.78229,1.76711
17.98000,-7.64599,2.85006
17.99000,-7.80971,2.72341
18.00000,-7.76421,2.86304
18.01000,-7.42493,2.60185
18.02000,-7.47398,2.77950
18.03000,-7.45802,3.03327
18.04000,-7.31679,2.66495
18.05000,-7.65621,2.64408
18.06000,-7.67321,2.68358
18.07000,-7.50644,2.84836
18.08000,-7.33328,2.88627
18.09000,-7.60068,2.88249
18.10000,-7.43967,3.04933
18.11000,-7.51038,2.92936
18.12000,-7.46682,2.89048
18.13000,-7.04545,3.20175
18.14000,-7.20521,3.28562
18.15000,-7.24964,3.19685
18.16000,-6.99435,3.32159
18.17000,-7.36962,3.14432
18.18000,-7.34582,3.04192
18.19000,-7.09396,3.53264
18.20000,-7.40779,3.63639
18.21000,-7.58496,3.40514
18.22000,-7.04019,3.42478
18.23000,-7.39154,3.80243
18.24000,-7.31499,3.58513
18.25000,-7.33536,3.60376
18.26000,-6.97485,3.94872
18.27000,-7.14644,3.70940
18.28000,-7.04468,3.97585
18.29000,-6.75968,3.76052
18.30000,-7.25049,4.10467
18.31000,-6.82508,3.60646
18.32000,-6.82632,3.81478
18.33000,-7.02718,3.63790
18.34000,-7.15370,3.76853
18.35000,-6.53327,4.31749
18.36000,-6.54534,4.22279
18.37000,-6.69389,4.23753
18.38000,-6.94597,4.09126
18.39000,-6.74051,4.02669
18.40000,-6.62881,4.34435
18.41000,-6.95579,4.24606
18.42000,-6.43515,4.29604
18.43000,-6.54166,4.27295
18.44000,-6.40511,4.46572
18.45000,-6.58809,4.57830
18.46000,-6.50219,4.71343
18.47000,-6.62587,4.51334
18.48000,-6.44746,4.65017
18.49000,-6.45746,4.72579
18.50000,-6.57806,4.77565
18.51000,-6.41609,4.86965
18.52000,-6.14063,4.95563
18.53000,-6.44400,4.81560
18.54000,-6.51489,4.86869
18.55000,-5.99877,4.84398
18.56000,-6.61224,4.93127
18.57000,-6.18241,5.27381
18.58000,-5.97157,4.96235
18.59000,-6.20374,4.81574
18.60000,-5.79413,4.99842
18.61000,-6.05654,4.91573
18.62000,-5.79730,5.20304
18.63000,-5.79542,5.10943
18.64000,-6.13095,5.22307
18.65000,-5.99225,5.48156
18.66000,-6.05737,5.15913
18.67000,-5.99834,5.62478
18.68000,-5.99371,5.36131
18.69000,-5.92642,5.43675
18.70000,-5.95453,5.91407
18.71000,-5.42817,5.61706
18.72000,-5.79916,5.36475
18.73000,-5.84737,5.46006
18.74000,-5.61261,5.66849
18.75000,-5.77258,5.70562
18.76000,-5.66737,5.36147
18.77000,-6.02433,5.80282
18.78000,-5.64348,5.76596
18.79000,-5.34341,5.91301
18.80000,-5.54369,6.06600
18.81000,-5.61448,5.80992
18.82000,-5.23725,6.09285
18.83000,-5.53842,6.00993
18.84000,-5.44227,6.04167
18.85000,-5.03902,6.27465
18.86000,-5.05030,5.78550
18.87000,-5.42326,6.27765
18.88000,-5.44623,6.09341
18.89000,-5.12587,6.02320
18.90000,-5.31869,6.27921
18.91000,-4.93605,5.95496
18.92000,-4.64665,6.35647
18.93000,-4.76164,6.19486
18.94000,-4.98848,6.10637
18.95000,-4.91201,6.06080
18.96000,-5.06141,6.05763
18.97000,-4.99416,6.26758
18.98000,-4.82243,6.36718
18.99000,-4.71440,6.10706
19.00000,-4.49707,6.66218
19.01000,-4.85315,6.65703
19.02000,-4.28271,6.83701
19.03000,-4.44570,6.47300
19.04000,-4.48460,6.62346
19.05000,-4.60869,6.55847
19.06000,-4.14443,6.33640
19.07000,-4.63769,6.49656
19.08000,-4.70061,6.82255
19.09000,-4.30059,6.42133
19.10000,-4.57446,6.76704
19.11000,-3.83255,6.39456
19.12000,-4.09503,6.87964
19.13000,-4.04356,6.84464
19.14000,-4.06616,6.83127
19.15000,-3.76910,6.75968
19.16000,-4.33237,6.89625
19.17000,-4.10377,7.15555
19.18000,-4.13296,6.76984
19.19000,-3.92350,6.90475
19.20000,-3.71750,6.97381
19.21000,-3.88979,7.12535
19.22000,-3.85862,7.11721
19.23000,-3.89391,7.02970
19.24000,-3.69687,7.31926
19.25000,-3.75018,7.33850
19.26000,-3.43463,7.01589
19.27000,-3.58320,7.17646
19.28000,-3.59135,7.22605
19.29000,-3.40086,7.55812
19.30000,-3.28489,7.23147
19.31000,-3.06975,7.27463
19.32000,-3.44877,7.18335
19.33000,-3.07444,7.07733
19.34000,-3.26857,7.24022
19.35000,-2.85040,7.26524
19.36000,-3.20927,7.40881
19.37000,-3.47325,7.37122
19.38000,-3.04132,7.55442
19.39000,-2.98426,7.70228
19.40000,-2.91380,7.55054
19.41000,-2.93313,7.55160
19.42000,-2.86428,7.67483
19.43000,-2.87151,7.56527
19.44000,-2.98278,7.43426
19.45000,-2.84608,7.30520
19.46000,-2.40685,7.37838
19.47000,-2.58380,7.48222
19.48000,-2.50840,7.56845
19.49000,-2.66581,7.11029
19.50000,-2.91748,7.93034
19.51000,-2.36103,7.72189
19.52000,-2.58109,7.68847
19.53000,-2.35913,7.66328
19.54000,-2.70782,7.70040
19.55000,-2.23440,7.83307
19.56000,-2.47714,7.51599
19.57000,-2.59333,7.87077
19.58000,-2.15281,7.29980
19.59000,-2.06436,7.80733
19.60000,-1.87916,7.64530
19.61000,-2.13799,7.75195
19.62000,-1.85304,7.75843
19.63000,-2.43685,7.99329
19.64000,-1.51963,7.66752
19.65000,-1.84627,7.66141
19.66000,-1.55906,7.77089
19.67000,-1.36726,7.79758
19.68000,-1.26810,8.04321
19.69000,-1.43535,7.94730
19.70000,-1.54218,7.99814
19.71000,-1.43004,8.12152
19.72000,-1.16142,7.49997
19.73000,-1.46153,7.86640
19.74000,-1.36721,7.91332
19.75000,-1.32142,7.96697
19.76000,-1.35523,7.62653
19.77000,-1.03431,8.00593
19.78000,-1.39062,7.97740
19.79000,-1.18365,7.76814
19.80000,-0.80514,7.93368
19.81000,-1.08230,7.91052
19.82000,-0.93154,7.97963
19.83000,-0.84505,7.56114
19.84000,-0.50121,7.84469
19.85000,-0.63936,7.98600
19.86000,-0.92997,8.07566
19.87000,-0.76468,7.88667
19.88000,-0.67472,8.02903
19.89000,-0.65224,8.15204
19.90000,-0.11244,7.68618
19.91000,-0.29719,8.14073
19.92000,-0.45788,7.92838
19.93000,-0.50494,7.86190
19.94000,-0.34761,8.30219
19.95000,-0.24396,7.85998
19.96000,-0.01406,8.04897
19.97000,0.05242,7.91707
19.98000,0.33703,7.93728
19.99000,0.08826,8.15655
20.00000,-0.02224,8.20056
20.01000,-0.22038,8.02383
20.02000,0.16830,7.84350
20.03000,0.10014,7.64900
20.04000,0.54168,8.38933
20.05000,0.25922,8.06509
20.06000,0.46871,7.70224
20.07000,0.41610,7.93174
20.08000,0.32702,8.12788
20.09000,0.30596,7.91810
20.10000,0.54206,8.53297
20.11000,0.67200,8.02416
20.12000,0.52181,8.36707
20.13000,0.36927,7.95027
20.14000,0.51261,7.92508
20.15000,0.96068,7.95050
20.16000,0.66381,8.00684
20.17000,0.75843,8.08426
20.18000,1.06006,8.08707
20.19000,0.94914,7.83267
20.20000,1.08119,8.11399
20.21000,0.91951,7.79254
20.22000,1.04572,8.12234
20.23000,1.26365,7.80174
20.24000,0.76837,7.84976
20.25000,1.19921,7.99105
20.26000,1.40192,7.63991
20.27000,1.59726,7.70572
20.28000,1.65175,7.85720
20.29000,1.37449,7.86827
20.30000,1.45545,7.77220
20.31000,1.75302,7.92987
20.32000,1.68275,7.76801
20.33000,1.50449,7.74820
20.34000,1.61841,7.51095
20.35000,1.73447,7.74727
20.36000,1.45477,7.54146
20.37000,1.69138,7.84678
20.38000,1.66686,7.78215
20.39000,1.87241,7.89714
20.40000,2.03021,7.64967
20.41000,1.94196,7.67930
20.42000,1.96585,7.88666
20.43000,2.28811,7.94189
20.44000,2.48301,7.50737
20.45000,2.24448,7.43713
20.46000,2.38786,7.84272
20.47000,2.31254,7.83639
20.48000,2.40871,7.77553
20.49000,2.31713,7.59801
20.50000,2.83776,7.51488
20.51000,2.52016,7.19182
20.52000,2.97130,7.64676
20.53000,2.31055,7.64590
20.54000,2.51726,7.27399
20.55000,2.94731,7.35673
20.56000,2.53840,7.91947
20.57000,2.78220,7.35070
20.58000,3.23265,7.70295
20.59000,2.93766,7.46005
20.60000,2.81073,7.39521
20.61000,2.76269,7.23131
20.62000,3.04812,7.42824
20.63000,2.99566,7.46477
20.64000,3.01516,7.74636
20.65000,3.26688,7.20768
20.66000,3.57196,7.30980
20.67000,3.05291,7.50948
20.68000,3.46588,7.45306
20.69000,3.44276,7.10209
20.70000,3.40585,7.31438
20.71000,3.54663,7.43865
20.72000,3.62761,6.95920
20.73000,3.43746,7.25421
20.74000,3.95476,6.76442
20.75000,3.58108,7.16841
20.76000,3.77901,7.05402
20.77000,3.69262,7.05971
20.78000,3.67171,7.12032
20.79000,4.43883,7.35794
20.80000,4.14994,7.26419
20.81000,4.03555,7.18929
20.82000,3.93361,7.07205
20.83000,3.67975,6.70687
20.84000,4.08643,7.08879
20.85000,4.00471,6.85851
20.86000,3.98277,6.75020
20.87000,4.37200,7.15848
20.88000,4.34427,6.63767
20.89000,4.10492,6.67990
20.90000,4.24658,7.06006
20.91000,4.51875,6.70265
20.92000,4.52755,6.99095
20.93000,4.52858,6.66741
20.94000,4.41039,6.46711
20.95000,4.57412,6.52945
20.96000,4.26357,6.40818
20.97000,4.69072,6.67570
20.98000,4.70915,6.53672
20.99000,4.51732,6.20424
21.00000,4.40809,6.28669
21.01000,5.02938,6.42206
21.02000,4.51963,6.34484
21.03000,4.71534,5.91431
21.04000,4.80595,5.90181
21.05000,4.83574,6.18318
21.06000,5.26039,6.10233
21.07000,5.04358,6.52714
21.08000,5.08056,6.13636
21.09000,5.02400,6.24200
21.10000,5.31053,6.18457
21.11000,5.34151,6.05808
21.12000,5.33518,6.20519
21.13000,5.31772,6.12567
21.14000,5.41202,6.10003
21.15000,4.91257,6.14746
21.16000,5.79477,5.55783
21.17000,5.39072,5.92485
21.18000,5.29355,5.45504
21.19000,5.29682,5.90533
21.20000,5.30448,6.14970
21.21000,5.78397,5.99347
21.22000,5.76418,5.62927
21.23000,5.75473,6.24222
21.24000,5.64740,5.67382
21.25000,6.10715,5.66894
21.26000,5.89049,5.50416
21.27000,6.03584,5.43825
21.28000,5.52290,5.34791
21.29000,5.68235,5.21482
21.30000,6.24642,5.51897
21.31000,5.89358,5.32839
21.32000,5.74682,5.57990
21.33000,6.12188,5.29626
21.34000,5.82397,5.54534
21.35000,6.05048,5.37103
21.36000,6.22191,4.89174
21.37000,6.09961,5.50279
21.38000,6.05548,5.37668
21.39000,6.16070,4.88849
21.40000,5.81836,5.23891
21.41000,6.32748,4.83283
21.42000,5.88346,5.05022
21.43000,6.11023,5.42094
21.44000,6.33307,4.86538
21.45000,6.54595,4.98902
21.46000,6.28366,4.99070
21.47000,6.37267,4.77886
21.48000,6.28664,4.95256
21.49000,6.55954,4.81229
21.50000,6.48420,4.74572
21.51000,6.20920,4.41529
21.52000,6.38919,4.56728
21.53000,6.72015,4.58807
21.54000,6.64473,4.03633
21.55000,6.58188,4.35712
21.56000,6.42418,4.60148
21.57000,6.53094,4.65865
21.58000,6.45735,4.63328
21.59000,6.37231,4.10109
21.60000,7.12644,4.12041
21.61000,6.57145,4.08392
21.62000,6.79740,4.46504
21.63000,6.97029,4.42194
21.64000,6.93741,4.23702
21.65000,6.75488,4.35075
21.66000,6.82309,4.06880
21.67000,6.84419,4.30666
21.68000,7.21239,4.08213
21.69000,7.10155,3.71337
21.70000,7.17771,3.97854
21.71000,6.97361,3.63881
21.72000,7.30848,3.58500
21.73000,7.13522,3.56701
21.74000,6.90834,3.55342
21.75000,7.07941,3.51733
21.76000,7.07008,4.04870
21.77000,7.23802,3.25736
21.78000,7.09400,3.41153
21.79000,6.83175,3.62971
21.80000,7.15129,3.17427
21.81000,7.02549,3.39455
21.82000,7.28422,3.58920
21.83000,7.12752,3.19701
21.84000,7.17409,3.25949
21.85000,7.17433,3.02972
21.86000,7.18746,3.01824
21.87000,7.49897,2.99074
21.88000,7.48877,2.98758
21.89000,6.99492,2.54765
21.90000,7.03431,2.92265
21.91000,7.26542,3.07080
21.92000,7.51339,2.86034
21.93000,7.46518,2.55018
21.94000,7.71475,2.70239
21.95000,7.49731,2.73329
21.96000,7.39914,2.75655
21.97000,7.57733,2.58704
21.98000,7.69698,2.67247
21.99000,8.04235,2.88067
22.00000,7.61348,2.25114
22.01000,7.77032,2.13767
22.02000,7.74752,2.32177
22.03000,7.68895,2.13016
22.04000,7.76555,2.51498
22.05000,7.73890,2.23907
22.06000,7.83107,2.10247
22.07000,7.54448,2.07981
22.08000,7.93293,2.17150
22.09000,7.63211,1.86235
22.10000,7.62548,2.50100
22.11000,7.68175,2.17388
22.12000,7.80334,1.90384
22.13000,7.85832,1.69655
22.14000,8.07205,1.29009
22.15000,7.68227,1.77942
22.16000,7.49854,1.81314
22.17000,7.96967,1.55396
22.18000,7.86801,1.90492
22.19000,7.94862,1.78679
22.20000,7.71376,1.69571
22.21000,7.73086,1.20316
22.22000,7.65225,1.43512
22.23000,7.98605,1.55081
22.24000,7.97159,1.29425
22.25000,7.92237,0.97615
22.26000,7.98468,1.22008
22.27000,8.31643,1.22569
22.28000,7.87557,0.91949
22.29000,8.03308,1.04153
22.30000,7.91724,1.01881
22.31000,7.99082,0.63753
22.32000,8.03685,0.92280
22.33000,8.11837,0.96008
22.34000,7.71856,1.00694
22.35000,7.84546,0.64796
22.36000,7.86192,0.58583
22.37000,8.06780,0.46780
22.38000,7.76972,0.69831
22.39000,7.95496,0.44437
22.40000,8.14987,0.34583
22.41000,7.87216,0.52126
22.42000,8.11983,0.54693
22.43000,7.64541,0.41140
22.44000,7.95163,0.30189
22.45000,7.65173,0.25803
22.46000,8.08817,0.09473
22.47000,8.30046,0.59681
22.48000,8.13281,0.14236
22.49000,8.03231,0.04794
22.50000,8.35147,-0.21307
22.51000,8.11486,-0.02412
22.52000,7.95856,-0.11300
22.53000,7.80601,-0.05258
22.54000,8.14005,-0.01949
22.55000,8.01880,-0.52164
22.56000,8.03737,-0.36609
22.57000,8.03771,-0.31098
22.58000,7.81356,-0.75310
22.59000,8.03660,-0.28071
22.60000,8.29399,-0.33297
22.61000,7.95596,-0.42826
22.62000,7.95545,-0.63563
22.63000,7.90499,-0.65868
22.64000,7.73549,-0.35935
22.65000,7.77064,-0.78948
22.66000,7.91247,-0.90539
22.67000,8.09466,-0.83868
22.68000,7.90366,-0.80083
22.69000,8.12472,-0.94754
22.70000,8.00148,-0.84438
22.71000,8.12042,-1.01952
22.72000,7.94587,-1.01825
22.73000,8.04127,-1.20875
22.74000,7.57807,-1.22898
22.75000,8.07905,-1.55212
22.76000,7.85930,-1.34102
22.77000,7.82395,-1.58533
22.78000,8.01056,-1.24603
22.79000,7.95758,-1.77806
22.80000,7.94310,-1.62847
22.81000,7.84600,-1.57763
22.82000,7.47062,-2.00683
22.83000,7.92619,-1.23302
22.84000,7.80985,-1.64849
22.85000,7.69292,-1.83194
22.86000,7.81104,-2.03522
22.87000,7.83344,-1.66046
22.88000,7.64028,-1.99739
22.89000,7.29201,-1.99731
22.90000,7.83583,-1.77713
22.91000,7.79520,-2.01655
22.92000,8.03298,-2.10262
22.93000,7.99201,-1.91289
22.94000,7.35461,-2.31616
22.95000,7.55644,-2.40251
22.96000,7.42476,-2.32160
22.97000,7.78659,-2.39215
22.98000,7.49056,-2.37122
22.99000,7.70722,-2.41953
23.00000,7.67666,-2.52552
23.01000,7.33356,-2.41431
23.02000,7.54266,-2.64689
23.03000,7.31297,-2.63566
23.04000,7.44614,-2.67138
23.05000,7.69859,-2.34920
23.06000,7.33666,-2.67467
23.07000,7.72666,-2.78829
23.08000,7.53619,-2.91950
23.09000,7.38857,-2.50353
23.10000,7.45051,-3.28145
23.11000,7.37649,-2.93170
23.12000,7.36133,-3.08518
23.13000,7.47339,-3.37854
23.14000,7.12299,-3.44809
23.15000,7.36524,-3.65336
23.16000,7.44552,-3.28867
23.17000,7.25312,-3.17931
23.18000,7.13135,-3.24648
23.19000,7.39855,-3.11746
23.20000,7.15272,-2.93955
23.21000,7.19145,-3.53837
23.22000,7.04640,-3.51774
23.23000,7.43149,-3.62929
23.24000,7.12088,-3.50579
23.25000,7.06976,-3.51724
23.26000,7.10746,-3.46262
23.27000,6.97641,-3.63312
23.28000,7.22051,-4.17883
23.29000,7.00852,-3.43059
23.30000,6.87219,-3.63718
23.31000,6.88917,-4.03614
23.32000,6.77935,-3.92995
23.33000,6.67227,-3.82953
23.34000,7.00269,-3.88914
23.35000,6.77750,-3.90498
23.36000,6.80628,-3.88251
23.37000,6.97690,-4.06996
23.38000,6.59536,-4.21615
23.39000,6.50203,-4.48490
23.40000,6.74576,-4.05420
23.41000,7.12572,-4.74451
23.42000,6.78075,-4.42603
23.43000,6.65313,-4.23426
23.44000,6.73157,-4.80279
23.45000,6.59575,-4.55766
23.46000,6.41722,-4.53504
23.47000,6.74591,-4.84466
23.48000,6.42857,-4.62359
23.49000,6.67820,-4.86607
23.50000,6.51522,-4.63113
23.51000,6.56695,-4.91034
23.52000,6.40624,-4.69881
23.53000,6.23843,-5.09846
23.54000,6.24157,-4.83044
23.55000,6.47323,-4.98652
23.56000,6.41297,-4.90972
23.57000,5.94988,-5.00480
23.58000,5.95693,-5.22753
23.59000,6.01352,-4.84685
23.60000,6.25471,-5.15098
23.61000,5.83016,-5.09180
23.62000,6.27814,-5.26716
23.63000,5.76426,-5.21300
23.64000,6.19628,-4.82790
23.65000,5.87729,-5.43500
23.66000,5.83945,-5.16372
23.67000,5.92608,-5.63521
23.68000,6.01484,-5.15393
23.69000,5.49848,-5.38603
23.70000,5.63496,-5.43869
23.71000,5.89626,-5.49260
23.72000,5.92595,-5.56482
23.73000,5.71448,-5.82499
23.74000,5.77674,-5.60821
23.75000,5.62134,-5.68244
23.76000,5.63842,-5.85403
23.77000,5.38295,-5.99269
23.78000,5.73836,-5.98634
23.79000,5.38490,-5.81597
23.80000,5.45508,-5.98928
23.81000,5.54627,-6.17109
23.82000,5.26510,-5.97179
23.83000,5.32350,-6.05840
23.84000,5.11229,-5.97381
23.85000,5.22329,-5.97151
23.86000,5.28701,-5.79424
23.87000,5.32138,-5.86976
23.88000,4.96712,-5.90794
23.89000,5.12114,-6.27359
23.90000,5.08030,-6.57540
23.91000,5.18092,-6.15314
23.92000,4.94216,-6.38580
23.93000,5.13905,-6.26063
23.94000,5.05063,-6.35535
23.95000,4.64254,-6.30406
23.96000,5.06960,-6.13086
23.97000,4.90724,-6.34287
23.98000,4.82394,-5.85738
23.99000,4.84330,-6.40258
24.00000,5.00386,-6.21177
24.01000,4.60416,-6.69739
24.02000,4.26214,-6.59291
24.03000,4.58937,-6.42694
24.04000,4.38256,-6.44292
24.05000,4.26231,-6.93587
24.06000,4.65924,-6.95965
24.07000,4.18726,-6.78089
24.08000,4.00444,-6.64133
24.09000,4.33353,-6.77122
24.10000,4.23857,-6.75448
24.11000,4.62044,-7.04315
24.12000,4.16748,-6.86183
24.13000,4.18630,-6.78174
24.14000,4.01915,-7.05244
24.15000,4.09831,-6.80615
24.16000,4.03103,-7.08931
24.17000,3.66718,-7.33850
24.18000,3.91757,-7.16175
24.19000,3.58682,-6.84647
24.20000,3.85164,-7.18501
24.21000,3.70291,-7.07397
24.22000,3.70653,-7.20057
24.23000,3.47009,-7.05054
24.24000,3.50343,-7.05124
24.25000,3.36162,-7.08408
24.26000,3.82762,-6.89913
24.27000,3.48172,-7.42062
24.28000,3.63249,-7.11613
24.29000,3.47365,-7.42623
24.30000,3.45749,-7.28370
24.31000,3.23668,-7.19541
24.32000,3.40313,-7.39230
24.33000,3.20473,-7.30884
24.34000,3.02686,-7.17367
24.35000,3.19659,-7.16224
24.36000,3.15343,-7.25328
24.37000,2.88712,-7.33930
24.38000,2.93476,-7.37660
24.39000,2.98053,-7.54280
24.40000,2.95246,-7.37675
24.41000,2.92052,-7.56474
24.42000,2.95634,-7.95796
24.43000,3.01778,-7.45439
24.44000,2.77506,-7.56279
24.45000,2.45028,-7.66246
24.46000,2.70047,-7.81863
24.47000,2.43234,-7.05145
24.48000,2.42236,-7.45716
24.49000,2.67761,-7.61614
24.50000,2.59517,-7.50492
24.51000,2.50005,-7.71611
24.52000,2.53020,-7.60926
24.53000,2.37210,-7.65637
24.54000,2.32798,-7.82607
24.55000,2.15479,-7.90529
24.56000,2.38988,-7.92753
24.57000,2.19398,-7.58666
24.58000,2.21024,-7.73678
24.59000,2.07526,-7.66993
24.60000,2.02580,-8.17483
24.61000,2.06731,-7.64796
24.62000,2.10573,-7.87338
24.63000,1.80174,-7.65338
24.64000,1.72665,-7.87951
24.65000,1.54162,-7.63097
24.66000,1.60400,-7.64355
24.67000,1.76444,-7.83624
24.68000,1.36290,-8.09956
24.69000,1.84185,-7.82770
24.70000,1.69473,-8.17620
24.71000,1.48212,-8.03865
24.72000,1.58213,-7.89554
24.73000,1.50155,-8.05058
24.74000,0.99205,-7.95982
24.75000,1.03204,-7.82555
24.76000,1.14470,-7.66723
24.77000,1.33494,-7.82987
24.78000,0.80881,-8.00500
24.79000,1.17637,-7.85837
24.80000,1.07941,-7.92251
24.81000,0.97373,-7.79438
24.82000,0.83111,-8.12439
24.83000,0.87722,-7.82317
24.84000,0.93886,-7.93175
24.85000,0.61256,-7.89191
24.86000,0.87310,-7.87618
24.87000,0.85820,-7.82666
24.88000,0.64714,-8.22461
24.89000,0.56742,-8.21358
24.90000,0.32933,-8.00739
24.91000,0.34529,-8.06921
24.92000,0.44531,-8.16226
24.93000,0.35071,-8.19663
24.94000,0.66698,-7.74927
24.95000,0.15560,-7.93529
24.96000,0.09277,-7.72294
24.97000,0.45946,-8.12007
24.98000,-0.05665,-7.95032
24.99000,0.26577,-8.20800
25.00000,0.03988,-8.20332
25.01000,0.09478,-8.23277
25.02000,-0.29408,-7.78108
25.03000,-0.03261,-7.70775
25.04000,-0.22430,-8.39294
25.05000,-0.12862,-8.25491
25.06000,-0.21060,-7.98590
25.07000,-0.52504,-7.91228
25.08000,-0.39268,-7.96846
25.09000,-0.30112,-8.03268
25.10000,-0.66270,-8.02325
25.11000,-1.10444,-7.79863
25.12000,-0.51205,-8.01659
25.13000,-0.50576,-8.01733
25.14000,-0.64851,-8.20329
25.15000,-0.75388,-7.91202
25.16000,-0.74253,-8.13167
25.17000,-0.78893,-7.85638
25.18000,-0.80044,-7.75426
25.19000,-0.65609,-8.06218
25.20000,-1.28976,-8.17744
25.21000,-1.24251,-8.25795
25.22000,-1.05232,-7.92436
25.23000,-1.38960,-8.20542
25.24000,-1.01151,-7.96518
25.25000,-1.40166,-7.86986
25.26000,-1.26333,-7.80139
25.27000,-1.55856,-7.87689
25.28000,-1.41941,-7.89925
25.29000,-1.61261,-8.02988
25.30000,-1.28131,-8.17112
25.31000,-1.62785,-7.80828
25.32000,-1.83415,-7.74828
25.33000,-1.50625,-7.90470
25.34000,-1.71879,-7.83197
25.35000,-1.48124,-8.01530
25.36000,-1.81060,-7.89357
25.37000,-1.61917,-7.76539
25.38000,-1.83558,-7.53385
25.39000,-1.82036,-7.84962
25.40000,-1.54389,-7.67015
25.41000,-2.08345,-7.44904
25.42000,-2.23629,-7.90948
25.43000,-2.19704,-8.06180
25.44000,-2.21128,-7.91263
25.45000,-2.35041,-7.74754
25.46000,-2.08056,-7.85405
25.47000,-2.51369,-7.78299
25.48000,-2.10354,-7.54533
25.49000,-2.39250,-7.14450
25.50000,-2.33360,-7.53582
25.51000,-2.62756,-7.42324
25.52000,-2.63481,-7.66626
25.53000,-2.86961,-7.39363
25.54000,-2.88917,-7.24030
25.55000,-2.88849,-7.49893
25.56000,-2.67578,-7.53507
25.57000,-2.71623,-7.71949
25.58000,-3.05331,-7.57097
25.59000,-3.32358,-7.50673
25.60000,-2.94288,-7.70578
25.61000,-2.91764,-7.53805
25.62000,-2.98924,-7.53783
25.63000,-3.20128,-7.43134
25.64000,-3.18170,-7.47461
25.65000,-3.17235,-7.44823
25.66000,-3.22392,-7.37002
25.67000,-3.27912,-7.37112
25.68000,-3.38372,-7.58435
25.69000,-3.53830,-7.35249
25.70000,-3.04925,-7.36493
25.71000,-3.66304,-7.23043
25.72000,-3.56346,-7.28431
25.73000,-3.82110,-7.43965
25.74000,-3.82123,-6.93061
25.75000,-3.66207,-7.35979
25.76000,-3.80236,-7.05652
25.77000,-3.96111,-7.16667
25.78000,-3.91531,-7.21298
25.79000,-3.42578,-6.94360
25.80000,-3.81452,-6.96804
25.81000,-3.82049,-7.02449
25.82000,-3.91367,-6.87272
25.83000,-3.78679,-6.97050
25.84000,-3.83815,-6.89630
25.85000,-4.34341,-7.16028
25.86000,-3.96336,-6.52342
25.87000,-4.26324,-6.58025
25.88000,-4.32158,-6.86405
25.89000,-4.24813,-6.79740
25.90000,-4.00035,-6.64519
25.91000,-4.15339,-6.68383
25.92000,-4.03148,-6.44503
25.93000,-4.16950,-6.40305
25.94000,-4.14210,-6.56142
25.95000,-4.22293,-6.84305
25.96000,-4.42874,-6.45786
25.97000,-4.82155,-6.73328
25.98000,-4.54627,-6.64087
25.99000,-5.07542,-6.49288
26.00000,-4.83614,-6.29692
26.01000,-4.71653,-6.40195
26.02000,-4.63607,-6.22364
26.03000,-4.91624,-6.69961
26.04000,-4.65458,-6.68522
26.05000,-4.75340,-6.08692
26.06000,-5.14263,-6.14712
26.07000,-4.76929,-6.51966
26.08000,-5.06635,-6.10985
26.09000,-5.18519,-6.21027
26.10000,-5.33729,-6.02018
26.11000,-5.32540,-6.01591
26.12000,-5.00047,-5.97717
26.13000,-5.27835,-5.92551
26.14000,-5.58455,-6.27170
26.15000,-5.15012,-6.00468
26.16000,-5.44367,-6.05418
26.17000,-5.67265,-5.92048
26.18000,-5.69126,-5.72317
26.19000,-5.26928,-5.84395
26.20000,-5.63868,-6.06169
26.21000,-5.63984,-5.80414
26.22000,-5.22113,-5.83913
26.23000,-5.52697,-5.53433
26.24000,-5.57826,-5.79447
26.25000,-5.67404,-5.65550
26.26000,-5.71271,-5.67707
26.27000,-5.47353,-5.47372
26.28000,-5.74183,-5.61650
26.29000,-5.87808,-5.39842
26.30000,-5.89545,-5.53702
26.31000,-5.73565,-5.31157
26.32000,-5.90356,-5.17522
26.33000,-6.00193,-5.35997
26.34000,-5.70795,-5.52516
26.35000,-6.08474,-4.90234
26.36000,-6.04654,-5.16414
26.37000,-5.96589,-4.92725
26.38000,-5.78451,-5.45341
26.39000,-5.89653,-4.93664
26.40000,-6.03456,-5.26267
26.41000,-6.41377,-4.95305
26.42000,-6.02841,-4.93520
26.43000,-6.12127,-4.93042
26.44000,-6.32883,-4.75066
26.45000,-6.39983,-4.94247
26.46000,-6.51345,-4.87800
26.47000,-6.35996,-4.81926
26.48000,-6.50900,-4.79359
26.49000,-6.31663,-4.67532
26.50000,-6.45019,-4.54117
26.51000,-6.42163,-4.52616
26.52000,-6.45050,-4.62482
26.53000,-6.91129,-4.48099
26.54000,-6.60199,-4.40389
26.55000,-6.76042,-4.77054
26.56000,-6.59707,-4.64050
26.57000,-6.40893,-4.38972
26.58000,-6.56000,-4.31891
26.59000,-6.83521,-4.42236
26.60000,-6.86072,-4.14695
26.61000,-7.04757,-4.28831
26.62000,-7.07871,-4.23891
26.63000,-6.74599,-4.26112
26.64000,-6.60064,-4.20043
26.65000,-7.02440,-4.11846
26.66000,-6.69736,-4.25166
26.67000,-7.18862,-4.08475
26.68000,-6.93554,-4.02307
26.69000,-7.21820,-3.90892
26.70000,-7.06439,-3.97387
26.71000,-6.82107,-3.84959
26.72000,-7.18166,-3.59556
26.73000,-7.18079,-3.67668
26.74000,-7.19478,-3.81926
26.75000,-7.09676,-3.82874
26.76000,-7.15352,-3.63742
26.77000,-7.07992,-3.35063
26.78000,-7.58086,-3.41434
26.79000,-7.23147,-3.35533
26.80000,-7.18049,-3.41604
26.81000,-7.16135,-3.71539
26.82000,-7.40954,-3.30432
26.83000,-7.24664,-3.22663
26.84000,-7.11061,-3.10707
26.85000,-7.43431,-3.02212
26.86000,-7.48971,-3.20488
26.87000,-7.67000,-3.04382
26.88000,-7.06596,-3.07345
26.89000,-7.62798,-2.76731
26.90000,-7.31836,-3.14720
26.91000,-7.29424,-3.05803
26.92000,-7.70224,-2.97050
26.93000,-7.58037,-3.15378
26.94000,-7.77419,-3.03290
26.95000,-7.38700,-2.76585
26.96000,-7.50191,-2.36539
26.97000,-7.55604,-2.72068
26.98000,-7.53582,-2.74947
26.99000,-7.50034,-2.47775
27.00000,-7.87076,-2.35636
27.01000,-7.54512,-2.63282
27.02000,-7.64859,-2.25331
27.03000,-7.58395,-2.21058
27.04000,-7.78854,-2.46941
27.05000,-7.50271,-2.31591
27.06000,-7.51866,-2.43933
27.07000,-7.39777,-2.24881
27.08000,-7.61640,-1.91832
27.09000,-7.64915,-1.65095
27.10000,-7.41022,-2.11162
27.11000,-7.46811,-1.70928
27.12000,-7.64768,-1.79079
27.13000,-7.95486,-1.61022
27.14000,-7.59527,-2.11234
27.15000,-8.06342,-1.82252
27.16000,-8.07762,-1.73356
27.17000,-7.92160,-1.62863
27.18000,-7.94964,-1.42209
27.19000,-8.02921,-1.66176
27.20000,-7.58611,-1.26892
27.21000,-8.03499,-1.30696
27.22000,-7.68318,-1.41000
27.23000,-7.69302,-1.00713
27.24000,-7.82089,-1.03867
27.25000,-7.90240,-1.27758
27.26000,-7.92481,-1.17703
27.27000,-8.00004,-1.11906
27.28000,-7.82655,-1.06813
27.29000,-7.51009,-0.94350
27.30000,-8.03995,-1.30547
27.31000,-8.01126,-0.82423
27.32000,-8.09076,-0.79678
27.33000,-8.12578,-0.47300
27.34000,-8.01737,-0.81349
27.35000,-7.89494,-0.63337
27.36000,-8.22618,-0.81865
27.37000,-7.71402,-0.62713
27.38000,-7.80242,-0.57236
27.39000,-7.67792,-0.70753
27.40000,-7.72106,-0.60811
27.41000,-8.22005,-0.62408
27.42000,-7.77933,-0.58477
27.43000,-7.87127,-0.48094
27.44000,-8.03152,-0.40904
27.45000,-8.27112,-0.05729
27.46000,-8.35639,-0.03560
27.47000,-8.10765,0.04717
27.48000,-7.76226,-0.22051
27.49000,-7.93957,-0.13098
27.50000,-8.02718,-0.24918
27.51000,-8.01882,0.26849
27.52000,-7.97129,0.17552
27.53000,-8.17395,0.44624
27.54000,-8.02951,0.29134
27.55000,-8.34219,0.29272
27.56000,-7.95969,0.11590
27.57000,-7.84276,0.09315
27.58000,-8.02720,0.27910
27.59000,-7.76181,0.63185
27.60000,-7.93582,0.38441
27.61000,-7.78609,0.41233
27.62000,-7.73438,0.56222
27.63000,-7.94009,0.48507
27.64000,-8.16943,0.79544
27.65000,-7.98403,0.72985
27.66000,-8.15798,1.37453
27.67000,-8.09430,1.00723
27.68000,-7.39215,1.07166
27.69000,-7.98508,0.69148
27.70000,-8.09003,0.86972
27.71000,-7.85864,0.87896
27.72000,-7.85205,0.87902
27.73000,-8.19868,1.08172
27.74000,-8.10534,1.21170
27.75000,-8.31350,1.26866
27.76000,-7.88416,1.42613
27.77000,-7.95218,1.57367
27.78000,-7.93059,1.47079
27.79000,-7.67039,1.58021
27.80000,-7.98504,1.44430
27.81000,-7.54533,1.45595
27.82000,-7.80118,1.41918
27.83000,-7.81014,1.62505
27.84000,-7.79006,1.47941
27.85000,-7.91760,1.73936
27.86000,-8.18416,1.87454
27.87000,-8.07386,1.74441
27.88000,-7.86998,1.78865
27.89000,-7.81184,1.81988
27.90000,-7.78782,2.08275
27.91000,-7.71238,1.97599
27.92000,-7.59447,2.04020
27.93000,-7.86314,2.04159
27.94000,-7.65177,2.38040
27.95000,-7.56974,2.23218
27.96000,-7.72351,2.31185
27.97000,-7.47316,2.48622
27.98000,-7.71905,2.45019
27.99000,-7.70599,2.33085
28.00000,-7.68466,2.37263
28.01000,-7.72356,2.59346
28.02000,-7.93752,2.73564
28.03000,-7.79038,2.35269
28.04000,-7.34075,2.56499
28.05000,-7.49910,2.60420
28.06000,-7.60255,2.71971
28.07000,-7.75933,3.12467
28.08000,-7.82207,2.96899
28.09000,-7.41050,3.03329
28.10000,-7.39209,2.92972
28.11000,-7.15232,3.03527
28.12000,-7.13233,2.86384
28.13000,-7.49517,2.97846
28.14000,-7.14536,3.26244
28.15000,-7.41739,2.88078
28.16000,-7.31769,3.51895
28.17000,-7.58901,3.36754
28.18000,-7.15735,3.35060
28.19000,-7.36624,3.10016
28.20000,-7.33924,3.38477
28.21000,-7.32314,3.31539
28.22000,-7.29470,3.32907
28.23000,-7.21470,3.38689
28.24000,-7.35944,3.76061
28.25000,-7.33179,3.71394
28.26000,-7.33174,3.47087
28.27000,-7.10966,3.89276
28.28000,-6.70225,3.82240
28.29000,-6.66273,3.93167
28.30000,-7.28812,3.46692
28.31000,-6.76827,3.58896
28.32000,-6.73383,3.99750
28.33000,-6.85989,4.13701
28.34000,-7.00722,4.05688
28.35000,-6.85990,4.00252
28.36000,-6.98310,4.30223
28.37000,-6.90364,3.93947
28.38000,-6.93100,3.69654
28.39000,-6.90549,4.45039
28.40000,-6.70786,4.33353
28.41000,-6.57935,4.24699
28.42000,-6.68518,4.15817
28.43000,-6.70759,4.51861
28.44000,-6.75272,4.49240
28.45000,-6.70781,4.61243
28.46000,-6.45472,4.51395
28.47000,-6.46374,4.80173
28.48000,-6.32368,4.72320
28.49000,-6.39852,5.07280
28.50000,-6.46647,4.74570
28.51000,-6.32481,4.59115
28.52000,-6.21318,5.18166
28.53000,-6.13915,4.75760
28.54000,-6.73964,4.77377
28.55000,-6.34180,5.11861
28.56000,-6.04941,4.90344
28.57000,-6.35323,4.96673
28.58000,-6.08990,4.66707
28.59000,-6.04493,5.06467
28.60000,-6.32475,5.43839
28.61000,-6.17586,4.86699
28.62000,-6.00476,5.24084
28.63000,-6.37490,5.27663
28.64000,-5.77747,5.12935
28.65000,-6.18068,5.25778
28.66000,-6.22843,5.31856
28.67000,-5.91674,5.46160
28.68000,-6.10698,5.31089
28.69000,-5.83941,5.29770
28.70000,-5.74086,5.52423
28.71000,-5.80793,5.69462
28.72000,-5.78155,5.61791
28.73000,-5.71273,5.56754
28.74000,-5.50186,5.59594
28.75000,-5.86398,5.51009
28.76000,-5.69657,5.83764
28.77000,-5.59117,5.67136
28.78000,-5.30798,5.71227
28.79000,-5.56133,5.89151
28.80000,-5.21033,5.79146
28.81000,-5.54499,5.98390
28.82000,-5.45762,6.27486
28.83000,-5.76310,5.98020
28.84000,-5.27551,6.22853
28.85000,-4.91342,6.16220
28.86000,-5.29880,5.71283
28.87000,-5.13356,6.11034
28.88000,-5.27961,5.80008
28.89000,-5.12654,6.26077
28.90000,-5.10311,5.99054
28.91000,-5.16276,6.27839
28.92000,-4.88529,6.01388
28.93000,-4.87945,6.35507
28.94000,-5.11536,6.36099
28.95000,-5.09659,6.50355
28.96000,-4.53030,6.30674
28.97000,-4.80927,6.50761
28.98000,-4.72960,6.23216
28.99000,-4.77029,6.14088
29.00000,-4.55389,6.40463
29.01000,-4.49032,6.57580
29.02000,-4.86499,6.31624
29.03000,-5.05942,6.56952
29.04000,-4.43495,6.71109
29.05000,-4.67775,6.43586
29.06000,-4.57415,6.75891
29.07000,-4.56435,6.85159
29.08000,-4.49288,6.57153
29.09000,-4.34024,6.88633
29.10000,-4.35667,6.71991
29.11000,-4.03373,6.94234
29.12000,-4.26010,6.64618
29.13000,-3.97704,6.58346
29.14000,-3.97727,6.90579
29.15000,-3.93965,7.12165
29.16000,-3.96953,6.43081
29.17000,-4.13706,6.92415
29.18000,-4.31363,7.03185
29.19000,-4.01553,6.88345
29.20000,-3.65387,6.89175
29.21000,-3.90957,6.81389
29.22000,-3.92988,6.98479
29.23000,-3.95644,7.19517
29.24000,-3.96368,7.12442
29.25000,-3.61798,6.98630
29.26000,-3.62927,6.98925
29.27000,-3.68536,7.16000
29.28000,-3.55825,7.45948
29.29000,-3.40078,7.44281
29.30000,-3.18597,7.01765
29.31000,-3.67136,7.26937
29.32000,-3.26504,6.98154
29.33000,-3.15941,7.17591
29.34000,-3.54256,7.00121
29.35000,-3.19032,7.33538
29.36000,-3.23337,7.38163
29.37000,-3.34015,7.47808
29.38000,-3.03909,7.44462
29.39000,-2.86729,7.48071
29.40000,-2.93495,7.38676
29.41000,-2.83119,7.42417
29.42000,-2.81188,7.46381
29.43000,-2.44957,7.66635
29.44000,-2.50181,7.27599
29.45000,-2.82818,7.60656
29.46000,-2.40036,7.86097
29.47000,-2.91469,7.79984
29.48000,-2.69573,7.80248
29.49000,-2.80340,7.53249
29.50000,-2.46347,7.60555
29.51000,-2.50755,7.51350
29.52000,-2.36401,7.75370
29.53000,-2.04360,7.71673
29.54000,-2.35667,7.47948
29.55000,-2.15239,7.85660
29.56000,-2.36608,7.71925
29.57000,-1.94781,7.32509
29.58000,-2.16634,7.60931
29.59000,-2.24761,7.96911
29.60000,-1.80139,7.68128
29.61000,-1.60255,7.90347
29.62000,-2.08265,7.70732
29.63000,-1.73350,7.71116
29.64000,-1.82749,7.90269
29.65000,-1.73722,7.59112
29.66000,-1.84935,7.99710
29.67000,-1.59426,7.93412
29.68000,-1.25513,7.43301
29.69000,-1.28479,7.83226
29.70000,-1.48103,8.14644
29.71000,-1.25247,7.74418
29.72000,-1.26422,8.00825
29.73000,-1.32517,8.12422
29.74000,-1.20040,8.01281
29.75000,-1.40036,7.98781
29.76000,-1.11632,7.78231
29.77000,-1.11819,7.75881
29.78000,-0.66758,8.32374
29.79000,-1.18488,7.95753
29.80000,-0.68305,8.09204
29.81000,-0.88565,7.82394
29.82000,-0.78632,8.00971
29.83000,-0.50472,8.06433
29.84000,-0.75935,7.95092
29.85000,-0.80953,7.88342
29.86000,-0.73371,8.10228
29.87000,-0.58953,7.92422
29.88000,-0.56361,8.08483
29.89000,-0.80185,7.79715
29.90000,-0.56594,8.19375
29.91000,-0.87984,8.11539
29.92000,-0.32620,7.87847
29.93000,-0.82588,7.80495
29.94000,-0.26125,7.82242
29.95000,-0.11722,7.77227
29.96000,-0.12440,8.17690
29.97000,-0.30115,8.12388
29.98000,-0.11431,7.90659
29.99000,-0.11738,8.11994
30.00000,0.19428,8.14561
30.01000,-0.17719,7.98913
30.02000,-0.16094,7.59678
30.03000,0.62767,8.17933
30.04000,0.07600,8.07637
30.05000,0.19122,8.08201
30.06000,0.18131,8.32744
30.07000,0.30489,7.67227
30.08000,0.65151,8.09898
30.09000,0.34685,7.65919
30.10000,0.94881,8.01405
30.11000,0.73876,8.17257
30.12000,0.67737,8.26022
30.13000,0.64088,8.03581
30.14000,0.61304,8.19261
30.15000,0.74945,8.20970
30.16000,0.62143,7.83066
30.17000,0.82070,7.78882
30.18000,0.67597,8.02680
30.19000,0.78347,7.95611
30.20000,0.90772,7.79204
30.21000,0.97457,8.11860
30.22000,1.09305,8.15459
30.23000,1.16805,7.88161
30.24000,1.21111,8.04570
30.25000,1.14210,7.89682
30.26000,1.58301,7.86953
30.27000,1.52499,8.27627
30.28000,1.41519,7.71963
30.29000,1.38658,7.85016
30.30000,1.20013,7.94361
30.31000,1.51583,7.69769
30.32000,1.87576,8.04225
30.33000,1.53906,7.69489
30.34000,1.58081,7.77788
30.35000,1.54563,7.90785
30.36000,1.85096,7.67001
30.37000,1.89154,7.71294
30.38000,1.90071,7.52267
30.39000,2.13762,7.53173
30.40000,2.11159,7.78378
30.41000,1.97677,7.99060
30.42000,2.26630,7.43395
30.43000,2.25445,8.08882
30.44000,2.05046,7.81137
30.45000,2.34204,7.20038
30.46000,2.40994,7.40512
30.47000,2.17079,7.68754
30.48000,2.31445,7.68657
30.49000,2.43887,7.69248
30.50000,2.26617,7.56909
30.51000,2.96849,7.51984
30.52000,2.69681,7.42746
30.53000,2.67328,7.18983
30.54000,2.71740,7.69250
30.55000,2.69429,7.54891
30.56000,2.56258,7.47331
30.57000,2.86857,7.60341
30.58000,2.95655,7.59226
30.59000,3.16793,7.36523
30.60000,3.05334,7.16489
30.61000,2.95985,7.61410
30.62000,3.15355,7.55673
30.63000,2.99355,7.48887
30.64000,2.80189,7.45727
30.65000,3.19782,7.44501
30.66000,3.11025,7.28643
30.67000,3.40028,7.57989
30.68000,3.21463,7.05187
30.69000,3.46080,7.21087
30.70000,3.33382,7.03182
30.71000,3.63346,7.46653
30.72000,3.46021,7.11120
30.73000,3.41451,6.93343
30.74000,3.36353,7.17474
30.75000,3.48722,7.27619
30.76000,3.90572,7.48765
30.77000,3.51921,7.29158
30.78000,4.06782,7.07624
30.79000,3.66296,7.23811
30.80000,3.77342,6.82954
30.81000,3.88260,6.98835
30.82000,4.00200,6.76137
30.83000,3.95477,6.72462
30.84000,3.81984,7.00737
30.85000,4.12367,7.25839
30.86000,4.26382,6.77627
30.87000,4.27416,6.83803
30.88000,4.32400,6.67194
30.89000,4.20910,6.82611
30.90000,4.25355,6.61151
30.91000,4.21506,6.81405
30.92000,4.43764,6.46654
30.93000,4.49601,6.46720
30.94000,4.23391,6.61659
30.95000,4.58618,6.48679
30.96000,4.33753,6.69229
30.97000,4.74504,6.62104
30.98000,4.49674,6.73789
30.99000,5.02430,6.57663
31.00000,4.76360,6.33933
31.01000,4.57910,6.28528
31.02000,5.19315,6.45780
31.03000,4.86577,6.52855
31.04000,4.77038,6.16708
31.05000,4.78287,6.46057
31.06000,4.92442,6.26866
31.07000,4.65414,6.23983
31.08000,4.92605,6.08541
31.09000,4.99875,6.13174
31.10000,4.88055,6.38430
31.11000,5.22709,6.02634
31.12000,5.08095,5.88011
31.13000,5.40918,6.01448
31.14000,5.15169,5.88976
31.15000,5.39493,5.93622
31.16000,5.37947,5.94574
31.17000,5.46337,6.00549
31.18000,5.52256,5.69611
31.19000,5.43207,5.86810
31.20000,5.48350,5.50700
31.21000,5.34912,6.08184
31.22000,5.51597,6.01465
31.23000,5.92901,5.81398
31.24000,5.46367,5.46527
31.25000,5.71540,5.37101
31.26000,5.69030,5.82251
31.27000,5.93028,5.36391
31.28000,5.62081,5.60984
31.29000,6.07716,5.28238
31.30000,5.80356,5.63816
31.31000,5.73506,5.45229
31.32000,6.07911,5.44514
31.33000,5.72669,5.54320
31.34000,6.08378,5.34402
31.35000,5.90659,5.46156
31.36000,6.20951,5.15213
31.37000,6.25673,5.32307
31.38000,6.28785,5.22828
31.39000,6.27371,5.14734
31.40000,6.39580,5.17229
31.41000,6.55079,5.01805
31.42000,6.01930,5.01993
31.43000,6.35080,5.22783
31.44000,6.31268,4.89016
31.45000,6.36398,4.83733
31.46000,6.54755,4.97015
31.47000,6.32720,4.81305
31.48000,6.55327,4.61283
31.49000,6.62379,4.79421
31.50000,6.34219,4.69233
31.51000,6.91975,4.65990
31.52000,6.27598,4.53107
31.53000,6.35493,4.65556
31.54000,6.89769,5.09564
31.55000,6.56931,4.56632
31.56000,6.97244,4.63347
31.57000,6.68794,4.40633
31.58000,6.91387,4.54265
31.59000,6.75542,4.24513
31.60000,7.13117,4.14516
31.61000,6.92105,4.33615
31.62000,6.77359,4.02782
31.63000,6.92379,4.01383
31.64000,7.12608,4.19689
31.65000,6.88673,4.04737
31.66000,7.12527,3.73857
31.67000,6.73419,4.17083
31.68000,6.85638,4.17796
31.69000,6.95928,3.78065
31.70000,6.86131,3.81741
31.71000,6.82804,3.56817
31.72000,7.15962,3.94251
31.73000,6.93306,3.96610
31.74000,7.01494,3.60558
31.75000,7.01322,3.64967
31.76000,7.12389,3.50095
31.77000,7.27597,3.31122
31.78000,7.14020,3.48380
31.79000,7.17257,3.18554
31.80000,7.15900,3.46428
31.81000,6.87888,3.31041
31.82000,7.14689,3.32835
31.83000,7.27694,3.33807
31.84000,7.27273,3.03977
31.85000,7.14582,3.14143
31.86000,7.57949,3.27353
31.87000,7.13925,2.80475
31.88000,7.31078,3.26591
31.89000,7.46438,2.87132
31.90000,7.40635,3.10212
31.91000,7.55393,3.01452
31.92000,7.70817,2.82208
31.93000,7.84521,3.01033
31.94000,7.73484,2.82653
31.95000,7.87030,2.88110
31.96000,7.69583,2.80743
31.97000,7.38716,2.82760
31.98000,7.82696,2.84178
31.99000,7.38016,2.62398
32.00000,7.66735,2.46005
32.01000,7.44258,2.46950
32.02000,7.68709,2.27721
32.03000,7.41990,2.60392
32.04000,7.56006,2.03898
32.05000,7.56025,2.31935
32.06000,7.50984,1.99916
32.07000,7.96536,1.99645
32.08000,7.87765,2.20224
32.09000,7.45474,2.09721
32.10000,7.78880,1.73439
32.11000,7.68772,1.82703
32.12000,7.89661,2.15106
32.13000,7.89011,1.68564
32.14000,7.47809,1.78106
32.15000,7.67479,1.81098
32.16000,7.58594,1.39695
32.17000,7.70696,1.72633
32.18000,7.92932,1.73034
32.19000,7.60477,1.30181
32.20000,7.80301,1.41063
32.21000,7.70297,1.53343
32.22000,7.69065,1.51732
32.23000,7.69819,1.55918
32.24000,7.76805,1.55088
32.25000,7.96589,1.06053
32.26000,7.79975,1.35986
32.27000,7.71338,1.11822
32.28000,7.80463,0.89104
32.29000,7.89417,1.11172
32.30000,8.28591,0.86292
32.31000,7.91474,0.87954
32.32000,7.64545,0.89006
32.33000,8.10407,0.67234
32.34000,7.85540,0.98864
32.35000,7.72228,0.79463
32.36000,8.15603,0.63226
32.37000,7.97057,0.92923
32.38000,7.92797,0.87417
32.39000,8.04488,0.53301
32.40000,8.21227,0.53183
32.41000,8.14274,0.26656
32.42000,7.93340,0.38795
32.43000,7.96796,0.44199
32.44000,7.93366,0.33935
32.45000,8.14543,0.31514
32.46000,8.14957,0.03001
32.47000,8.08522,0.11614
32.48000,7.76949,0.13044
32.49000,8.18221,0.01790
32.50000,7.76610,0.06947
32.51000,7.96111,-0.16580
32.52000,7.77871,-0.02376
32.53000,8.29084,-0.16359
32.54000,7.90821,-0.36875
32.55000,8.18898,-0.17995
32.56000,7.92084,-0.36174
32.57000,7.80064,-0.35518
32.58000,7.71753,-0.55165
32.59000,8.37007,-0.49051
32.60000,7.84184,-0.24298
32.61000,7.91290,-0.61572
32.62000,8.11320,-0.59242
32.63000,7.76453,-0.88644
32.64000,8.03196,-0.69019
32.65000,8.01942,-0.85064
32.66000,7.53586,-0.47483
32.67000,8.38730,-1.03066
32.68000,7.73840,-0.82130
32.69000,7.90746,-1.00131
32.70000,7.80100,-1.03032
32.71000,7.97425,-1.10347
32.72000,8.32488,-1.14994
32.73000,7.57478,-1.19449
32.74000,7.92517,-1.21915
32.75000,7.94513,-1.25555
32.76000,7.77209,-1.13450
32.77000,8.02611,-1.31693
32.78000,7.99965,-1.67372
32.79000,8.32097,-1.20876
32.80000,7.91787,-1.44626
32.81000,7.72512,-1.61265
32.82000,7.98095,-1.40231
32.83000,7.84009,-1.88844
32.84000,8.17215,-1.44331
32.85000,7.67136,-2.03655
32.86000,7.48348,-1.34143
32.87000,7.79124,-2.06662
32.88000,7.87278,-1.68677
32.89000,7.60996,-1.67603
32.90000,7.71440,-2.01302
32.91000,7.72483,-1.97884
32.92000,7.85616,-2.05207
32.93000,7.54398,-1.94341
32.94000,7.82716,-2.02390
32.95000,7.43342,-2.23434
32.96000,7.45896,-2.44190
32.97000,7.68497,-2.72999
32.98000,7.73495,-2.40997
32.99000,7.67617,-2.45567
33.00000,7.57812,-2.39272
33.01000,7.60870,-2.29903
33.02000,7.22298,-2.55633
33.03000,7.57622,-2.62670
33.04000,7.54883,-2.70144
33.05000,7.62820,-2.57550
33.06000,7.69631,-2.45138
33.07000,7.63919,-2.73197
33.08000,7.57020,-2.77332
33.09000,7.81164,-3.29878
33.10000,7.39877,-3.01033
33.11000,7.58647,-2.91717
33.12000,7.16989,-2.75345
33.13000,7.40683,-2.97356
33.14000,7.17922,-2.87500
33.15000,7.25312,-2.92537
33.16000,7.38374,-3.14092
33.17000,7.62563,-3.15561
33.18000,7.13237,-3.59065
33.19000,7.25503,-3.40988
33.20000,7.28399,-3.54735
33.21000,7.46283,-3.85649
33.22000,7.11451,-3.58993
33.23000,7.20594,-3.44409
33.24000,7.34822,-3.81369
33.25000,7.43000,-3.55920
33.26000,6.97499,-3.82762
33.27000,6.98370,-3.52735
33.28000,6.98457,-3.88319
33.29000,6.73642,-3.83060
33.30000,6.87408,-3.89123
33.31000,7.36756,-3.74620
33.32000,6.88079,-4.01324
33.33000,6.92847,-3.65498
33.34000,6.99975,-4.05183
33.35000,6.97456,-4.25857
33.36000,6.88341,-4.21581
33.37000,6.74213,-4.07306
33.38000,6.54706,-4.03358
33.39000,6.53037,-4.55809
33.40000,6.48681,-3.84921
33.41000,6.84431,-3.85349
33.42000,6.87499,-4.34662
33.43000,6.55888,-4.23724
33.44000,6.88793,-4.64681
33.45000,6.61236,-4.47556
33.46000,6.88098,-4.52264
33.47000,6.80816,-4.73994
33.48000,6.81933,-4.34566
33.49000,6.52469,-4.79133
33.50000,6.33868,-4.65492
33.51000,6.50336,-4.72180
33.52000,6.52558,-4.94903
33.53000,6.30791,-4.50549
33.54000,6.25753,-4.76568
33.55000,5.99355,-4.95489
33.56000,6.50785,-5.12995
33.57000,6.20254,-4.91321
33.58000,6.34321,-5.20542
33.59000,6.21882,-5.11295
33.60000,6.03804,-4.96186
33.61000,6.02304,-5.05529
33.62000,6.09339,-4.69564
33.63000,5.92522,-5.34733
33.64000,6.16843,-5.34969
33.65000,6.05160,-5.22665
33.66000,6.12709,-5.41346
33.67000,6.21973,-5.22576
33.68000,5.71201,-5.39877
33.69000,5.76186,-5.50423
33.70000,5.39257,-5.43592
33.71000,5.67386,-5.30466
33.72000,5.99851,-5.58947
33.73000,5.87708,-5.36126
33.74000,5.85049,-5.43423
33.75000,5.37489,-5.63818
33.76000,5.46516,-5.53971
33.77000,5.92049,-5.58530
33.78000,5.62393,-5.61757
33.79000,5.43769,-5.81978
33.80000,5.57133,-5.83562
33.81000,5.77701,-5.93755
33.82000,5.68394,-5.90801
33.83000,5.46519,-5.92496
33.84000,4.97863,-5.97059
33.85000,5.62334,-6.25445
33.86000,4.99018,-6.16599
33.87000,5.34585,-6.01466
33.88000,5.06041,-6.18767
33.89000,4.96536,-5.94597
33.90000,5.19164,-6.15783
33.91000,5.25576,-5.94239
33.92000,5.03904,-6.28037
33.93000,4.83588,-6.24298
33.94000,4.90423,-6.24067
33.95000,4.72586,-5.97475
33.96000,4.53251,-6.40933
33.97000,4.91344,-6.16192
33.98000,4.90911,-6.44865
33.99000,4.45853,-6.19502
34.00000,4.68921,-6.49403
34.01000,4.47589,-6.42968
34.02000,4.79686,-6.44347
34.03000,4.56719,-6.45874
34.04000,4.53561,-6.54776
34.05000,4.61244,-6.60723
34.06000,4.47113,-7.01756
34.07000,4.76690,-6.56975
34.08000,4.27537,-6.61615
34.09000,4.39033,-6.83078
34.10000,3.99142,-7.01050
34.11000,4.20489,-6.92447
34.12000,3.96777,-7.12418
34.13000,4.05213,-7.11936
34.14000,4.04823,-7.03834
34.15000,3.95025,-7.24260
34.16000,3.92831,-6.78741
34.17000,3.90948,-6.99183
34.18000,3.96387,-6.81157
34.19000,4.18189,-6.67066
34.20000,3.77002,-7.09833
34.21000,3.71127,-7.05752
34.22000,3.63184,-7.16151
34.23000,3.80768,-7.26237
34.24000,3.66165,-7.35949
34.25000,3.38817,-7.28744
34.26000,3.63354,-7.60997
34.27000,3.42745,-7.12320
34.28000,3.91341,-7.05189
34.29000,3.48916,-7.27442
34.30000,3.41771,-7.44523
34.31000,3.40721,-7.55403
34.32000,3.14542,-7.20750
34.33000,3.11669,-7.40028
34.34000,3.31570,-7.62625
34.35000,2.79435,-7.23190
34.36000,3.20957,-7.52624
34.37000,3.05438,-7.36177
34.38000,3.10518,-7.22061
34.39000,3.04689,-7.12661
34.40000,3.24847,-7.51161
34.41000,2.94686,-7.54886
34.42000,3.12386,-7.49200
34.43000,2.79982,-7.40032
34.44000,2.57217,-7.29685
34.45000,2.54293,-7.85044
34.46000,2.59132,-7.51254
34.47000,2.81545,-7.63509
34.48000,2.39791,-7.64121
34.49000,2.63287,-7.38907
34.50000,2.12178,-7.63784
34.51000,2.64484,-7.56339
34.52000,2.60058,-7.79025
34.53000,2.24102,-7.73277
34.54000,2.10578,-7.59523
34.55000,2.16605,-7.87345
34.56000,2.32361,-7.95270
34.57000,2.21776,-8.05585
34.58000,2.07578,-7.96460
34.59000,2.10130,-8.02503
34.60000,2.07175,-7.86744
34.61000,2.10340,-7.95322
34.62000,1.74956,-8.07627
34.63000,1.87084,-7.84349
34.64000,1.76148,-7.93510
34.65000,1.66549,-7.84145
34.66000,1.78047,-7.67479
34.67000,1.82196,-7.94468
34.68000,1.68939,-8.00260
34.69000,1.48406,-7.79117
34.70000,1.27890,-8.18624
34.71000,1.28591,-7.90205
34.72000,1.65457,-7.71226
34.73000,0.93806,-7.72714
34.74000,1.29559,-8.08921
34.75000,1.31229,-7.47912
34.76000,1.09535,-8.07839
34.77000,1.47621,-7.86384
34.78000,1.16998,-7.99807
34.79000,1.01275,-7.96124
34.80000,1.50552,-7.84674
34.81000,0.99490,-8.58498
34.82000,0.84994,-8.11883
34.83000,1.03034,-7.70924
34.84000,0.95333,-7.82657
34.85000,0.25261,-7.95065
34.86000,0.89854,-8.20742
34.87000,0.76327,-7.89737
34.88000,0.17434,-8.10432
34.89000,0.40669,-7.80359
34.90000,0.54054,-7.71270
34.91000,0.30586,-7.81432
34.92000,0.53843,-7.99413
34.93000,0.67563,-8.44147
34.94000,0.46296,-7.95869
34.95000,0.31969,-8.14923
34.96000,0.36243,-8.23146
34.97000,0.31656,-7.88568
34.98000,0.16783,-7.94657
34.99000,0.19880,-7.71577
35.00000,-0.08822,-7.87296
35.01000,-0.02585,-7.98210
35.02000,-0.21707,-8.18458
35.03000,0.03658,-8.13057
35.04000,-0.14663,-7.94908
35.05000,0.00590,-8.11340
35.06000,-0.29749,-8.09040
35.07000,-0.26156,-7.93619
35.08000,-0.43302,-7.77849
35.09000,-0.55089,-8.21451
35.10000,-0.46265,-7.94590
35.11000,-0.52884,-8.16221
35.12000,-0.53999,-8.03513
35.13000,-0.55334,-8.27197
35.14000,-0.81079,-7.94653
35.15000,-0.45476,-8.00196
35.16000,-0.81973,-7.85374
35.17000,-0.96004,-7.73180
35.18000,-1.06932,-7.80808
35.19000,-1.28290,-7.93626
35.20000,-1.01916,-7.70585
35.21000,-0.97598,-7.75831
35.22000,-1.04350,-7.84647
35.23000,-1.16693,-8.04468
35.24000,-1.17218,-7.83345
35.25000,-1.33928,-7.89716
35.26000,-1.38210,-7.82624
35.27000,-1.39137,-7.55741
35.28000,-1.30836,-7.92219
35.29000,-1.44277,-7.74303
35.30000,-1.49163,-7.66977
35.31000,-1.28406,-7.66100
35.32000,-1.73834,-8.10960
35.33000,-1.55794,-7.79307
35.34000,-1.45791,-8.04922
35.35000,-1.23956,-8.08466
35.36000,-2.01018,-7.68358
35.37000,-1.41523,-7.86988
35.38000,-1.99718,-7.73350
35.39000,-2.04478,-7.75495
35.40000,-1.89518,-7.93966
35.41000,-1.92275,-7.68249
35.42000,-2.07544,-7.81343
35.43000,-2.14750,-8.00456
35.44000,-2.25397,-7.45839
35.45000,-2.42046,-7.60561
35.46000,-2.26842,-7.49634
35.47000,-2.42359,-7.59095
35.48000,-2.46837,-7.51879
35.49000,-2.45128,-7.45768
35.50000,-2.64749,-7.57120
35.51000,-2.52593,-7.50649
35.52000,-2.60325,-7.50784
35.53000,-2.69050,-7.72658
35.54000,-2.49128,-7.57774
35.55000,-2.85248,-7.76231
35.56000,-2.63368,-7.38085
35.57000,-2.74914,-7.18094
35.58000,-2.67792,-7.42790
35.59000,-3.20465,-7.68556
35.60000,-2.77275,-7.43715
35.61000,-3.17242,-7.21214
35.62000,-3.27293,-7.14122
35.63000,-3.18081,-7.16390
35.64000,-3.13545,-7.35163
35.65000,-3.29987,-7.42967
35.66000,-2.90243,-7.76322
35.67000,-3.08709,-7.10814
35.68000,-3.28110,-7.43290
35.69000,-3.17940,-7.04419
35.70000,-3.43650,-7.32728
35.71000,-3.55500,-7.34121
35.72000,-3.70783,-7.41957
35.73000,-3.53758,-7.32815
35.74000,-3.42636,-6.89098
35.75000,-3.43748,-7.09761
35.76000,-3.49007,-7.14155
35.77000,-3.72482,-7.09239
35.78000,-3.66282,-6.95021
35.79000,-3.83937,-6.81392
35.80000,-3.93384,-6.88844
35.81000,-3.81486,-6.72560
35.82000,-4.00379,-7.25867
35.83000,-3.83729,-6.94139
35.84000,-4.08239,-6.57246
35.85000,-4.00936,-7.05773
35.86000,-4.30940,-7.06496
35.87000,-4.15993,-7.06621
35.88000,-4.45222,-6.71370
35.89000,-4.47479,-6.87664
35.90000,-4.26995,-7.00399
35.91000,-4.60336,-6.74147
35.92000,-4.34855,-6.31831
35.93000,-4.33616,-6.58753
35.94000,-4.28185,-6.65569
35.95000,-4.27000,-6.56293
35.96000,-4.72362,-6.78043
35.97000,-4.47124,-6.27681
35.98000,-4.42807,-6.78714
35.99000,-4.98673,-6.24143
36.00000,-4.90825,-6.43649
36.01000,-4.90565,-6.41225
36.02000,-4.60862,-6.35262
36.03000,-4.62645,-6.60404
36.04000,-4.67963,-6.22713
36.05000,-4.68712,-6.27601
36.06000,-5.08749,-6.45218
36.07000,-5.24028,-6.32452
36.08000,-5.23152,-6.09806
36.09000,-5.09535,-6.25736
36.10000,-4.96420,-6.17814
36.11000,-5.08035,-6.23040
36.12000,-5.16973,-6.31959
36.13000,-5.04488,-5.93616
36.14000,-4.95335,-6.16451
36.15000,-5.46092,-6.47092
36.16000,-5.29973,-5.80977
36.17000,-5.23961,-5.96841
36.18000,-5.13104,-6.10866
36.19000,-5.45636,-5.67521
36.20000,-5.13373,-5.60736
36.21000,-5.41004,-5.80307
36.22000,-5.36765,-5.69198
36.23000,-5.45306,-5.90798
36.24000,-5.34968,-5.71775
36.25000,-5.76650,-5.61276
36.26000,-5.71249,-5.46897
36.27000,-5.44559,-5.75636
36.28000,-5.82849,-5.66788
36.29000,-5.61096,-5.56907
36.30000,-5.86362,-5.19872
36.31000,-5.77729,-5.82161
36.32000,-5.83172,-5.58239
36.33000,-5.82612,-5.32388
36.34000,-5.89633,-5.32354
36.35000,-6.05998,-5.27056
36.36000,-5.96623,-5.24182
36.37000,-6.10498,-5.17580
36.38000,-6.02440,-4.96609
36.39000,-6.39954,-4.77243
36.40000,-6.15245,-4.98959
36.41000,-6.18312,-5.26158
36.42000,-6.38822,-5.06458
36.43000,-6.13661,-5.16655
36.44000,-6.54122,-5.11623
36.45000,-6.22370,-5.00562
36.46000,-6.57173,-5.01078
36.47000,-6.37240,-4.69040
36.48000,-6.88423,-4.48439
36.49000,-6.35998,-4.68528
36.50000,-6.55578,-4.63261
36.51000,-6.66786,-4.55384
36.52000,-6.84033,-4.64787
36.53000,-6.64555,-4.39448
36.54000,-6.51266,-4.61311
36.55000,-6.34878,-4.57958
36.56000,-6.73722,-4.34374
36.57000,-6.88891,-4.30611
36.58000,-6.76959,-4.38831
36.59000,-6.83245,-4.50048
36.60000,-6.42365,-4.14685
36.61000,-6.73023,-4.14800
36.62000,-6.46674,-3.93679
36.63000,-6.47268,-4.35472
36.64000,-6.88222,-3.97656
36.65000,-6.79117,-4.21792
36.66000,-7.18445,-4.10954
36.67000,-6.70846,-3.97239
36.68000,-7.08192,-3.96416
36.69000,-7.45631,-3.63689
36.70000,-6.59099,-3.80731
36.71000,-6.87941,-3.74390
36.72000,-6.83112,-3.70097
36.73000,-7.02765,-3.28322
36.74000,-7.09305,-3.49550
36.75000,-7.27703,-3.53219
36.76000,-7.40149,-3.30795
36.77000,-7.10470,-3.32863
36.78000,-6.93144,-3.41788
36.79000,-7.60292,-3.53365
36.80000,-7.12559,-3.49793
36.81000,-7.43952,-3.42910
36.82000,-7.24348,-3.17378
36.83000,-7.22854,-3.21435
36.84000,-6.92177,-3.58514
36.85000,-7.19059,-3.24782
36.86000,-7.55447,-2.90174
36.87000,-7.57131,-3.01934
36.88000,-7.49477,-3.20030
36.89000,-7.22022,-3.07024
36.90000,-7.40681,-3.07396
36.91000,-7.44418,-2.91399
36.92000,-7.47047,-3.25362
36.93000,-7.64372,-2.97639
36.94000,-7.47461,-2.51675
36.95000,-7.54251,-2.99833
36.96000,-7.47976,-2.67112
36.97000,-7.31251,-2.71282
36.98000,-7.47340,-2.74880
36.99000,-7.89142,-2.31192
37.00000,-7.72308,-2.76287
37.01000,-7.37613,-2.29764
37.02000,-7.88594,-2.32163
37.03000,-7.84489,-2.30457
37.04000,-7.55540,-2.29730
37.05000,-7.50846,-2.38595
37.06000,-7.51434,-2.46654
37.07000,-7.76707,-2.29826
37.08000,-7.99192,-2.28171
37.09000,-7.69441,-1.95238
37.10000,-7.75946,-2.07796
37.11000,-7.57578,-1.78314
37.12000,-7.94637,-2.03761
37.13000,-7.82093,-1.56436
37.14000,-7.47783,-2.01160
37.15000,-7.82989,-1.78310
37.16000,-7.82918,-1.69929
37.17000,-7.98998,-1.67257
37.18000,-7.86389,-1.57781
37.19000,-7.87427,-1.47645
37.20000,-7.78157,-1.65449
37.21000,-7.84899,-1.23748
37.22000,-7.92281,-1.40430
37.23000,-8.06557,-1.52995
37.24000,-7.96845,-1.18920
37.25000,-7.88799,-1.28225
37.26000,-7.72483,-1.40790
37.27000,-8.21475,-1.05032
37.28000,-8.11992,-1.16615
37.29000,-7.73932,-1.15193
37.30000,-7.94046,-0.57297
37.31000,-8.08345,-0.94093
37.32000,-7.90264,-0.68856
37.33000,-7.97685,-0.94892
37.34000,-8.15180,-0.79005
37.35000,-8.00697,-0.93221
37.36000,-7.92874,-0.59213
37.37000,-7.73106,-0.65832
37.38000,-7.88711,-0.64083
37.39000,-8.22239,-0.20267
37.40000,-7.72963,-0.45384
37.41000,-7.91118,-0.46655
37.42000,-8.06322,-0.24314
37.43000,-7.57599,-0.29288
37.44000,-7.90293,-0.01176
37.45000,-8.04115,-0.52814
37.46000,-7.75358,-0.24671
37.47000,-7.92047,-0.20999
37.48000,-7.91946,-0.39279
37.49000,-7.90710,0.05661
37.50000,-8.02676,-0.27638
37.51000,-7.88617,0.00153
37.52000,-7.92840,0.14832
37.53000,-8.18988,0.24333
37.54000,-7.87958,0.39732
37.55000,-8.08342,0.28934
37.56000,-7.87014,0.45479
37.57000,-8.07662,0.40779
37.58000,-7.81939,0.26260
37.59000,-8.11088,0.53534
37.60000,-8.16049,0.14103
37.61000,-8.39569,0.68821
37.62000,-8.00278,0.74512
37.63000,-8.03936,0.87647
37.64000,-7.89270,0.95836
37.65000,-8.16449,0.45935
37.66000,-8.16170,0.76607
37.67000,-8.13115,0.77756
37.68000,-8.15578,0.92955
37.69000,-8.05617,0.91813
37.70000,-7.92421,1.06112
37.71000,-7.96196,1.45204
37.72000,-8.01698,1.42405
37.73000,-7.63710,1.34212
37.74000,-8.06504,1.55027
37.75000,-8.23324,1.29395
37.76000,-7.92879,0.97172
37.77000,-7.96584,1.58841
37.78000,-8.10770,1.39786
37.79000,-7.82177,1.45884
37.80000,-7.87906,1.38730
37.81000,-7.71240,1.48398
37.82000,-7.77303,1.82707
37.83000,-7.91388,1.64605
37.84000,-7.72541,1.70388
37.85000,-7.80763,1.66700
37.86000,-7.82444,1.80353
37.87000,-7.52382,1.90142
37.88000,-7.77403,2.17251
37.89000,-7.94565,2.20020
37.90000,-7.58642,2.10212
37.91000,-7.89410,2.11838
37.92000,-7.86956,2.23719
37.93000,-7.70171,1.89992
37.94000,-7.56107,2.09750
37.95000,-7.71647,2.04992
37.96000,-7.48712,2.01258
37.97000,-7.89925,2.48440
37.98000,-7.76030,2.22282
37.99000,-7.60035,2.47857
38.00000,-7.66296,2.43293
38.01000,-7.58621,2.41342
38.02000,-7.68074,2.36030
38.03000,-7.57007,2.41898
38.04000,-7.56497,2.90253
38.05000,-7.68393,2.73257
38.06000,-7.46000,2.44614
38.07000,-7.18523,3.03881
38.08000,-7.65839,3.08310
38.09000,-7.14049,2.89057
38.10000,-7.61626,2.92137
38.11000,-7.08497,2.78868
38.12000,-7.33151,2.89803
38.13000,-7.63330,2.81530
38.14000,-7.00975,3.21355
38.15000,-7.51839,3.02737
38.16000,-7.62219,3.11965
38.17000,-7.15979,3.42989
38.18000,-6.76303,3.04022
38.19000,-7.51710,3.30443
38.20000,-7.49222,3.15768
38.21000,-7.40622,3.61571
38.22000,-7.47489,3.53705
38.23000,-7.06719,3.57324
38.24000,-6.91465,3.63978
38.25000,-7.20820,3.76624
38.26000,-7.10753,3.57740
38.27000,-7.09677,3.70601
38.28000,-7.14595,3.92360
38.29000,-7.28054,3.83899
38.30000,-7.01787,3.88503
38.31000,-6.93350,4.10183
38.32000,-7.27674,3.96992
38.33000,-7.21491,3.92429
38.34000,-7.06014,4.09918
38.35000,-6.86347,4.27720
38.36000,-6.73021,4.45382
38.37000,-7.08835,4.09481
38.38000,-6.94857,4.11723
38.39000,-6.71576,4.33557
38.40000,-6.92848,4.00587
38.41000,-6.55672,4.64334
38.42000,-6.71285,4.55464
38.43000,-6.77558,4.27164
38.44000,-6.33232,4.36054
38.45000,-6.50546,4.49291
38.46000,-6.67835,4.44831
38.47000,-6.41396,4.34699
38.48000,-6.49639,4.32058
38.49000,-6.63383,4.50664
38.50000,-6.69891,4.79179
38.51000,-6.63805,4.92284
38.52000,-6.50684,4.55088
38.53000,-6.23216,4.56721
38.54000,-6.35304,4.93190
38.55000,-6.38938,4.71125
38.56000,-6.17493,4.89062
38.57000,-6.31379,5.03201
38.58000,-6.58790,4.97614
38.59000,-6.08623,4.86348
38.60000,-5.99351,4.92526
38.61000,-5.89771,4.90267
38.62000,-6.20027,5.16530
38.63000,-5.96662,4.84661
38.64000,-5.82118,5.25180
38.65000,-6.07023,5.45486
38.66000,-5.55781,5.19856
38.67000,-5.88032,5.11156
38.68000,-5.75282,5.48386
38.69000,-5.91325,5.23162
38.70000,-5.94581,5.53947
38.71000,-6.00672,5.39783
38.72000,-5.67779,5.80096
38.73000,-5.98509,5.38417
38.74000,-5.83411,5.71959
38.75000,-5.46773,5.98978
38.76000,-5.42296,5.49625
38.77000,-5.37544,5.90899
38.78000,-5.62320,5.86137
38.79000,-5.29066,5.56439
38.80000,-5.30290,6.08249
38.81000,-5.65095,5.82400
38.82000,-5.81382,5.36650
38.83000,-5.37369,5.97970
38.84000,-5.15007,5.89779
38.85000,-5.34581,6.04682
38.86000,-5.20818,6.19086
38.87000,-5.43207,6.14781
38.88000,-5.04551,6.41911
38.89000,-4.97820,5.98399
38.90000,-4.96695,6.12980
38.91000,-5.32206,6.23016
38.92000,-4.90023,6.17573
38.93000,-5.05524,6.35095
38.94000,-4.97704,6.49217
38.95000,-4.82595,6.39774
38.96000,-4.93889,6.37011
38.97000,-4.74353,6.36840
38.98000,-4.60732,6.53182
38.99000,-4.55945,6.49784
39.00000,-4.69999,6.49025
39.01000,-4.84414,6.59417
39.02000,-4.63602,6.58998
39.03000,-4.27444,6.42984
39.04000,-4.33464,6.77573
39.05000,-4.72259,6.90436
39.06000,-4.42278,6.44205
39.07000,-4.45816,6.77563
39.08000,-4.37121,6.78406
39.09000,-4.36588,6.81078
39.10000,-4.21629,6.87206
39.11000,-4.54948,6.69819
39.12000,-4.23417,6.96049
39.13000,-3.71161,6.87041
39.14000,-4.06923,7.05091
39.15000,-3.92334,6.88587
39.16000,-4.07380,7.16904
39.17000,-4.08320,6.87995
39.18000,-3.89123,6.92684
39.19000,-3.96924,7.27012
39.20000,-3.94390,7.03462
39.21000,-3.68413,7.27447
39.22000,-3.93668,7.04996
39.23000,-3.66898,6.88812
39.24000,-3.69789,7.00686
39.25000,-3.57135,7.40029
39.26000,-4.08378,7.31676
39.27000,-3.58298,7.13657
39.28000,-3.48348,7.11149
39.29000,-3.20341,7.30249
39.30000,-3.35384,7.13975
39.31000,-3.21751,7.26216
39.32000,-3.07720,7.31934
39.33000,-3.19586,7.26727
39.34000,-3.24965,7.22908
39.35000,-3.19167,7.38947
39.36000,-3.10546,7.01508
39.37000,-2.93703,7.28943
39.38000,-2.83311,7.52498
39.39000,-3.09578,7.20018
39.40000,-2.92566,7.64918
39.41000,-3.30844,7.64984
39.42000,-3.12834,7.16210
39.43000,-2.82377,7.71502
39.44000,-3.09828,7.67647
39.45000,-2.38166,7.55502
39.46000,-2.42674,7.42424
39.47000,-2.87788,7.45798
39.48000,-2.79415,7.64836
39.49000,-2.68569,7.84972
39.50000,-2.40208,7.51463
39.51000,-2.57992,7.76492
39.52000,-2.46434,7.66286
39.53000,-2.39807,7.74327
39.54000,-2.10961,7.80196
39.55000,-2.25086,7.36789
39.56000,-2.16646,7.57416
39.57000,-2.16305,7.51562
39.58000,-2.23413,7.46538
39.59000,-2.07453,7.70528
39.60000,-2.07670,7.99870
39.61000,-1.71049,7.93534
39.62000,-1.80525,7.91732
39.63000,-1.60307,7.78346
39.64000,-1.81469,8.18781
39.65000,-1.49621,7.99924
39.66000,-1.65294,7.67700
39.67000,-1.64436,8.07623
39.68000,-1.80409,7.93869
39.69000,-1.42538,7.86814
39.70000,-1.75695,7.46518
39.71000,-1.41993,8.11512
39.72000,-1.38707,8.07425
39.73000,-1.07232,7.75274
39.74000,-1.32033,7.89094
39.75000,-1.16941,7.95885
39.76000,-0.96974,7.61582
39.77000,-1.01814,8.09303
39.78000,-1.18061,7.84436
39.79000,-0.81430,7.92704
39.80000,-1.27188,7.96874
39.81000,-0.85736,8.17631
39.82000,-0.92574,7.66974
39.83000,-0.72201,7.85883
39.84000,-0.86016,8.01640
39.85000,-0.63484,7.83692
39.86000,-0.75809,8.15662
39.87000,-0.52499,7.97854
39.88000,-0.56831,7.78129
39.89000,-0.53626,8.03574
39.90000,-0.45535,7.99205
39.91000,-0.41785,7.69341
39.92000,-0.66684,7.69573
39.93000,-0.29289,7.89556
39.94000,-0.26327,8.14099
39.95000,-0.34581,8.10887
39.96000,-0.24982,8.06029
39.97000,0.22744,7.92238
39.98000,0.06958,7.51050
39.99000,-0.09382,8.23945
40.00000,-0.19097,7.82432
40.01000,-0.22377,8.36833
40.02000,0.41699,7.76899
40.03000,0.00489,8.20865
40.04000,0.14091,8.14633
40.05000,0.44756,8.03444
40.06000,0.48494,8.27055
40.07000,0.41975,8.01453
40.08000,0.22856,8.25605
40.09000,0.53855,7.80690
40.10000,0.77650,7.93020
40.11000,0.33094,8.17926
40.12000,0.77163,8.07162
40.13000,0.60490,8.18467
40.14000,1.17845,7.68791
40.15000,0.79867,7.83377
40.16000,0.72524,7.87437
40.17000,0.92091,8.19600
40.18000,1.06483,8.09067
40.19000,0.91165,8.02135
40.20000,1.00623,7.87099
40.21000,1.13026,7.60226
40.22000,0.97700,7.85372
40.23000,1.69534,7.95381
40.24000,1.05931,7.71143
40.25000,1.33421,7.73410
40.26000,1.10847,8.17822
40.27000,1.39832,7.88660
40.28000,0.99859,7.65987
40.29000,1.34946,7.67867
40.30000,1.36528,7.94568
40.31000,1.83087,7.79401
40.32000,1.56430,7.45774
40.33000,1.64560,7.96092
40.34000,2.11793,7.85426
40.35000,1.64208,7.64678
40.36000,1.62947,7.65518
40.37000,1.74682,7.79530
40.38000,1.96105,7.70601
40.39000,1.93137,7.70869
40.40000,1.98637,7.74693
40.41000,1.65153,8.06629
40.42000,2.31323,7.68634
40.43000,2.20641,7.70077
40.44000,2.43223,7.68365
40.45000,2.35535,7.82083
40.46000,2.53263,7.91955
40.47000,2.39987,7.77960
40.48000,2.18654,7.60218
40.49000,2.30650,7.46063
40.50000,2.60890,7.55657
40.51000,2.61751,7.56478
40.52000,2.68631,7.66184
40.53000,2.66201,7.56868
40.54000,2.46518,7.18549
40.55000,2.79284,7.53912
40.56000,2.52620,7.53748
40.57000,2.82821,7.39922
40.58000,3.00329,7.84253
40.59000,3.01148,7.39091
40.60000,2.99568,7.53415
40.61000,2.99034,7.67188
40.62000,3.22406,7.21032
40.63000,3.20288,7.30551
40.64000,3.25736,7.25439
40.65000,3.69095,7.45856
40.66000,3.07525,7.37477
40.67000,3.51970,7.40815
40.68000,3.40382,6.90787
40.69000,3.11795,7.35462
40.70000,3.55518,7.31861
40.71000,3.63896,7.32460
40.72000,3.40944,7.25681
40.73000,3.25271,7.26934
40.74000,3.91691,7.51918
40.75000,3.57411,6.79267
40.76000,4.16202,6.89036
40.77000,3.61516,7.11230
40.78000,3.57607,7.03727
40.79000,3.74487,7.12048
40.80000,3.87497,7.03393
40.81000,4.13833,6.96482
40.82000,4.03295,6.83453
40.83000,4.13475,6.87950
40.84000,4.19524,7.07601
40.85000,3.80813,7.03824
40.86000,4.25073,6.73120
40.87000,4.32686,6.77625
40.88000,4.20527,6.63006
40.89000,4.22581,6.74357
40.90000,4.13729,6.90875
40.91000,4.30606,6.73769
40.92000,4.56149,6.59412
40.93000,4.16636,6.98449
40.94000,4.22551,6.66112
40.95000,4.30621,6.67776
40.96000,4.56017,6.77655
40.97000,4.37270,6.76595
40.98000,4.57596,6.55846
40.99000,4.51154,6.22366
41.00000,4.53758,6.35472
41.01000,4.85931,6.00393
41.02000,4.89778,6.67867
41.03000,4.60315,6.31062
41.04000,4.69595,6.45323
41.05000,4.88399,6.13861
41.06000,5.23410,6.22116
41.07000,5.06221,6.59271
41.08000,4.95934,6.44914
41.09000,5.12167,6.10554
41.10000,4.95563,6.24819
41.11000,5.29365,6.23238
41.12000,5.38183,6.22373
41.13000,5.12864,6.20319
41.14000,4.99104,5.90951
41.15000,5.46046,5.87383
41.16000,5.30687,5.81888
41.17000,5.09354,5.90442
41.18000,5.45800,6.23809
41.19000,5.63269,5.79472
41.20000,5.36832,5.83279
41.21000,5.65819,5.64075
41.22000,5.37579,5.45463
41.23000,5.40826,5.39460
41.24000,5.55708,5.62508
41.25000,5.58962,5.73789
41.26000,5.93146,5.67072
41.27000,5.77812,5.45107
41.28000,5.93321,5.51027
41.29000,5.74912,5.59171
41.30000,5.82275,5.49049
41.31000,5.75380,5.56784
41.32000,5.91304,5.56666
41.33000,6.12313,5.47624
41.34000,6.31259,5.48172
41.35000,5.98605,4.87178
41.36000,6.04360,5.65919
41.37000,5.92124,5.18665
41.38000,6.00675,5.02553
41.39000,6.18865,4.90728
41.40000,6.39893,5.04203
41.41000,6.23652,4.88385
41.42000,6.19881,4.86524
41.43000,6.16050,4.72624
41.44000,6.28303,5.03667
41.45000,6.46998,4.73460
41.46000,6.25954,4.96015
41.47000,6.28452,4.79007
41.48000,6.28738,4.70502
41.49000,6.53452,4.69652
41.50000,6.38539,4.52876
41.51000,6.45286,4.70312
41.52000,6.15399,4.84542
41.53000,6.87203,4.54103
41.54000,6.50250,4.39636
41.55000,6.61488,4.72533
41.56000,6.53368,4.33067
41.57000,6.70410,4.62574
41.58000,6.86079,4.26946
41.59000,6.48032,4.32823
41.60000,6.65097,4.33018
41.61000,6.43172,4.14648
41.62000,6.76338,4.34999
41.63000,6.44780,4.24429
41.64000,6.92265,4.44096
41.65000,7.01863,4.28354
41.66000,6.85666,4.07714
41.67000,7.13967,3.54325
41.68000,6.76725,3.96354
41.69000,7.07971,3.80899
41.70000,6.73316,3.73056
41.71000,6.72026,3.96776
41.72000,7.04341,3.91423
41.73000,7.05483,3.68738
41.74000,7.08709,3.49229
41.75000,7.36375,3.77099
41.76000,7.34922,3.60129
41.77000,7.27766,3.70637
41.78000,7.09791,3.51435
41.79000,7.30657,3.64886
41.80000,7.23227,3.12122
41.81000,7.19335,3.11064
41.82000,7.60451,3.37943
41.83000,7.30587,3.16832
41.84000,7.25674,3.30189
41.85000,6.90361,3.05767
41.86000,7.31360,3.20052
41.87000,7.55494,3.02918
41.88000,7.49330,3.32710
41.89000,7.44595,2.83729
41.90000,7.46024,2.60783
41.91000,7.41759,3.04668
41.92000,7.74514,2.65304
41.93000,7.73554,2.90989
41.94000,7.82251,2.74853
41.95000,7.64527,2.63475
41.96000,7.52721,2.79208
41.97000,7.53236,2.45333
41.98000,7.46373,3.02294
41.99000,7.38786,2.28096
42.00000,7.54164,2.59586
42.01000,7.88224,2.65925
42.02000,7.59588,2.52278
42.03000,7.68581,2.73997
42.04000,7.72667,1.96154
42.05000,7.69963,2.02589
42.06000,7.78640,2.10445
42.07000,7.64643,2.15926
42.08000,7.76637,2.05414
42.09000,7.76086,2.08316
42.10000,7.65334,1.87677
42.11000,7.92324,1.90527
42.12000,7.84453,1.90713
42.13000,7.54921,1.97407
42.14000,7.63954,2.15571
42.15000,7.80108,1.89592
42.16000,7.74271,1.79844
42.17000,7.84052,1.99473
42.18000,7.94534,1.71409
42.19000,8.04412,1.71767
42.20000,7.92781,1.11890
42.21000,8.12015,1.51272
42.22000,7.83828,1.42918
42.23000,7.95058,1.35242
42.24000,8.03357,1.31979
42.25000,7.70546,1.18782
42.26000,7.88346,0.98892
42.27000,8.14696,0.98882
42.28000,8.19144,0.93973
42.29000,8.19224,1.04580
42.30000,7.91936,1.02175
42.31000,8.33059,0.82813
42.32000,7.84484,0.92928
42.33000,7.75278,0.74720
42.34000,7.95040,0.79536
42.35000,8.34459,1.24335
42.36000,7.62044,0.96740
42.37000,7.87725,0.71252
42.38000,8.51379,0.35280
42.39000,7.78549,0.66585
42.40000,7.79124,0.76353
42.41000,7.82493,0.54968
42.42000,7.61456,0.61790
42.43000,8.06048,0.76354
42.44000,8.00391,0.36010
42.45000,8.21031,0.11085
42.46000,7.92834,0.04806
42.47000,8.14914,0.02439
42.48000,7.98789,0.15601
42.49000,8.03293,0.05515
42.50000,7.83295,-0.18078
42.51000,8.10913,-0.24833
42.52000,7.86333,-0.03013
42.53000,8.32741,-0.10750
42.54000,8.10081,-0.15264
42.55000,8.28703,-0.04849
42.56000,7.77591,0.02437
42.57000,8.07337,-0.29387
42.58000,7.96355,-0.36605
42.59000,8.12640,-0.71474
42.60000,7.90740,-0.28955
42.61000,7.82728,-0.63009
42.62000,7.91468,-0.29406
42.63000,8.09894,-0.56979
42.64000,7.90040,-0.42048
42.65000,8.21925,-0.58241
42.66000,7.98777,-0.65198
42.67000,7.79615,-0.71074
42.68000,8.04184,-0.91305
42.69000,8.34556,-0.85895
42.70000,8.10453,-0.73507
42.71000,7.96512,-1.01486
42.72000,7.84277,-1.01444
42.73000,8.00144,-0.96047
42.74000,7.83849,-1.12637
42.75000,8.08521,-1.33795
42.76000,8.17521,-1.48252
42.77000,7.57751,-1.39499
42.78000,8.06062,-1.18285
42.79000,7.78855,-1.39777
42.80000,8.01186,-1.38896
42.81000,8.01991,-1.65444
42.82000,7.89739,-1.59071
42.83000,7.71568,-1.53820
42.84000,7.86948,-1.75087
42.85000,7.62208,-1.70211
42.86000,7.40144,-1.82367
42.87000,7.50081,-1.81208
42.88000,7.62002,-1.84550
42.89000,7.47330,-2.05759
42.90000,7.52898,-2.01654
42.91000,7.62226,-2.12581
42.92000,7.83910,-2.13606
42.93000,8.03902,-1.99730
42.94000,7.55217,-2.02717
42.95000,8.02861,-2.04692
42.96000,7.63169,-2.16351
42.97000,7.54156,-2.58580
42.98000,7.29139,-2.45076
42.99000,7.60721,-2.58582
43.00000,7.70239,-2.59328
43.01000,7.69767,-2.69204
43.02000,7.77937,-2.44811
43.03000,7.90551,-2.50025
43.04000,7.49538,-2.53375
43.05000,7.49632,-2.49728
43.06000,7.30144,-2.81022
43.07000,7.42134,-2.71588
43.08000,7.47047,-3.24144
43.09000,7.33554,-2.93534
43.10000,7.54989,-2.77578
43.11000,7.68294,-2.65420
43.12000,7.38508,-3.14922
43.13000,7.17364,-3.10385
43.14000,7.27226,-2.96648
43.15000,7.41849,-3.11109
43.16000,7.15005,-3.09742
43.17000,7.38651,-3.12351
43.18000,7.42310,-3.79554
43.19000,7.23153,-3.10373
43.20000,7.28310,-3.50659
43.21000,6.86273,-3.18170
43.22000,7.38013,-3.38141
43.23000,7.27295,-3.12845
43.24000,7.50601,-3.66950
43.25000,7.01005,-3.65462
43.26000,7.36418,-3.69806
43.27000,7.14756,-4.00100
43.28000,6.85004,-3.77631
43.29000,7.21613,-3.92317
43.30000,6.65833,-3.93675
43.31000,6.87721,-3.89438
43.32000,7.25824,-4.04940
43.33000,7.08189,-3.94715
43.34000,6.99307,-3.92780
43.35000,6.70887,-4.06920
43.36000,6.71521,-4.08115
43.37000,6.69859,-3.75524
43.38000,6.60683,-4.11679
43.39000,6.71278,-4.03010
43.40000,6.69875,-4.05686
43.41000,6.75847,-4.16361
43.42000,6.58969,-4.44966
43.43000,6.66120,-4.49536
43.44000,6.62612,-4.43856
43.45000,6.58368,-4.43204
43.46000,6.29574,-4.77291
43.47000,6.63354,-4.60493
43.48000,6.72706,-4.63494
43.49000,6.31097,-4.68118
43.50000,6.08576,-4.97003
43.51000,6.72353,-4.40080
43.52000,6.42304,-4.79202
43.53000,6.51030,-4.58720
43.54000,6.46201,-4.78021
43.55000,6.52238,-5.01486
43.56000,6.47110,-5.12189
43.57000,6.10354,-4.91289
43.58000,6.30253,-4.99118
43.59000,6.35100,-5.46795
43.60000,6.21381,-5.09494
43.61000,5.87402,-4.90838
43.62000,5.97874,-5.20614
43.63000,6.10889,-5.30689
43.64000,5.79893,-5.33522
43.65000,6.04862,-5.50603
43.66000,6.25548,-5.61748
43.67000,5.89997,-5.50962
43.68000,5.64298,-5.34769
43.69000,5.82436,-5.63614
43.70000,5.78879,-5.59813
43.71000,5.77130,-5.43405
43.72000,5.92724,-5.53885
43.73000,5.74840,-5.79534
43.74000,6.02642,-5.92040
43.75000,5.74013,-5.97106
43.76000,5.37562,-5.78293
43.77000,5.59619,-5.80280
43.78000,5.70430,-5.58911
43.79000,5.37036,-5.97630
43.80000,5.32665,-6.18084
43.81000,5.70646,-6.08336
43.82000,5.35904,-5.95434
43.83000,5.32101,-5.87257
43.84000,5.31271,-5.94176
43.85000,5.51946,-6.05007
43.86000,5.14535,-5.82580
43.87000,5.33369,-6.46221
43.88000,5.07129,-5.76535
43.89000,5.21766,-5.91506
43.90000,5.21276,-6.38029
43.91000,5.10051,-6.15171
43.92000,5.02367,-6.54247
43.93000,5.14222,-6.15404
43.94000,4.82094,-6.24813
43.95000,4.96046,-6.60285
43.96000,5.12621,-6.22432
43.97000,4.73408,-6.22051
43.98000,4.76063,-6.50283
43.99000,4.91588,-6.36002
44.00000,4.55998,-6.55158
44.01000,4.70557,-6.34015
44.02000,4.71854,-6.42158
44.03000,4.13097,-6.60069
44.04000,4.38062,-6.85239
44.05000,4.55134,-6.96132
44.06000,4.64833,-6.68345
44.07000,4.49284,-6.81455
44.08000,4.30504,-6.55145
44.09000,3.98207,-6.69952
44.10000,4.61248,-6.68192
44.11000,4.18594,-6.94539
44.12000,3.98303,-7.04886
44.13000,4.34863,-6.79624
44.14000,4.10354,-6.89379
44.15000,4.25636,-6.68797
44.16000,4.27152,-7.14549
44.17000,4.05981,-6.82631
44.18000,4.19239,-6.94717
44.19000,4.06592,-6.81080
44.20000,3.93470,-7.08129
44.21000,3.80564,-7.12205
44.22000,3.87927,-6.89435
44.23000,3.46904,-6.99038
44.24000,3.72500,-7.25910
44.25000,3.56098,-7.05687
44.26000,3.41325,-6.79588
44.27000,3.54583,-7.10632
44.28000,3.33160,-7.05237
44.29000,3.54301,-7.15205
44.30000,3.24925,-7.10665
44.31000,3.60809,-7.16026
44.32000,3.26342,-7.18018
44.33000,3.16615,-7.52604
44.34000,3.37475,-7.12803
44.35000,2.83018,-7.49871
44.36000,3.16548,-7.22761
44.37000,3.27920,-7.72008
44.38000,3.17137,-7.36610
44.39000,3.04026,-7.49098
44.40000,2.94762,-7.49510
44.41000,3.04362,-7.51332
44.42000,2.87099,-7.34440
44.43000,2.80907,-7.46424
44.44000,2.90863,-7.66291
44.45000,2.68048,-7.86034
44.46000,2.95555,-7.43140
44.47000,2.45577,-7.36504
44.48000,2.58225,-7.53005
44.49000,2.67622,-7.50190
44.50000,2.52054,-7.60909
44.51000,2.62460,-7.69079
44.52000,2.54875,-7.59475
44.53000,2.41472,-7.34899
44.54000,2.11050,-7.42665
44.55000,2.26356,-7.64626
44.56000,2.29352,-7.88831
44.57000,2.10253,-7.74326
44.58000,2.23726,-7.37428
44.59000,2.18837,-7.74581
44.60000,2.28386,-7.82665
44.61000,1.96984,-7.68236
44.62000,1.79715,-7.88391
44.63000,1.74497,-7.87794
44.64000,1.81250,-7.57402
44.65000,1.60963,-7.70811
44.66000,1.71240,-7.90590
44.67000,1.53824,-7.92683
44.68000,1.67907,-8.04214
44.69000,1.42124,-7.83951
44.70000,1.37259,-7.88966
44.71000,1.02672,-8.01205
44.72000,1.30465,-8.15504
44.73000,1.40889,-7.54525
44.74000,1.19858,-7.83997
44.75000,1.13753,-7.80631
44.76000,1.17387,-8.00300
44.77000,1.34066,-7.75081
44.78000,1.05708,-7.99327
44.79000,0.75452,-7.83716
44.80000,1.32088,-8.05450
44.81000,1.08808,-8.06754
44.82000,1.44841,-7.84659
44.83000,0.73810,-7.96015
44.84000,0.74040,-7.96850
44.85000,0.68303,-7.76156
44.86000,0.49523,-7.93602
44.87000,0.81766,-8.13687
44.88000,0.79761,-7.93214
44.89000,0.40625,-7.82450
44.90000,0.64886,-7.76806
44.91000,0.50884,-7.98995
44.92000,0.53752,-7.95669
44.93000,0.12412,-8.02972
44.94000,0.15019,-7.98534
44.95000,0.46377,-8.06174
44.96000,-0.02086,-8.08947
44.97000,0.13791,-7.69616
44.98000,0.10031,-8.12483
44.99000,-0.11917,-7.77859
45.00000,0.30469,-7.83728
45.01000,0.02756,-8.05168
45.02000,0.08026,-7.82543
45.03000,-0.06884,-8.04159
45.04000,-0.18345,-8.10567
45.05000,-0.24475,-7.79565
45.06000,-0.41170,-7.97953
45.07000,-0.67205,-8.04801
45.08000,-0.20836,-7.75480
45.09000,-0.50371,-7.71872
45.10000,-0.72747,-7.97096
45.11000,-0.66447,-7.91161
45.12000,-0.76475,-7.87948
45.13000,-0.71628,-7.61138
45.14000,-0.98143,-8.23343
45.15000,-0.52176,-7.60961
45.16000,-0.58577,-7.95485
45.17000,-1.03342,-7.90677
45.18000,-1.40526,-7.59739
45.19000,-0.95033,-7.98149
45.20000,-0.96709,-7.87348
45.21000,-1.28684,-7.70550
45.22000,-0.71313,-7.88520
45.23000,-1.26663,-7.59182
45.24000,-1.13833,-7.86201
45.25000,-1.20879,-7.87374
45.26000,-1.48265,-7.89340
45.27000,-1.09581,-7.96631
45.28000,-1.43182,-8.00801
45.29000,-1.73187,-7.91380
45.30000,-1.63763,-8.07271
45.31000,-1.43448,-7.75258
45.32000,-1.78033,-7.98620
45.33000,-1.69298,-8.01701
45.34000,-1.44619,-7.55011
45.35000,-1.64830,-7.96456
45.36000,-1.91145,-7.76755
45.37000,-1.72830,-7.97024
45.38000,-1.84381,-7.95825
45.39000,-2.16337,-7.91979
45.40000,-1.66178,-7.90830
45.41000,-1.86103,-7.62533
45.42000,-2.19785,-7.50175
45.43000,-2.00425,-7.77890
45.44000,-1.94175,-7.28446
45.45000,-2.24811,-7.76670
45.46000,-2.18171,-7.38747
45.47000,-2.61022,-7.89780
45.48000,-2.14752,-7.64632
45.49000,-2.31706,-7.49230
45.50000,-2.50292,-7.49698
45.51000,-2.79033,-7.36959
45.52000,-2.44152,-7.49896
45.53000,-2.80055,-7.74510
45.54000,-2.39093,-7.59578
45.55000,-2.62359,-7.59406
45.56000,-2.64422,-7.31795
45.57000,-2.75537,-7.51587
45.58000,-2.91041,-7.65181
45.59000,-2.50169,-7.78020
45.60000,-2.91668,-7.56587
45.61000,-3.29356,-7.56032
45.62000,-3.06535,-7.43691
45.63000,-3.63785,-7.44605
45.64000,-3.09511,-7.01257
45.65000,-3.05125,-7.27240
45.66000,-3.33874,-7.38530
45.67000,-3.44972,-7.12935
45.68000,-3.08759,-7.27727
45.69000,-3.29101,-7.51423
45.70000,-3.67036,-7.18940
45.71000,-3.47463,-7.30784
45.72000,-3.66777,-7.61486
45.73000,-3.64913,-7.48314
45.74000,-3.33356,-7.41776
45.75000,-3.52795,-6.89928
45.76000,-3.55599,-7.08444
45.77000,-3.91598,-6.93473
45.78000,-3.89010,-6.96904
45.79000,-3.91010,-6.90909
45.80000,-4.10434,-7.12023
45.81000,-3.83738,-6.88821
45.82000,-3.94382,-6.58115
45.83000,-3.93662,-6.85852
45.84000,-3.88805,-7.08864
45.85000,-3.90383,-6.97986
45.86000,-4.24958,-6.44225
45.87000,-4.20831,-7.08041
45.88000,-4.12887,-7.03765
45.89000,-3.98021,-6.61568
45.90000,-4.37641,-7.03240
45.91000,-4.27676,-6.98640
45.92000,-4.46189,-6.73541
45.93000,-4.46558,-6.83457
45.94000,-4.64649,-7.05622
45.95000,-4.39317,-6.35673
45.96000,-4.43725,-6.66546
45.97000,-4.63939,-6.53647
45.98000,-4.51902,-6.47523
45.99000,-4.31580,-6.27616
46.00000,-4.66936,-6.58842
46.01000,-4.94066,-6.59704
46.02000,-4.95103,-6.36162
46.03000,-4.89542,-6.21052
46.04000,-4.68342,-6.15017
46.05000,-5.00185,-6.26195
46.06000,-4.81931,-6.27259
46.07000,-4.79528,-6.12747
46.08000,-4.89707,-6.14038
46.09000,-5.20402,-6.04582
46.10000,-5.22233,-5.90842
46.11000,-5.25782,-6.05780
46.12000,-5.24146,-6.19248
46.13000,-5.17808,-6.03340
46.14000,-5.12818,-6.19872
46.15000,-5.40349,-5.96271
46.16000,-5.14662,-6.08870
46.17000,-5.51682,-5.92027
46.18000,-5.61583,-5.83287
46.19000,-5.54975,-5.73824
46.20000,-5.56240,-6.06264
46.21000,-5.42750,-5.80369
46.22000,-5.60013,-5.42046
46.23000,-5.78089,-5.85856
46.24000,-5.29691,-5.93443
46.25000,-5.42071,-5.72468
46.26000,-5.50000,-5.70358
46.27000,-5.90059,-5.59088
46.28000,-5.77602,-5.56366
46.29000,-5.75656,-5.63700
46.30000,-5.71629,-5.75154
46.31000,-5.67780,-5.50407
46.32000,-6.05207,-5.35118
46.33000,-5.79465,-5.02338
46.34000,-6.08668,-5.35866
46.35000,-6.23770,-5.40349
46.36000,-6.31133,-5.33962
46.37000,-6.23061,-5.15029
46.38000,-5.94992,-5.04955
46.39000,-6.04085,-4.95503
46.40000,-6.36065,-5.09345
46.41000,-6.37941,-5.01656
46.42000,-5.98649,-5.00267
46.43000,-6.03922,-5.03566
46.44000,-6.31571,-5.22197
46.45000,-6.55418,-4.91880
46.46000,-6.17896,-4.82653
46.47000,-6.42433,-5.01249
46.48000,-6.38589,-4.79805
46.49000,-6.43126,-4.95778
46.50000,-6.39061,-4.70407
46.51000,-6.70606,-4.80829
46.52000,-6.78273,-4.66351
46.53000,-6.63528,-4.62729
46.54000,-6.50246,-4.63726
46.55000,-6.75411,-4.18689
46.56000,-6.70404,-4.38720
46.57000,-6.53570,-4.30707
46.58000,-6.92599,-4.46970
46.59000,-6.80486,-4.45193
46.60000,-6.85718,-3.98980
46.61000,-6.74686,-4.32489
46.62000,-6.74483,-4.16676
46.63000,-7.16424,-3.79874
46.64000,-6.89107,-4.47220
46.65000,-7.03973,-3.91789
46.66000,-7.07620,-3.95010
46.67000,-6.80857,-4.00877
46.68000,-6.90370,-3.88894
46.69000,-6.71162,-3.84845
46.70000,-6.88523,-3.64759
46.71000,-6.88756,-3.94589
46.72000,-7.17127,-3.65164
46.73000,-6.76034,-3.85827
46.74000,-7.13235,-3.72127
46.75000,-7.22400,-3.34407
46.76000,-7.45893,-3.73040
46.77000,-7.48125,-3.27164
46.78000,-7.20277,-3.73781
46.79000,-7.30935,-3.77242
46.80000,-7.53717,-3.31576
46.81000,-7.11974,-3.42459
46.82000,-7.54201,-3.22766
46.83000,-7.30493,-3.55176
46.84000,-7.51290,-3.16960
46.85000,-7.12152,-3.37152
46.86000,-7.21195,-3.12103
46.87000,-7.40873,-3.39018
46.88000,-7.62625,-3.10776
46.89000,-7.54737,-2.90588
46.90000,-7.67268,-2.93634
46.91000,-7.67032,-2.90815
46.92000,-7.12368,-2.50911
46.93000,-7.41518,-3.00051
46.94000,-7.47901,-2.39533
46.95000,-7.50208,-2.59681
46.96000,-7.44399,-2.72964
46.97000,-7.55454,-2.62305
46.98000,-7.50310,-2.50038
46.99000,-7.30885,-2.55883
47.00000,-7.69657,-2.48752
47.01000,-7.75928,-2.43793
47.02000,-7.66691,-2.33396
47.03000,-7.81701,-2.59143
47.04000,-7.48033,-2.18292
47.05000,-7.45355,-2.10289
47.06000,-7.91242,-2.50297
47.07000,-7.44884,-2.41121
47.08000,-7.92206,-2.08963
47.09000,-7.89375,-1.96985
47.10000,-7.75193,-1.93609
47.11000,-7.74578,-1.77489
47.12000,-7.66545,-1.73085
47.13000,-7.81040,-1.70068
47.14000,-7.82616,-1.98056
47.15000,-7.99597,-1.80381
47.16000,-7.98816,-1.84518
47.17000,-8.01759,-1.58641
47.18000,-7.58926,-1.59458
47.19000,-7.95871,-1.32837
47.20000,-7.85810,-1.36681
47.21000,-7.82029,-1.40583
47.22000,-7.26472,-1.30207
47.23000,-7.87938,-1.28029
47.24000,-7.97487,-1.13977
47.25000,-8.06860,-1.37999
47.26000,-7.77070,-0.91854
47.27000,-7.64716,-1.25500
47.28000,-8.03453,-1.38674
47.29000,-8.05066,-0.92023
47.30000,-7.83715,-1.16035
47.31000,-7.90887,-0.84049
47.32000,-8.15400,-0.96416
47.33000,-7.70567,-0.78360
47.34000,-7.96412,-0.75239
47.35000,-7.88528,-0.76608
47.36000,-7.96285,-0.78071
47.37000,-8.04055,-0.31300
47.38000,-8.12579,-0.72054
47.39000,-7.95758,-0.32912
47.40000,-8.23276,-0.50959
47.41000,-7.99384,-0.78679
47.42000,-7.79759,-0.36351
47.43000,-7.95152,-0.17020
47.44000,-8.09345,-0.33904
47.45000,-8.15904,0.05296
47.46000,-8.14601,0.26857
47.47000,-8.20987,-0.12783
47.48000,-7.86784,-0.14423
47.49000,-7.89181,-0.50328
47.50000,-8.07816,0.35667
47.51000,-7.95298,0.00329
47.52000,-8.08096,-0.04747
47.53000,-8.25194,-0.09112
47.54000,-7.98087,0.37071
47.55000,-8.05238,0.19958
47.56000,-8.03153,0.11162
47.57000,-8.03076,0.35800
47.58000,-7.54876,0.56370
47.59000,-8.25931,0.39667
47.60000,-8.30056,0.65928
47.61000,-7.79266,0.60212
47.62000,-8.35849,0.87427
47.63000,-7.90271,0.81113
47.64000,-8.00019,0.86616
47.65000,-7.96799,0.67120
47.66000,-7.88127,0.77047
47.67000,-7.92834,0.93675
47.68000,-8.16524,1.02092
47.69000,-7.63038,0.70265
47.70000,-8.04834,1.12058
47.71000,-8.18172,0.82851
47.72000,-7.83453,1.03142
47.73000,-7.85779,1.22815
47.74000,-7.95655,1.40490
47.75000,-7.59618,1.01186
47.76000,-7.88499,1.07398
47.77000,-7.79893,1.29902
47.78000,-7.93551,1.68611
47.79000,-7.94618,1.25835
47.80000,-8.11117,1.46549
47.81000,-7.84335,1.30127
47.82000,-7.94368,1.90584
47.83000,-8.08069,1.45941
47.84000,-8.04086,1.72445
47.85000,-7.77271,1.82713
47.86000,-7.72211,1.46781
47.87000,-7.35264,1.98704
47.88000,-7.70090,1.88445
47.89000,-7.89231,2.03460
47.90000,-7.93720,2.04776
47.91000,-7.56941,1.83731
47.92000,-7.75923,2.11576
47.93000,-7.97534,2.24561
47.94000,-7.49645,2.19825
47.95000,-7.57924,2.34428
47.96000,-7.72113,2.28138
47.97000,-7.53703,2.23890
47.98000,-7.48077,2.59814
47.99000,-7.65321,2.34234
48.00000,-7.61516,2.55421
48.01000,-7.53854,2.74911
48.02000,-7.59713,2.43250
48.03000,-7.49684,2.70549
48.04000,-7.73360,2.55389
48.05000,-7.46252,2.81811
48.06000,-7.72828,2.86216
48.07000,-7.44388,2.81278
48.08000,-7.45609,3.28213
48.09000,-7.30940,3.06583
48.10000,-7.57128,3.08799
48.11000,-7.98385,2.90329
48.12000,-7.44870,3.01509
48.13000,-7.60511,3.16777
48.14000,-7.32039,2.95619
48.15000,-7.18728,3.21781
48.16000,-7.04659,3.28121
48.17000,-7.06044,3.64045
48.18000,-7.56718,3.20360
48.19000,-7.28384,3.32178
48.20000,-7.01484,3.29228
48.21000,-7.06004,3.45156
48.22000,-7.38318,3.85442
48.23000,-7.03366,3.69377
48.24000,-7.05484,3.66597
48.25000,-6.82446,3.80711
48.26000,-7.35483,3.70276
48.27000,-7.10066,3.88992
48.28000,-7.02644,3.62181
48.29000,-6.77029,3.57807
48.30000,-7.04479,3.95738
48.31000,-7.39075,4.20756
48.32000,-6.91447,4.09417
48.33000,-7.04077,3.96447
48.34000,-6.72197,4.06408
48.35000,-6.95952,4.10773
48.36000,-7.23997,3.93125
48.37000,-6.77922,4.45680
48.38000,-6.64526,4.40120
48.39000,-6.70391,4.00982
48.40000,-7.24670,4.29734
48.41000,-6.76958,4.22622
48.42000,-7.07633,4.35528
48.43000,-6.72298,4.59731
48.44000,-6.75603,4.47019
48.45000,-6.35603,4.34505
48.46000,-6.27127,4.60311
48.47000,-6.60955,4.49651
48.48000,-6.58715,4.78962
48.49000,-6.39361,4.65164
48.50000,-6.36976,4.73924
48.51000,-6.34720,4.58036
48.52000,-6.16548,4.62011
48.53000,-6.34487,5.36785
48.54000,-6.20644,4.43798
48.55000,-6.41892,4.83883
48.56000,-5.95432,5.13454
48.57000,-6.01368,4.86375
48.58000,-6.07999,4.87717
48.59000,-6.37650,5.26799
48.60000,-5.95604,5.30515
48.61000,-5.84239,5.08825
48.62000,-6.13537,5.27604
48.63000,-5.87087,5.29630
48.64000,-5.84726,5.37939
48.65000,-6.37831,5.49801
48.66000,-6.03700,5.17653
48.67000,-6.03131,5.34172
48.68000,-5.81239,5.56884
48.69000,-5.50416,5.76259
48.70000,-5.39606,5.76059
48.71000,-5.56874,5.56952
48.72000,-6.01066,5.46663
48.73000,-5.83151,5.81806
48.74000,-5.82633,5.46580
48.75000,-6.11180,5.33047
48.76000,-5.53697,5.65563
48.77000,-5.40367,5.94802
48.78000,-5.38177,5.75794
48.79000,-5.65007,5.58375
48.80000,-5.28983,5.74986
48.81000,-5.00750,5.81455
48.82000,-5.83675,5.54862
48.83000,-5.17745,5.69470
48.84000,-5.30872,5.86234
48.85000,-5.44468,5.97067
48.86000,-5.22836,5.79502
48.87000,-5.23146,5.88817
48.88000,-5.26711,6.15345
48.89000,-5.14406,6.05591
48.90000,-5.13545,6.09876
48.91000,-5.14934,5.88680
48.92000,-4.91371,6.51559
48.93000,-5.11323,6.27673
48.94000,-4.71601,6.22654
48.95000,-4.89420,6.45456
48.96000,-4.96544,6.47571
48.97000,-4.82726,6.48385
48.98000,-4.70705,6.42070
48.99000,-4.96012,6.66767
49.00000,-4.84474,6.51132
49.01000,-5.00995,6.23679
49.02000,-4.64517,6.43972
49.03000,-4.36525,6.44081
49.04000,-4.53273,6.63670
49.05000,-4.54203,6.64863
49.06000,-4.56946,6.52670
49.07000,-4.37623,6.50124
49.08000,-3.96209,6.44957
49.09000,-4.27929,6.87111
49.10000,-4.43174,6.28370
49.11000,-4.32987,6.57697
49.12000,-4.04407,6.72488
49.13000,-4.03406,6.94371
49.14000,-4.30664,6.61454
49.15000,-3.93019,6.86974
49.16000,-4.17974,6.88537
49.17000,-3.89122,6.77105
49.18000,-3.98946,7.01888
49.19000,-4.00764,7.06215
49.20000,-3.62749,6.78628
49.21000,-3.66957,6.88992
49.22000,-3.72197,6.95873
49.23000,-3.58502,7.02907
49.24000,-3.46133,7.12128
49.25000,-3.80010,7.04935
49.26000,-3.47793,7.17501
49.27000,-3.39502,7.15901
49.28000,-3.60279,7.24153
49.29000,-3.45186,7.13756
49.30000,-3.63732,7.21665
49.31000,-3.27190,7.45347
49.32000,-3.45469,6.92301
49.33000,-3.49751,7.38856
49.34000,-3.17417,7.50487
49.35000,-3.17953,7.38006
49.36000,-3.40547,7.24486
49.37000,-3.34407,7.52856
49.38000,-3.04567,7.33921
49.39000,-2.69010,7.74315
49.40000,-3.01277,7.47890
49.41000,-3.00146,7.44500
49.42000,-3.11960,7.19180
49.43000,-2.84207,7.65538
49.44000,-3.02924,7.60472
49.45000,-2.88197,7.57326
49.46000,-2.67661,7.50634
49.47000,-2.60791,7.61130
49.48000,-2.25431,7.40133
49.49000,-2.34663,7.57043
49.50000,-2.37520,7.67500
49.51000,-2.48789,7.50706
49.52000,-2.46338,7.69379
49.53000,-2.35049,7.61670
49.54000,-2.56243,7.51320
49.55000,-2.39273,7.87211
49.56000,-2.40185,7.44636
49.57000,-1.81458,7.81399
49.58000,-2.15731,7.83877
49.59000,-1.93547,8.02583
49.60000,-2.08343,7.92334
49.61000,-2.04694,7.42639
49.62000,-1.58884,7.63427
49.63000,-1.61717,7.70459
49.64000,-1.56001,7.77935
49.65000,-1.71441,7.95765
49.66000,-1.99198,7.70157
49.67000,-1.63470,8.10568
49.68000,-1.79371,8.02813
49.69000,-1.68973,7.86566
49.70000,-1.07118,7.82203
49.71000,-1.48592,7.98553
49.72000,-1.64801,7.85145
49.73000,-1.17592,7.74631
49.74000,-1.38796,8.18420
49.75000,-1.16836,8.13651
49.76000,-1.09694,8.00344
49.77000,-1.32998,7.60969
49.78000,-1.23394,7.87328
49.79000,-0.84713,7.78410
49.80000,-1.40829,8.02736
49.81000,-1.07824,7.68285
49.82000,-0.87475,8.06478
49.83000,-0.88411,7.54631
49.84000,-0.68623,7.76267
49.85000,-1.00832,8.00878
49.86000,-0.70480,7.94637
49.87000,-0.96767,8.11560
49.88000,-0.55853,8.13094
49.89000,-0.23425,7.72879
49.90000,-0.22804,8.08531
49.91000,-0.58042,8.05497
49.92000,-0.65375,7.79795
49.93000,-0.17176,7.89255
49.94000,-0.37274,8.08379
49.95000,-0.16058,8.04012
49.96000,-0.11702,7.49832
49.97000,-0.01202,7.63406
49.98000,-0.24617,7.75882
49.99000,0.32027,8.32607
50.00000,0.08068,8.09917
50.01000,0.15719,8.35328
50.02000,0.09607,8.07215
50.03000,-0.07657,7.75502
50.04000,0.33205,7.93389
50.05000,-0.02647,7.96793
50.06000,0.12087,8.22810
50.07000,0.58906,7.74524
50.08000,0.48889,7.85584
50.09000,0.46614,8.03955
50.10000,0.79032,7.99717
50.11000,0.64472,8.32004
50.12000,0.36183,7.81350
50.13000,0.53080,8.06275
50.14000,0.74063,8.03670
50.15000,0.58943,8.01797
50.16000,0.91842,7.93635
50.17000,0.81390,8.30730
50.18000,0.64600,7.95308
50.19000,1.23599,7.88475
50.20000,0.90709,7.89711
50.21000,0.84353,7.88432
50.22000,1.17866,8.03049
50.23000,1.55638,8.11452
50.24000,1.18465,8.12047
50.25000,1.38028,7.93194
50.26000,1.07874,7.77816
50.27000,1.41434,7.86979
50.28000,1.17404,7.78304
50.29000,1.27098,7.50311
50.30000,1.37260,8.06316
50.31000,1.64672,7.61037
50.32000,1.57445,8.14956
50.33000,1.52002,7.65278
50.34000,1.82561,7.48325
50.35000,2.00335,7.90219
50.36000,1.94108,8.13126
50.37000,2.04821,7.98097
50.38000,1.87183,7.82434
50.39000,2.36637,7.76189
50.40000,2.02382,7.78043
50.41000,1.91284,7.48297
50.42000,1.94937,7.88032
50.43000,2.43981,7.70239
50.44000,2.28956,7.53817
50.45000,2.40325,7.78086
50.46000,2.41773,7.39873
50.47000,2.43747,7.60527
50.48000,2.37683,7.62827
50.49000,2.36071,7.60029
50.50000,2.39112,7.55890
50.51000,2.14109,8.01094
50.52000,2.57848,7.23331
50.53000,2.52752,7.50111
50.54000,2.33464,7.46628
50.55000,2.83171,7.52182
50.56000,2.63161,7.59300
50.57000,2.84201,7.41225
50.58000,2.71181,7.61165
50.59000,2.94712,7.37690
50.60000,2.98416,7.46581
50.61000,2.70332,7.34350
50.62000,3.04009,7.37456
50.63000,3.36765,7.50270
50.64000,3.24168,7.28955
50.65000,3.16990,7.74770
50.66000,3.16919,7.52039
50.67000,3.57704,7.45883
50.68000,3.55533,7.19312
50.69000,3.61489,7.29008
50.70000,3.13787,7.27639
50.71000,3.41243,7.36674
50.72000,3.65608,7.27401
50.73000,3.50376,6.81854
50.74000,3.34195,7.26167
50.75000,3.56740,7.19032
50.76000,3.61497,6.90359
50.77000,3.52667,6.97531
50.78000,3.69232,7.30482
50.79000,3.99479,7.25859
50.80000,4.06381,6.90991
50.81000,3.92903,6.84091
50.82000,4.02708,7.19957
50.83000,3.94829,6.92352
50.84000,4.06720,6.81972
50.85000,4.27883,6.97627
50.86000,4.50231,6.63201
50.87000,4.14602,6.73792
50.88000,4.08329,6.78771
50.89000,4.18398,6.55654
50.90000,4.23440,6.70334
50.91000,4.45911,6.66733
50.92000,4.10400,6.62287
50.93000,4.33876,6.71255
50.94000,3.97239,6.39785
50.95000,4.34825,6.49228
50.96000,4.54656,6.62408
50.97000,4.35897,6.90564
50.98000,4.62223,6.39311
50.99000,4.51588,6.52460
51.00000,4.73120,6.12010
51.01000,4.62745,6.58822
51.02000,4.90164,6.26720
51.03000,4.77870,6.28080
51.04000,4.75680,6.49869
51.05000,4.99368,6.38906
51.06000,4.89819,6.27815
51.07000,5.04889,6.12298
51.08000,4.94219,6.48257
51.09000,5.16380,6.07698
51.10000,4.89563,6.11708
51.11000,5.17052,5.87498
51.12000,5.05812,6.05297
51.13000,5.40734,5.90341
51.14000,5.10420,6.01202
51.15000,5.38129,6.03402
51.16000,5.53579,5.95390
51.17000,5.11913,6.09376
51.18000,5.68874,6.05515
51.19000,5.53890,5.81084
51.20000,5.27017,5.80768
51.21000,5.52498,5.89390
51.22000,5.35490,5.95613
51.23000,5.50526,5.89281
51.24000,5.72794,5.85377
51.25000,5.40586,5.41132
51.26000,5.82045,5.67141
51.27000,5.34566,5.68437
51.28000,5.46063,5.67066
51.29000,5.63962,5.68522
51.30000,5.65470,5.33504
51.31000,5.74231,5.62465
51.32000,5.87220,5.75101
51.33000,6.22125,5.36895
51.34000,5.86341,4.97129
51.35000,5.92218,5.36478
51.36000,5.88421,5.19088
51.37000,6.17613,5.15659
51.38000,6.19132,5.09317
51.39000,5.93923,5.06977
51.40000,6.18159,5.26420
51.41000,6.36903,5.14555
51.42000,6.39835,5.07483
51.43000,6.40743,5.51642
51.44000,6.22592,4.86987
51.45000,6.33109,4.99788
51.46000,6.04537,4.75878
51.47000,6.25516,4.88572
51.48000,5.98590,5.12083
51.49000,6.24698,4.63749
51.50000,6.56526,4.93581
51.51000,6.14434,4.82152
51.52000,6.63737,4.81520
51.53000,6.80115,4.67274
51.54000,6.64850,4.42258
51.55000,6.67973,4.62931
51.56000,6.68913,4.29108
51.57000,6.33158,4.49142
51.58000,6.58982,4.56948
51.59000,6.97722,4.46113
51.60000,6.70079,4.15440
51.61000,6.98449,4.26182
51.62000,6.58061,3.80050
51.63000,6.79013,3.95199
51.64000,6.66144,3.87557
51.65000,6.76395,4.24799
51.66000,6.76133,3.98721
51.67000,6.79290,3.98926
51.68000,6.94867,3.89130
51.69000,7.07093,3.77762
51.70000,7.13808,3.65461
51.71000,7.09311,3.47343
51.72000,7.38690,3.97525
51.73000,6.94082,4.14499
51.74000,6.68072,3.41339
51.75000,7.18579,3.24583
51.76000,7.16392,3.83570
51.77000,7.30087,3.17188
51.78000,7.07096,3.45043
51.79000,7.43523,3.68783
51.80000,7.60838,3.79383
51.81000,7.22617,3.70384
51.82000,7.21147,3.00352
51.83000,7.26020,3.24085
51.84000,6.91232,3.22098
51.85000,7.54770,3.47788
51.86000,6.91511,3.01055
51.87000,7.08204,3.37824
51.88000,7.57833,2.84727
51.89000,7.21412,2.91561
51.90000,7.41670,2.75095
51.91000,7.60750,2.95119
51.92000,7.49280,2.96184
51.93000,7.37548,2.91653
51.94000,7.32495,2.43314
51.95000,7.53418,2.97120
51.96000,7.52567,2.82145
51.97000,7.90312,2.52111
51.98000,7.45903,2.71969
51.99000,7.61578,2.79855
52.00000,7.69848,2.40440
52.01000,7.56525,2.40703
52.02000,7.67033,2.46489
52.03000,7.78262,2.31579
52.04000,7.52713,2.29576
52.05000,8.00995,2.23786
52.06000,7.31242,2.03382
52.07000,7.88077,2.36194
52.08000,7.96700,2.17450
52.09000,7.99771,2.00800
52.10000,7.72844,1.81198
52.11000,7.93155,1.57072
52.12000,7.73037,1.89192
52.13000,7.79393,1.99125
52.14000,7.85863,1.81997
52.15000,7.87983,1.74852
52.16000,7.87521,1.83030
52.17000,7.57744,1.66089
52.18000,7.63939,1.59497
52.19000,7.70376,1.45631
52.20000,7.92589,1.48183
52.21000,7.78840,1.62150
52.22000,7.50462,1.63585
52.23000,7.94074,1.18929
52.24000,7.79430,0.83335
52.25000,8.26786,1.02946
52.26000,7.90294,1.23003
52.27000,7.62265,0.92866
52.28000,7.96431,1.21318
52.29000,8.07321,0.93269
52.30000,7.81567,0.91723
52.31000,8.04076,0.79500
52.32000,7.78827,1.01611
52.33000,7.97425,0.98292
52.34000,7.57360,0.91448
52.35000,7.89543,0.72471
52.36000,7.97807,0.89633
52.37000,8.03074,0.74507
52.38000,7.93833,0.78674
52.39000,8.12591,0.17138
52.40000,8.05308,0.40567
52.41000,8.09596,0.58213
52.42000,7.62206,0.42444
52.43000,7.87185,0.36066
52.44000,8.17708,0.28916
52.45000,7.99426,0.23112
52.46000,7.81116,0.29539
52.47000,7.86505,-0.11419
52.48000,7.94791,-0.07379
52.49000,7.93006,0.02130
52.50000,7.73543,-0.17329
52.51000,8.11576,-0.23371
52.52000,7.51295,-0.01201
52.53000,7.84233,-0.23144
52.54000,8.07696,0.12056
52.55000,8.14058,-0.15535
52.56000,8.11745,-0.12607
52.57000,7.79005,-0.40588
52.58000,8.38456,-0.19649
52.59000,8.07891,-0.28723
52.60000,7.70868,-0.66063
52.61000,8.10192,-0.82667
52.62000,8.11704,-0.62692
52.63000,7.99502,-0.43266
52.64000,8.03759,-0.91706
52.65000,8.10957,-0.79900
52.66000,7.93699,-0.73563
52.67000,7.71243,-0.91706
52.68000,8.16847,-0.97208
52.69000,7.64243,-0.81022
52.70000,7.91028,-1.18225
52.71000,8.02268,-1.17890
52.72000,7.84014,-0.85410
52.73000,7.66770,-1.00029
52.74000,8.08315,-0.92895
52.75000,8.04097,-1.29829
52.76000,7.50594,-1.09952
52.77000,7.94863,-1.15616
52.78000,7.65570,-1.24435
52.79000,7.73766,-1.38482
52.80000,7.77578,-1.53358
52.81000,7.92683,-1.72332
52.82000,8.04731,-1.45828
52.83000,7.64471,-1.71158
52.84000,7.71586,-1.59054
52.85000,7.68548,-1.85740
52.86000,7.94800,-2.18455
52.87000,7.82284,-2.07350
52.88000,7.87839,-2.21492
52.89000,7.66666,-2.01762
52.90000,7.77187,-1.92482
52.91000,7.88890,-1.86864
52.92000,7.67423,-2.13123
52.93000,7.58089,-2.48001
52.94000,7.89069,-2.26618
52.95000,7.81759,-2.20465
52.96000,7.62872,-2.50060
52.97000,7.46488,-2.19951
52.98000,7.38698,-2.23308
52.99000,7.90677,-2.61274
53.00000,7.55800,-2.39961
53.01000,7.39413,-2.48230
53.02000,7.52325,-2.63441
53.03000,7.90693,-2.46740
53.04000,7.52627,-2.67491
53.05000,7.62606,-2.71901
53.06000,7.52301,-2.67457
53.07000,7.33012,-3.29731
53.08000,7.58034,-2.58135
53.09000,7.53303,-2.68474
53.10000,7.29550,-2.90978
53.11000,7.42956,-3.10009
53.12000,7.42756,-2.70444
53.13000,7.64908,-3.21124
53.14000,7.46207,-3.28438
53.15000,7.72225,-3.31221
53.16000,7.18858,-3.13106
53.17000,7.39983,-3.08026
53.18000,7.43148,-3.07220
53.19000,7.06515,-3.52976
53.20000,7.18171,-3.64790
53.21000,7.13207,-3.37919
53.22000,7.40994,-3.34662
53.23000,7.12011,-3.76028
53.24000,7.02892,-3.69167
53.25000,7.29873,-3.37518
53.26000,7.09494,-3.65453
53.27000,6.87093,-3.87945
53.28000,7.02357,-3.60662
53.29000,6.99379,-3.80019
53.30000,7.13153,-3.99116
53.31000,7.01962,-3.80110
53.32000,7.01262,-3.84244
53.33000,7.21981,-4.30728
53.34000,7.06512,-4.24227
53.35000,6.68391,-4.38226
53.36000,6.72132,-4.25266
53.37000,6.80376,-4.33918
53.38000,6.65887,-4.34495
53.39000,6.56039,-4.09125
53.40000,6.66947,-4.92549
53.41000,6.75942,-4.65100
53.42000,6.80231,-4.22813
53.43000,6.79289,-4.32217
53.44000,6.68575,-4.49063
53.45000,6.58253,-4.73083
53.46000,6.70365,-4.39255
53.47000,6.55554,-4.51922
53.48000,6.72867,-4.46682
53.49000,6.40145,-4.53030
53.50000,6.44464,-4.80261
53.51000,6.72997,-4.57856
53.52000,6.34932,-4.35139
53.53000,6.15990,-4.84398
53.54000,6.54093,-4.78676
53.55000,6.22728,-5.05877
53.56000,6.30873,-4.98585
53.57000,6.19552,-4.69460
53.58000,6.44899,-5.04623
53.59000,6.31789,-5.02410
53.60000,6.19335,-5.14260
53.61000,6.08104,-5.06900
53.62000,6.17567,-5.16644
53.63000,5.98162,-5.46307
53.64000,5.86424,-5.30123
53.65000,6.09993,-5.01752
53.66000,5.73147,-5.42590
53.67000,6.08474,-5.51011
53.68000,5.82763,-5.34814
53.69000,5.90862,-5.40143
53.70000,5.88749,-5.43649
53.71000,5.88767,-5.79942
53.72000,5.69838,-5.34215
53.73000,5.62365,-5.63591
53.74000,5.72861,-5.84006
53.75000,5.44132,-5.78613
53.76000,5.52662,-5.80749
53.77000,5.85104,-5.59567
53.78000,5.67823,-5.79940
53.79000,5.50801,-5.75087
53.80000,5.97806,-5.57308
53.81000,5.33961,-6.28920
53.82000,5.57477,-5.63194
53.83000,5.26566,-6.02003
53.84000,5.13308,-6.12524
53.85000,5.61729,-5.96741
53.86000,5.43033,-6.49338
53.87000,5.32676,-6.25268
53.88000,5.32296,-6.03849
53.89000,5.10737,-6.07583
53.90000,5.05638,-6.13338
53.91000,5.14235,-6.32773
53.92000,5.05233,-5.96920
53.93000,5.03329,-6.40653
53.94000,5.09972,-6.47116
53.95000,4.79397,-6.39371
53.96000,5.02482,-6.65057
53.97000,5.02172,-6.24467
53.98000,4.77068,-6.14678
53.99000,4.62133,-5.99041
54.00000,4.95133,-7.00335
54.01000,4.73600,-6.62753
54.02000,4.54588,-6.75999
54.03000,4.61196,-6.78597
54.04000,4.36636,-6.54366
54.05000,4.39654,-6.47079
54.06000,4.47590,-6.77355
54.07000,4.44085,-6.89715
54.08000,4.40354,-7.25089
54.09000,4.45274,-6.75226
54.10000,4.19584,-6.47758
54.11000,4.37112,-6.48697
54.12000,4.09872,-7.04574
54.13000,3.85827,-6.94194
54.14000,4.29339,-6.93620
54.15000,4.14252,-7.02329
54.16000,4.00830,-6.74504
54.17000,4.06966,-6.82126
54.18000,3.91957,-6.97599
54.19000,3.81216,-6.75651
54.20000,4.19033,-7.00187
54.21000,3.82650,-7.26032
54.22000,3.58231,-7.19525
54.23000,3.32647,-7.17645
54.24000,3.50903,-7.10636
54.25000,3.60597,-7.34579
54.26000,3.49692,-7.21493
54.27000,3.54212,-7.17909
54.28000,3.52214,-7.15382
54.29000,3.21596,-7.08553
54.30000,3.42193,-7.22248
54.31000,3.38768,-7.52806
54.32000,3.29325,-7.32263
54.33000,3.26852,-7.25835
54.34000,2.98426,-7.43569
54.35000,3.13171,-7.18331
54.36000,3.00283,-7.70508
54.37000,2.92790,-7.09267
54.38000,3.17634,-7.12218
54.39000,2.99601,-7.06160
54.40000,3.42105,-7.38373
54.41000,2.65304,-7.32503
54.42000,3.10173,-7.58888
54.43000,2.68172,-7.35432
54.44000,2.73212,-7.42524
54.45000,2.64162,-7.44138
54.46000,2.70090,-7.58088
54.47000,2.89926,-7.27613
54.48000,2.45067,-7.45741
54.49000,2.46795,-7.51553
54.50000,2.40239,-7.50973
54.51000,2.26563,-7.59359
54.52000,2.86710,-7.54268
54.53000,2.39044,-7.67204
54.54000,2.36296,-7.64366
54.55000,2.15657,-7.39159
54.56000,2.44156,-7.51047
54.57000,2.06645,-7.33242
54.58000,2.07122,-7.49960
54.59000,1.82615,-7.50700
54.60000,1.95427,-7.58681
54.61000,2.21133,-8.01853
54.62000,1.87699,-7.41114
54.63000,2.01821,-7.52870
54.64000,1.59879,-7.63605
54.65000,2.03790,-7.90192
54.66000,1.78505,-7.86131
54.67000,1.34788,-7.71247
54.68000,1.40321,-7.75177
54.69000,1.36287,-7.91007
54.70000,1.65729,-7.61980
54.71000,1.69127,-7.90488
54.72000,1.46630,-7.94853
54.73000,1.46446,-7.93903
54.74000,1.41824,-7.91488
54.75000,1.31187,-7.81201
54.76000,1.28459,-7.69922
54.77000,1.23777,-7.75892
54.78000,0.90714,-8.10154
54.79000,0.90348,-7.98209
54.80000,1.40244,-8.10397
54.81000,0.98792,-8.08354
54.82000,0.73908,-7.88139
54.83000,0.91958,-8.02975
54.84000,0.64848,-7.97245
54.85000,1.10076,-7.98443
54.86000,0.44770,-8.22070
54.87000,0.73423,-8.00160
54.88000,0.59607,-8.01074
54.89000,0.48764,-7.91563
54.90000,0.73787,-8.15278
54.91000,0.56233,-7.80754
54.92000,0.29757,-7.87620
54.93000,0.30911,-8.05468
54.94000,0.23035,-8.06763
54.95000,0.25834,-7.93497
54.96000,0.05840,-8.26680
54.97000,0.09383,-8.02250
54.98000,0.12561,-8.06793
54.99000,-0.00979,-7.60166
55.00000,-0.15693,-8.12086
55.01000,0.23997,-7.81747
55.02000,-0.12045,-8.03611
55.03000,0.00748,-8.16364
55.04000,-0.04727,-8.20380
55.05000,-0.08803,-7.99231
55.06000,-0.41817,-7.80573
55.07000,-0.09253,-7.96685
55.08000,-0.42316,-8.20410
55.09000,-0.33349,-7.78085
55.10000,-0.41590,-7.68924
55.11000,-0.50476,-8.24397
55.12000,-0.75271,-7.86481
55.13000,-0.88061,-7.81436
55.14000,-0.44123,-7.98536
55.15000,-0.42395,-7.68897
55.16000,-0.57799,-7.91835
55.17000,-0.74218,-7.64854
55.18000,-0.81615,-8.00146
55.19000,-1.01727,-8.04392
55.20000,-0.89455,-8.14484
55.21000,-1.12691,-8.15771
55.22000,-1.10375,-7.78965
55.23000,-1.06065,-8.21683
55.24000,-0.90008,-7.79743
55.25000,-1.45298,-7.88703
55.26000,-1.59855,-8.05965
55.27000,-1.58856,-7.84758
55.28000,-1.67230,-8.20282
55.29000,-1.49548,-7.94821
55.30000,-1.78192,-7.92404
55.31000,-1.54849,-7.80084
55.32000,-1.77303,-7.66151
55.33000,-1.40039,-7.68628
55.34000,-1.53448,-8.12494
55.35000,-1.82526,-7.88497
55.36000,-1.85284,-7.75723
55.37000,-2.19991,-8.17886
55.38000,-1.83940,-7.84924
55.39000,-2.13932,-7.38136
55.40000,-1.92741,-7.93613
55.41000,-2.20195,-8.06439
55.42000,-2.21703,-7.84763
55.43000,-1.99309,-7.72806
55.44000,-2.09521,-7.84411
55.45000,-2.38827,-7.75974
55.46000,-2.02490,-7.83657
55.47000,-2.23863,-7.16340
55.48000,-2.30423,-7.62798
55.49000,-2.47996,-7.85093
55.50000,-2.35991,-7.91251
55.51000,-2.56151,-7.46498
55.52000,-2.26106,-7.35785
55.53000,-2.49091,-7.66983
55.54000,-2.66758,-7.11343
55.55000,-2.63209,-7.37300
55.56000,-2.69373,-7.54880
55.57000,-2.60270,-7.37396
55.58000,-2.85247,-7.49382
55.59000,-2.90864,-7.43298
55.60000,-3.00644,-7.16861
55.61000,-2.87622,-7.39854
55.62000,-3.19975,-7.15892
55.63000,-2.93784,-7.31723
55.64000,-2.96319,-7.32251
55.65000,-3.35104,-7.29944
55.66000,-3.36307,-7.42424
55.67000,-3.51772,-7.23274
55.68000,-3.36345,-7.41585
55.69000,-3.38651,-7.25520
55.70000,-3.20371,-7.39165
55.71000,-3.75288,-7.24169
55.72000,-3.39783,-7.18422
55.73000,-3.45984,-7.10210
55.74000,-3.27801,-6.65715
55.75000,-3.67131,-7.22659
55.76000,-3.73362,-6.95884
55.77000,-3.61581,-7.04419
55.78000,-4.01430,-7.22429
55.79000,-3.62559,-7.10867
55.80000,-4.12696,-7.09886
55.81000,-3.80501,-7.03428
55.82000,-4.37966,-6.97413
55.83000,-3.96742,-6.87662
55.84000,-3.85384,-7.05239
55.85000,-4.18869,-6.96513
55.86000,-4.16318,-6.71024
55.87000,-4.37404,-6.97884
55.88000,-4.24082,-6.80650
55.89000,-4.09380,-7.14939
55.90000,-4.27545,-6.61477
55.91000,-4.07244,-6.60365
55.92000,-4.40633,-7.06970
55.93000,-4.36620,-6.70336
55.94000,-4.40129,-6.75373
55.95000,-4.33995,-7.07346
55.96000,-4.46553,-7.01400
55.97000,-4.53156,-6.49254
55.98000,-4.26781,-6.69050
55.99000,-4.79489,-6.71515
56.00000,-4.80169,-6.72348
56.01000,-4.83923,-6.68787
56.02000,-4.60698,-6.51288
56.03000,-4.82899,-6.42238
56.04000,-5.21449,-6.25921
56.05000,-5.11477,-6.39112
56.06000,-4.94390,-6.57214
56.07000,-4.77724,-6.50108
56.08000,-4.84230,-5.84705
56.09000,-5.02042,-6.49438
56.10000,-5.15249,-6.28103
56.11000,-5.41113,-6.32365
56.12000,-5.15677,-6.06562
56.13000,-4.90036,-5.77529
56.14000,-5.22974,-5.91153
56.15000,-5.14408,-5.80690
56.16000,-5.34378,-6.54123
56.17000,-5.24533,-6.15630
56.18000,-5.16460,-5.90587
56.19000,-5.69924,-5.77177
56.20000,-5.50975,-5.69618
56.21000,-5.60305,-5.76585
56.22000,-5.54341,-5.67315
56.23000,-5.36182,-5.55025
56.24000,-5.57318,-5.66960
56.25000,-5.56768,-5.54582
56.26000,-5.73969,-5.65627
56.27000,-5.29191,-5.61683
56.28000,-5.80287,-5.51456
56.29000,-5.51459,-5.34205
56.30000,-5.83635,-5.63773
56.31000,-5.91192,-5.37986
56.32000,-5.75849,-5.68138
56.33000,-5.78809,-5.46669
56.34000,-6.21888,-5.59303
56.35000,-5.97137,-5.06192
56.36000,-5.88506,-5.19657
56.37000,-6.13841,-5.29135
56.38000,-5.94336,-5.32084
56.39000,-6.29638,-5.23538
56.40000,-6.18282,-5.23413
56.41000,-6.39775,-5.16223
56.42000,-6.03052,-4.98270
56.43000,-6.44035,-4.98470
56.44000,-6.27355,-4.85837
56.45000,-6.68191,-4.99003
56.46000,-6.48453,-4.81299
56.47000,-6.21887,-4.70653
56.48000,-6.49666,-5.10654
56.49000,-6.57108,-4.35122
56.50000,-6.39721,-4.51092
56.51000,-6.52670,-4.65577
56.52000,-6.22036,-4.53647
56.53000,-6.54530,-4.79850
56.54000,-6.64341,-4.28662
56.55000,-7.03267,-4.94893
56.56000,-6.73413,-4.56222
56.57000,-6.86787,-4.60512
56.58000,-6.54748,-4.29806
56.59000,-7.02600,-4.32506
56.60000,-6.61871,-4.17456
56.61000,-6.94146,-4.07635
56.62000,-6.58453,-4.20503
56.63000,-6.89453,-4.31695
56.64000,-6.81468,-4.09817
56.65000,-7.12757,-3.84439
56.66000,-6.83838,-4.23834
56.67000,-6.87395,-3.95779
56.68000,-6.97367,-3.73463
56.69000,-6.97867,-3.61362
56.70000,-7.01547,-3.87916
56.71000,-7.20473,-3.56013
56.72000,-7.20545,-3.65566
56.73000,-7.07388,-3.97981
56.74000,-7.26048,-3.96191
56.75000,-7.33595,-3.59203
56.76000,-7.21404,-3.56260
56.77000,-7.00354,-3.50472
56.78000,-7.25249,-3.53679
56.79000,-7.32865,-3.42286
56.80000,-7.09290,-3.52099
56.81000,-7.02099,-3.21685
56.82000,-7.59892,-3.31894
56.83000,-6.99791,-3.26738
56.84000,-7.69590,-3.21749
56.85000,-7.24182,-3.14224
56.86000,-7.33498,-3.11627
56.87000,-7.38777,-2.98420
56.88000,-7.36975,-3.19680
56.89000,-7.03466,-2.82733
56.90000,-7.23974,-3.03045
56.91000,-7.32254,-2.81496
56.92000,-7.59333,-2.97924
56.93000,-7.59032,-2.89637
56.94000,-7.32726,-3.09623
56.95000,-7.15972,-2.61556
56.96000,-7.63385,-2.28888
56.97000,-7.33466,-2.85002
56.98000,-7.87450,-2.70695
56.99000,-7.33534,-2.84771
57.00000,-7.75725,-2.31509
57.01000,-7.75035,-2.43429
57.02000,-7.76743,-2.36234
57.03000,-7.80282,-2.51300
57.04000,-7.84990,-2.43305
57.05000,-7.66108,-2.18913
57.06000,-7.72343,-2.20526
57.07000,-7.82365,-2.25857
57.08000,-7.76258,-1.76326
57.09000,-7.73870,-1.97789
57.10000,-7.62494,-1.91909
57.11000,-7.77991,-1.87826
57.12000,-7.94793,-1.50355
57.13000,-7.86779,-1.70839
57.14000,-7.82297,-1.44246
57.15000,-7.86744,-1.90541
57.16000,-7.91140,-1.85025
57.17000,-7.74719,-1.47805
57.18000,-7.96168,-1.71027
57.19000,-7.76401,-1.48545
57.20000,-7.92964,-1.39899
57.21000,-8.11399,-1.37797
57.22000,-7.85651,-1.44372
57.23000,-7.71716,-1.53347
57.24000,-7.90180,-1.02763
57.25000,-7.96040,-1.15979
57.26000,-8.09123,-1.37008
57.27000,-8.14112,-0.90578
57.28000,-8.13312,-1.03468
57.29000,-7.65811,-0.99465
57.30000,-8.00857,-0.84403
57.31000,-8.01848,-0.87846
57.32000,-7.79520,-0.66014
57.33000,-7.92437,-0.53661
57.34000,-8.12669,-0.80433
57.35000,-7.95278,-0.86589
57.36000,-7.85981,-0.62305
57.37000,-7.73822,-0.67903
57.38000,-7.65652,-0.70750
57.39000,-7.77573,-0.72025
57.40000,-8.19434,-0.57815
57.41000,-8.00525,-0.52577
57.42000,-7.78104,-0.05195
57.43000,-8.10322,-0.31558
57.44000,-7.86540,-0.46969
57.45000,-8.28379,-0.27933
57.46000,-8.11546,-0.34433
57.47000,-7.93060,-0.35560
57.48000,-8.05271,-0.10958
57.49000,-7.79287,-0.10525
57.50000,-7.90974,0.11747
57.51000,-8.05280,0.06053
57.52000,-7.79121,0.33497
57.53000,-7.97101,0.56914
57.54000,-7.91377,0.16818
57.55000,-8.12990,-0.06701
57.56000,-8.05311,0.41336
57.57000,-8.01772,0.39181
57.58000,-8.09189,0.65444
57.59000,-8.06444,0.43374
57.60000,-7.88141,0.25817
57.61000,-8.21047,0.36142
57.62000,-7.77050,0.45593
57.63000,-8.10100,0.56031
57.64000,-7.80402,0.60742
57.65000,-7.84244,0.56967
57.66000,-7.96333,0.48335
57.67000,-7.78333,0.70271
57.68000,-7.90550,0.97370
57.69000,-7.64953,0.85770
57.70000,-7.52028,0.90665
57.71000,-7.89346,0.79040
57.72000,-7.72161,1.34425
57.73000,-7.91393,0.91177
57.74000,-7.96084,1.34517
57.75000,-7.88867,1.45890
57.76000,-7.95135,1.11188
57.77000,-7.97305,1.35207
57.78000,-8.08977,1.23312
57.79000,-8.18011,1.28823
57.80000,-7.89223,1.41707
57.81000,-7.94681,1.59916
57.82000,-7.84161,1.66468
57.83000,-7.81732,1.49817
57.84000,-7.77962,1.51881
57.85000,-7.93327,1.66186
57.86000,-7.77534,2.12487
57.87000,-7.54254,1.71816
57.88000,-7.78751,1.90728
57.89000,-7.37172,1.89567
57.90000,-7.95504,2.12458
57.91000,-7.69841,2.17034
57.92000,-7.84501,1.41728
57.93000,-7.54601,1.84647
57.94000,-7.80171,1.97988
57.95000,-7.71900,2.34052
57.96000,-7.53888,2.35592
57.97000,-7.63362,2.80699
57.98000,-7.71852,2.22099
57.99000,-7.52813,2.31509
58.00000,-7.62420,2.33595
58.01000,-7.14018,2.71681
58.02000,-7.58841,2.75744
58.03000,-7.97492,2.81705
58.04000,-7.55876,2.81606
58.05000,-7.40640,2.38427
58.06000,-7.42557,2.89256
58.07000,-7.52747,2.65623
58.08000,-7.63779,2.93429
58.09000,-7.40348,2.68774
58.10000,-7.39524,2.94832
58.11000,-7.24458,2.82858
58.12000,-7.33214,2.99717
58.13000,-7.48220,2.82649
58.14000,-7.58101,2.88640
58.15000,-7.47205,3.12260
58.16000,-7.11369,3.50014
58.17000,-7.43872,3.23139
58.18000,-6.91363,3.31721
58.19000,-7.27057,3.28368
58.20000,-7.24106,3.16255
58.21000,-7.22127,3.52931
58.22000,-7.03423,3.17981
58.23000,-7.05795,3.37793
58.24000,-7.41581,3.54017
58.25000,-7.05898,3.78902
58.26000,-7.32841,3.65794
58.27000,-7.23060,3.84987
58.28000,-7.07825,4.08325
58.29000,-7.20005,4.10902
58.30000,-7.26154,3.99284
58.31000,-7.00968,3.83894
58.32000,-6.98464,3.88750
58.33000,-6.93054,3.92081
58.34000,-6.80807,3.97470
58.35000,-6.92779,4.07700
58.36000,-7.08558,4.06644
58.37000,-6.70927,4.35598
58.38000,-6.49219,4.23940
58.39000,-6.56215,4.14783
58.40000,-6.70296,4.43494
58.41000,-6.57311,4.45945
58.42000,-6.76412,4.23147
58.43000,-6.67046,3.93490
58.44000,-6.61228,4.53295
58.45000,-6.75193,4.32241
58.46000,-6.77272,4.23947
58.47000,-6.54475,4.60991
58.48000,-6.81139,4.80552
58.49000,-6.39394,4.56003
58.50000,-6.29904,4.82679
58.51000,-6.58872,4.86938
58.52000,-6.39943,4.37758
58.53000,-6.28770,4.79435
58.54000,-6.83875,4.87001
58.55000,-6.22404,4.85979
58.56000,-6.30085,5.16079
58.57000,-6.44675,4.83430
58.58000,-6.20101,4.98625
58.59000,-6.12845,5.29673
58.60000,-5.79485,5.11209
58.61000,-6.42496,5.33653
58.62000,-6.07358,5.14472
58.63000,-5.90972,5.03870
58.64000,-6.12498,4.82376
58.65000,-5.95751,5.31063
58.66000,-5.67900,5.31258
58.67000,-6.07598,5.35987
58.68000,-5.94392,5.42660
58.69000,-5.81550,5.51042
58.70000,-5.57365,5.58460
58.71000,-5.99390,5.37810
58.72000,-5.76094,5.48862
58.73000,-5.71506,5.95404
58.74000,-5.48488,6.26303
58.75000,-5.66982,5.49110
58.76000,-5.73543,5.86246
58.77000,-5.64912,5.64822
58.78000,-5.51565,5.60677
58.79000,-5.19194,5.82891
58.80000,-5.43767,5.77766
58.81000,-5.35165,5.31796
58.82000,-5.31114,5.82958
58.83000,-5.25145,6.06517
58.84000,-5.71624,6.22941
58.85000,-5.46672,6.21530
58.86000,-4.90426,5.85899
58.87000,-5.34635,6.03180
58.88000,-5.11215,6.10189
58.89000,-4.88020,6.39232
58.90000,-5.23509,6.10855
58.91000,-5.05245,6.21320
58.92000,-5.23609,6.43527
58.93000,-5.02754,6.05052
58.94000,-4.93882,6.40779
58.95000,-5.14625,6.22736
58.96000,-5.09341,6.37374
58.97000,-4.95107,6.11130
58.98000,-4.71442,6.09074
58.99000,-4.90188,6.48547
59.00000,-5.09728,6.91432
59.01000,-4.58039,6.54575
59.02000,-4.62999,6.38501
59.03000,-4.92473,6.38572
59.04000,-4.53430,6.54597
59.05000,-4.28155,7.02929
59.06000,-4.63316,6.79098
59.07000,-4.47315,6.61245
59.08000,-4.35274,6.95176
59.09000,-4.13851,6.78698
59.10000,-4.46933,6.56752
59.11000,-4.09508,6.78496
59.12000,-4.18994,7.08506
59.13000,-3.93770,6.89167
59.14000,-4.21214,7.10697
59.15000,-4.29504,6.82644
59.16000,-4.12239,6.86332
59.17000,-4.30505,7.06532
59.18000,-3.62493,6.69081
59.19000,-3.95171,7.08735
59.20000,-3.74035,6.94365
59.21000,-3.59318,7.04043
59.22000,-3.94996,7.63911
59.23000,-3.56737,7.16988
59.24000,-3.80396,7.19357
59.25000,-3.50199,6.97509
59.26000,-3.39699,7.31003
59.27000,-3.43500,7.41657
59.28000,-3.33723,6.87898
59.29000,-3.59689,7.49601
59.30000,-3.29492,7.39645
59.31000,-3.61732,7.15683
59.32000,-3.30261,7.24111
59.33000,-2.69332,7.22863
59.34000,-3.36611,7.23124
59.35000,-3.23332,7.09965
59.36000,-3.30399,7.30518
59.37000,-3.32573,7.15270
59.38000,-3.17498,7.77375
59.39000,-2.85492,7.51726
59.40000,-2.79786,7.35054
59.41000,-3.00617,7.46141
59.42000,-2.88359,7.53015
59.43000,-2.81729,7.43595
59.44000,-2.77499,7.51800
59.45000,-2.82859,7.57783
59.46000,-2.66176,7.64475
59.47000,-2.73663,7.56424
59.48000,-2.38841,7.60468
59.49000,-2.74608,7.62788
59.50000,-2.41075,7.38341
59.51000,-2.70511,7.38776
59.52000,-2.17771,7.52409
59.53000,-2.41160,7.94298
59.54000,-2.01780,7.83097
59.55000,-2.13701,7.57969
59.56000,-1.77945,7.66452
59.57000,-2.24534,7.89007
59.58000,-2.24496,7.71969
59.59000,-2.00399,7.91855
59.60000,-1.92140,7.62667
59.61000,-1.88666,7.73898
59.62000,-1.50481,7.71054
59.63000,-2.08378,7.69989
59.64000,-1.91279,7.73233
59.65000,-1.71350,8.05254
59.66000,-2.14461,7.78898
59.67000,-1.88258,7.65301
59.68000,-1.65137,7.93195
59.69000,-1.58255,8.10485
59.70000,-1.40676,7.83910
59.71000,-1.29596,7.77615
59.72000,-1.44678,8.22651
59.73000,-1.17103,7.59708
59.74000,-0.96599,7.97692
59.75000,-1.26809,8.07175
59.76000,-1.11158,7.97194
59.77000,-1.08963,7.78394
59.78000,-1.20291,7.97849
59.79000,-0.78122,7.97340
59.80000,-1.14951,8.02202
59.81000,-0.98162,8.31745
59.82000,-1.07608,7.81356
59.83000,-1.03775,8.04821
59.84000,-0.81993,8.09986
59.85000,-0.74485,7.89190
59.86000,-1.07283,8.00184
59.87000,-0.59783,7.99683
59.88000,-0.51673,8.08596
59.89000,-0.55971,7.98995
59.90000,-0.45559,8.07509
59.91000,-0.29913,8.23317
59.92000,-0.20837,8.06958
59.93000,-0.31987,7.77382
59.94000,-0.21541,8.00279
59.95000,-0.13952,7.90417
59.96000,0.22743,7.90544
59.97000,-0.06347,7.82120
59.98000,0.40176,7.89748
59.99000,0.09813,7.68497
60.00000,-0.42221,8.16438
60.01000,0.29044,8.33713
60.02000,0.16656,7.59371
60.03000,0.01718,7.85930
60.04000,0.21954,8.00432
60.05000,0.11842,7.97107
60.06000,0.36171,7.89744
60.07000,0.17908,8.27372
60.08000,0.14204,8.21979
60.09000,0.36323,7.71840
60.10000,0.37187,8.02011
60.11000,0.49148,7.86390
60.12000,0.57244,7.69832
60.13000,0.40671,7.72768
60.14000,0.29933,7.91186
60.15000,0.75839,7.80971
60.16000,0.94720,7.98396
60.17000,0.97892,7.94324
60.18000,0.89897,8.04907
60.19000,0.72837,7.95931
60.20000,1.14103,8.06691
60.21000,1.08575,8.28616
60.22000,1.25298,8.14403
60.23000,1.27036,7.56840
60.24000,0.97405,8.20442
60.25000,0.95109,7.84844
60.26000,1.28425,7.82024
60.27000,1.54741,7.99914
60.28000,1.39142,7.79527
60.29000,1.26287,8.06869
60.30000,1.54803,7.85606
60.31000,1.78378,7.43356
60.32000,1.32499,7.75032
60.33000,1.67755,7.95428
60.34000,1.52026,7.91331
60.35000,1.66235,8.23730
60.36000,1.86985,7.78757
60.37000,1.66594,8.13001
60.38000,1.78337,7.52302
60.39000,2.00069,7.63819
60.40000,1.58987,7.76609
60.41000,2.16567,7.90312
60.42000,1.99219,7.47974
60.43000,2.40072,7.46157
60.44000,1.85296,7.91627
60.45000,2.53909,7.62127
60.46000,2.28066,7.61901
60.47000,1.94342,7.60175
60.48000,2.43234,7.84364
60.49000,2.25968,7.80794
60.50000,2.39827,7.51138
60.51000,2.78878,7.82149
60.52000,2.46965,7.46249
60.53000,2.53677,7.51800
60.54000,2.65416,7.28714
60.55000,2.96034,7.40035
60.56000,2.59132,7.64452
60.57000,2.76255,7.34734
60.58000,2.71478,7.90462
60.59000,2.91378,7.47733
60.60000,2.87845,7.33306
60.61000,2.89162,7.43598
60.62000,3.39296,7.60418
60.63000,2.84731,7.35679
60.64000,3.19767,7.27665
60.65000,2.98519,7.12450
60.66000,3.17625,7.41816
60.67000,3.19458,7.54434
60.68000,3.77143,7.06137
60.69000,3.90797,7.27590
60.70000,3.51395,7.24778
60.71000,3.26209,7.10894
60.72000,3.40289,7.07407
60.73000,3.61922,7.15972
60.74000,3.37987,7.01795
60.75000,3.22795,7.00745
60.76000,3.88845,6.78410
60.77000,3.77348,7.23336
60.78000,3.55874,7.25674
60.79000,3.71951,6.83583
60.80000,3.48434,7.12111
60.81000,3.90346,6.60883
60.82000,3.95036,6.98774
60.83000,4.06771,6.81834
60.84000,3.97263,6.64390
60.85000,4.06156,7.08925
60.86000,4.04024,6.74400
60.87000,4.09450,6.77837
60.88000,4.31774,6.97273
60.89000,4.32354,6.77573
60.90000,4.16240,6.99660
60.91000,4.21748,6.55899
60.92000,4.43486,6.85378
60.93000,4.37409,6.43671
60.94000,4.41801,6.89234
60.95000,4.53217,6.80541
60.96000,4.46040,6.63665
60.97000,4.27061,6.38695
60.98000,4.48927,6.36168
60.99000,4.65139,6.41351
61.00000,4.57607,6.68525
61.01000,4.59014,6.60946
61.02000,4.78960,6.84475
61.03000,4.86610,6.24688
61.04000,4.89014,6.23741
61.05000,4.71211,6.35137
61.06000,4.82798,6.15331
61.07000,5.35939,6.41128
61.08000,5.08581,6.30984
61.09000,5.03184,6.36215
61.10000,5.13723,6.28490
61.11000,5.44853,6.19604
61.12000,5.07791,6.09579
61.13000,5.61886,5.82116
61.14000,5.14342,6.42463
61.15000,5.51730,6.20631
61.16000,5.35967,5.90106
61.17000,5.51108,5.76459
61.18000,5.42873,5.85006
61.19000,5.52130,5.94675
61.20000,5.34327,5.64980
61.21000,5.89680,5.83548
61.22000,5.46506,5.79959
61.23000,5.64287,5.92490
61.24000,5.51876,5.51727
61.25000,5.21544,5.72741
61.26000,5.58250,5.50952
61.27000,5.80873,5.49068
61.28000,5.86777,5.66687
61.29000,6.05246,5.61322
61.30000,5.60362,5.48675
61.31000,5.66167,5.39698
61.32000,5.89145,5.47600
61.33000,5.87377,5.29753
61.34000,6.09845,5.43556
61.35000,6.07712,5.38917
61.36000,6.18958,4.89394
61.37000,5.97048,5.35018
61.38000,6.27430,5.06688
61.39000,6.04164,5.40800
61.40000,6.26693,4.95395
61.41000,6.31204,5.29373
61.42000,6.05755,4.83800
61.43000,6.38175,5.10143
61.44000,6.09040,5.23144
61.45000,6.24126,4.70769
61.46000,6.30997,4.93011
61.47000,6.43567,4.78567
61.48000,6.19677,4.90186
61.49000,6.30432,4.40120
61.50000,6.38374,4.69551
61.51000,6.43098,4.59080
61.52000,6.49485,4.75683
61.53000,6.42801,4.65251
61.54000,6.33542,4.50958
61.55000,6.65755,4.64383
61.56000,6.46281,4.23707
61.57000,6.64999,4.52295
61.58000,6.96609,4.49173
61.59000,6.81205,4.62195
61.60000,6.69419,4.55950
61.61000,6.60192,4.09990
61.62000,6.91846,4.25019
61.63000,6.82209,3.85494
61.64000,6.82716,3.86367
61.65000,6.72490,4.02020
61.66000,7.16600,3.80815
61.67000,7.24459,4.08334
61.68000,7.22865,4.34353
61.69000,7.05003,4.05063
61.70000,6.96622,3.65797
61.71000,7.33227,3.90952
61.72000,6.90515,3.44724
61.73000,7.07012,3.88927
61.74000,7.16411,3.69458
61.75000,7.11744,3.68679
61.76000,7.46544,3.71722
61.77000,6.66799,3.03491
61.78000,7.28495,3.40884
61.79000,7.30734,3.46194
61.80000,7.33222,2.89269
61.81000,7.34752,3.55681
61.82000,6.99115,3.48417
61.83000,7.20080,2.83988
61.84000,7.54000,3.05929
61.85000,7.27544,3.12183
61.86000,7.35841,3.10702
61.87000,7.16285,2.83879
61.88000,7.11461,3.19418
61.89000,7.80026,2.88216
61.90000,7.10880,2.78797
61.91000,7.40232,2.90367
61.92000,7.15023,2.86506
61.93000,7.43149,2.83794
61.94000,7.57723,2.56073
61.95000,7.38665,2.64784
61.96000,7.49929,2.98114
61.97000,7.77934,2.75565
61.98000,7.74971,2.33106
61.99000,7.33184,2.32767
62.00000,7.43641,2.44772
62.01000,7.47051,2.48764
62.02000,7.40196,2.56034
62.03000,7.76156,2.35346
62.04000,7.66610,2.12424
62.05000,7.56732,2.15393
62.06000,7.92391,2.00748
62.07000,7.29817,1.92798
62.08000,7.61271,2.26027
62.09000,7.91818,1.91084
62.10000,7.71453,2.15678
62.11000,7.90182,1.74523
62.12000,8.02860,2.05651
62.13000,7.60248,1.82307
62.14000,7.50752,1.55707
62.15000,7.77433,1.73815
62.16000,7.91412,1.99982
62.17000,7.97228,1.61635
62.18000,8.05332,1.81011
62.19000,8.05809,1.35476
62.20000,7.83521,1.22668
62.21000,8.05526,1.17306
62.22000,7.73950,1.41661
62.23000,7.71145,1.12672
62.24000,7.64987,1.50679
62.25000,7.84794,1.30664
62.26000,7.63429,1.46296
62.27000,7.86398,1.12281
62.28000,7.80899,1.04617
62.29000,8.05460,1.39626
62.30000,8.21992,1.14782
62.31000,7.91973,0.87342
62.32000,8.31492,0.95312
62.33000,7.63804,0.65269
62.34000,8.15794,0.96653
62.35000,7.86522,0.36492
62.36000,7.99321,0.81868
62.37000,8.11737,0.97565
62.38000,8.07135,0.42954
62.39000,7.99583,0.70550
62.40000,7.86470,0.56603
62.41000,8.21213,0.44144
62.42000,7.93149,0.36563
62.43000,8.00018,0.51346
62.44000,7.90064,0.04757
62.45000,8.06675,0.56325
62.46000,7.74637,0.16966
62.47000,7.72115,0.28386
62.48000,8.02422,0.03656
62.49000,7.89857,0.08391
62.50000,7.67967,0.17575
62.51000,7.91480,-0.44192
62.52000,8.02515,-0.47702
62.53000,8.07659,-0.25226
62.54000,8.05196,0.19461
62.55000,7.89597,-0.60607
62.56000,8.33740,-0.37760
62.57000,8.06433,-0.27499
62.58000,7.89981,-0.74725
62.59000,7.85562,-0.63218
62.60000,8.08296,-0.50512
62.61000,7.63495,-0.49280
62.62000,8.04276,-0.52781
62.63000,8.35014,-0.53853
62.64000,7.86015,-1.03738
62.65000,7.98031,-0.94097
62.66000,7.85469,-0.83558
62.67000,7.98950,-0.70348
62.68000,7.86820,-0.93950
62.69000,8.18526,-1.07010
62.70000,7.99311,-0.79988
62.71000,7.92855,-1.09453
62.72000,7.88007,-0.95034
62.73000,7.79554,-0.99953
62.74000,7.49605,-1.35247
62.75000,7.74092,-1.11060
62.76000,8.17050,-1.66699
62.77000,7.90254,-1.13748
62.78000,7.95434,-1.24733
62.79000,7.79486,-0.94965
62.80000,8.14139,-1.22458
62.81000,7.74697,-1.44154
62.82000,8.03142,-1.78759
62.83000,7.47793,-1.56907
62.84000,7.95870,-1.67052
62.85000,7.98508,-1.91830
62.86000,7.69067,-2.03506
62.87000,7.75688,-1.93701
62.88000,8.00098,-1.90886
62.89000,7.96323,-1.94285
62.90000,7.75835,-1.99712
62.91000,7.84510,-2.19278
62.92000,7.74643,-2.58173
62.93000,8.14641,-2.17786
62.94000,7.29339,-2.52626
62.95000,8.01541,-2.36784
62.96000,7.37015,-2.27209
62.97000,7.36411,-2.42263
62.98000,7.41213,-2.58129
62.99000,7.70179,-2.19758
63.00000,7.66563,-2.18012
63.01000,7.46904,-2.51351
63.02000,7.58421,-2.67065
63.03000,7.52265,-2.54256
63.04000,7.61742,-2.60211
63.05000,7.30639,-2.62703
63.06000,7.41597,-2.46326
63.07000,7.51150,-2.61897
63.08000,7.42500,-2.96448
63.09000,7.36726,-2.82541
63.10000,7.52738,-2.64969
63.11000,7.80428,-3.25891
63.12000,7.82451,-3.19114
63.13000,7.49233,-2.84649
63.14000,7.30919,-3.12950
63.15000,7.45704,-3.26140
63.16000,6.93469,-3.04332
63.17000,7.40756,-3.34103
63.18000,7.14111,-3.31465
63.19000,7.17012,-3.27832
63.20000,7.25799,-3.43690
63.21000,7.14050,-3.19218
63.22000,6.90626,-3.55191
63.23000,7.21266,-3.31211
63.24000,7.06472,-3.40912
63.25000,7.04639,-3.64302
63.26000,6.97692,-3.34169
63.27000,6.94483,-3.62233
63.28000,6.95360,-3.80467
63.29000,6.59582,-3.76573
63.30000,7.02510,-3.89402
63.31000,7.07061,-3.99006
63.32000,7.33505,-3.95578
63.33000,6.83709,-3.74053
63.34000,7.06835,-3.88938
63.35000,6.88163,-4.02693
63.36000,6.98159,-4.18296
63.37000,6.99353,-3.94069
63.38000,6.76143,-4.35829
63.39000,6.63872,-4.39510
63.40000,6.47821,-4.55129
63.41000,6.71887,-4.45925
63.42000,6.94494,-4.33519
63.43000,6.83785,-4.66372
63.44000,6.73270,-4.18345
63.45000,6.25626,-4.50298
63.46000,6.90756,-4.54123
63.47000,6.67511,-4.69486
63.48000,6.49337,-4.60897
63.49000,6.44964,-4.44728
63.50000,6.82710,-4.74307
63.51000,6.58384,-4.69945
63.52000,6.34807,-4.72004
63.53000,6.76627,-4.61242
63.54000,6.34689,-4.79098
63.55000,6.34097,-5.14389
63.56000,6.42048,-4.93932
63.57000,6.51845,-4.82038
63.58000,6.13892,-5.28534
63.59000,6.35944,-4.92284
63.60000,6.30754,-5.08198
63.61000,6.08896,-4.98997
63.62000,5.69776,-5.19238
63.63000,5.66760,-5.42200
63.64000,5.81644,-5.45961
63.65000,6.15044,-5.02093
63.66000,6.18143,-5.32875
63.67000,5.89905,-5.28003
63.68000,5.72695,-5.30219
63.69000,5.85165,-5.57221
63.70000,5.78925,-5.63686
63.71000,5.57363,-5.76957
63.72000,5.85912,-5.38289
63.73000,5.63490,-5.53960
63.74000,5.63401,-5.88961
63.75000,5.52047,-5.63865
63.76000,5.59205,-5.74277
63.77000,5.60316,-5.54308
63.78000,5.44028,-5.95449
63.79000,5.68390,-5.44878
63.80000,5.37720,-5.91946
63.81000,5.57632,-5.89997
63.82000,5.65728,-6.08857
63.83000,5.12424,-5.91571
63.84000,5.29596,-6.04136
63.85000,5.28116,-5.93507
63.86000,5.23464,-5.86767
63.87000,4.89981,-5.87045
63.88000,5.21136,-5.96204
63.89000,4.78828,-6.00790
63.90000,4.74448,-6.14250
63.91000,4.78941,-6.34365
63.92000,5.02219,-6.28267
63.93000,5.01034,-6.76706
63.94000,4.71514,-5.99341
63.95000,5.16962,-6.48665
63.96000,4.68573,-6.44250
63.97000,4.58660,-6.60965
63.98000,4.88300,-6.51190
63.99000,4.80996,-6.12832
64.00000,4.68529,-6.30027
64.01000,4.88478,-6.58578
64.02000,4.79092,-6.71288
64.03000,4.96280,-6.66187
64.04000,4.73864,-6.31945
64.05000,4.40125,-6.58686
64.06000,4.35823,-6.55069
64.07000,4.47238,-7.15230
64.08000,4.87236,-6.65674
64.09000,4.35756,-6.79736
64.10000,4.29944,-6.77545
64.11000,4.50099,-6.62003
64.12000,3.96343,-7.03373
64.13000,4.06853,-6.98945
64.14000,4.22680,-6.86942
64.15000,4.05514,-7.07772
64.16000,3.98943,-6.54075
64.17000,4.03641,-6.82516
64.18000,3.80192,-6.89241
64.19000,3.92892,-6.93681
64.20000,3.91286,-7.17224
64.21000,3.64948,-6.93461
64.22000,3.77407,-6.74919
64.23000,4.17894,-7.02426
64.24000,3.81687,-7.11414
64.25000,3.80617,-7.07446
64.26000,3.88928,-7.10171
64.27000,3.63851,-7.01298
64.28000,3.79524,-7.12344
64.29000,3.19920,-7.33349
64.30000,3.33763,-7.40271
64.31000,3.61675,-7.17248
64.32000,3.19443,-7.82841
64.33000,3.00174,-7.62835
64.34000,3.30582,-7.58198
64.35000,3.22553,-7.44954
64.36000,3.33945,-7.33829
64.37000,2.96058,-7.18836
64.38000,2.80364,-7.27084
64.39000,2.89597,-7.06661
64.40000,3.05619,-7.17202
64.41000,3.11847,-7.54103
64.42000,2.74339,-7.22207
64.43000,2.74441,-7.78690
64.44000,2.49918,-7.28537
64.45000,2.64668,-7.31624
64.46000,2.47299,-7.79859
64.47000,2.74996,-7.53555
64.48000,2.41114,-7.97278
64.49000,2.30771,-7.69053
64.50000,2.60893,-7.41134
64.51000,2.59780,-7.48781
64.52000,2.33042,-7.62812
64.53000,2.24684,-7.73505
64.54000,1.97892,-7.67593
64.55000,2.30177,-7.92950
64.56000,2.21736,-7.80703
64.57000,2.20910,-7.57946
64.58000,1.70671,-7.71464
64.59000,1.97781,-7.45656
64.60000,1.94344,-7.71955
64.61000,1.78500,-7.60518
64.62000,1.90202,-7.61693
64.63000,1.91239,-7.80658
64.64000,1.99799,-7.73760
64.65000,1.67407,-7.75746
64.66000,1.61501,-7.75876
64.67000,1.59783,-8.01705
64.68000,1.47577,-7.90033
64.69000,1.27737,-7.44661
64.70000,1.64260,-7.78781
64.71000,1.50628,-7.71081
64.72000,1.24983,-7.96019
64.73000,1.26721,-7.88398
64.74000,1.28540,-7.99848
64.75000,1.25703,-7.99862
64.76000,1.04178,-7.73803
64.77000,1.06862,-8.09532
64.78000,0.88901,-7.82043
64.79000,1.19476,-8.01823
64.80000,0.82229,-7.83806
64.81000,0.97127,-7.79459
64.82000,0.63336,-8.10064
64.83000,1.13968,-7.95334
64.84000,0.87016,-7.74711
64.85000,0.68608,-7.64290
64.86000,0.49591,-7.91243
64.87000,0.41609,-8.13859
64.88000,0.72406,-7.86308
64.89000,0.60495,-7.74629
64.90000,0.53088,-7.91821
64.91000,0.44136,-7.66208
64.92000,0.32856,-8.02250
64.93000,0.19487,-8.35332
64.94000,0.18142,-7.46288
64.95000,0.40711,-7.90028
64.96000,0.05658,-8.07386
64.97000,0.12414,-8.21051
64.98000,0.32043,-8.14365
64.99000,0.04244,-8.25864
65.00000,0.09439,-7.95516
65.01000,0.38145,-7.69018
65.02000,0.07084,-7.89471
65.03000,-0.40790,-7.90672
65.04000,0.32302,-7.67667
65.05000,-0.70610,-7.89483
65.06000,-0.21006,-7.99805
65.07000,-0.46649,-7.76061
65.08000,-0.00614,-8.01821
65.09000,-0.31029,-7.83791
65.10000,-0.63491,-7.74387
65.11000,-0.71671,-7.83729
65.12000,-0.59755,-8.00837
65.13000,-1.01137,-7.99579
65.14000,-0.35022,-7.87570
65.15000,-0.66951,-7.73529
65.16000,-0.83953,-7.65665
65.17000,-0.84648,-7.87596
65.18000,-0.83421,-7.81957
65.19000,-1.11408,-7.79088
65.20000,-0.73250,-7.76746
65.21000,-1.59542,-7.75111
65.22000,-1.24133,-8.09079
65.23000,-1.21615,-8.07859
65.24000,-0.72346,-7.68379
65.25000,-1.47031,-8.05598
65.26000,-1.19378,-7.81438
65.27000,-1.61348,-7.86977
65.28000,-1.64478,-7.75422
65.29000,-1.51786,-7.87146
65.30000,-1.20405,-8.10285
65.31000,-1.82354,-7.45118
65.32000,-1.66814,-7.78078
65.33000,-1.55016,-7.85374
65.34000,-1.49015,-7.86823
65.35000,-1.93268,-7.58998
65.36000,-1.41847,-7.98248
65.37000,-1.72443,-8.24831
65.38000,-1.81588,-7.74200
65.39000,-2.02771,-7.99561
65.40000,-1.93133,-7.70862
65.41000,-2.19767,-8.23686
65.42000,-2.27596,-7.57940
65.43000,-2.29245,-7.44201
65.44000,-2.26884,-7.88704
65.45000,-1.91727,-7.92453
65.46000,-2.23174,-7.60301
65.47000,-2.58497,-7.99072
65.48000,-2.47286,-7.59046
65.49000,-2.03485,-7.77634
65.50000,-2.51048,-7.93933
65.51000,-2.62485,-7.60657
65.52000,-2.90558,-7.15644
65.53000,-2.68845,-7.53854
65.54000,-2.69358,-7.51950
65.55000,-2.67249,-7.32580
65.56000,-2.81425,-7.49251
65.57000,-2.84339,-7.46462
65.58000,-3.00698,-7.10563
65.59000,-2.75699,-7.50952
65.60000,-2.68048,-7.21366
65.61000,-2.90010,-7.49235
65.62000,-2.83534,-7.44613
65.63000,-2.97352,-7.59506
65.64000,-3.16470,-7.10032
65.65000,-3.42169,-7.32835
65.66000,-3.19075,-7.64347
65.67000,-3.21561,-7.44685
65.68000,-3.31717,-7.35950
65.69000,-3.23484,-7.11375
65.70000,-3.35934,-6.99880
65.71000,-3.33212,-7.41048
65.72000,-3.50329,-7.15628
65.73000,-3.20496,-7.04481
65.74000,-3.68825,-6.84698
65.75000,-3.31769,-7.30596
65.76000,-3.68468,-7.22788
65.77000,-3.72660,-7.01693
65.78000,-3.71760,-7.06675
65.79000,-4.25855,-6.80739
65.80000,-3.85206,-6.70025
65.81000,-3.87062,-7.16465
65.82000,-4.02315,-6.92819
65.83000,-4.08260,-6.63656
65.84000,-4.02101,-6.89090
65.85000,-4.10923,-6.63099
65.86000,-4.09040,-7.09282
65.87000,-4.13348,-6.77516
65.88000,-4.16603,-6.90536
65.89000,-4.14035,-7.07851
65.90000,-4.48981,-6.86002
65.91000,-4.28564,-6.76262
65.92000,-4.48546,-6.67494
65.93000,-4.30512,-6.42039
65.94000,-4.12365,-6.76143
65.95000,-4.55314,-6.68204
65.96000,-4.41050,-6.56779
65.97000,-4.94262,-6.64854
65.98000,-4.86615,-6.75213
65.99000,-4.66021,-6.51479
66.00000,-4.54403,-6.55487
66.01000,-4.85629,-6.46571
66.02000,-5.00118,-6.70657
66.03000,-5.10748,-6.25699
66.04000,-5.18929,-6.32049
66.05000,-4.83981,-6.46087
66.06000,-4.86029,-6.57912
66.07000,-4.47761,-6.18963
66.08000,-4.81773,-6.04832
66.09000,-5.36894,-6.14459
66.10000,-4.99203,-6.17847
66.11000,-5.13565,-5.90647
66.12000,-5.44792,-6.42707
66.13000,-5.02707,-5.79827
66.14000,-5.33209,-6.24836
66.15000,-5.24525,-6.21731
66.16000,-5.13962,-6.21000
66.17000,-5.38017,-6.20339
66.18000,-5.31661,-5.63297
66.19000,-5.35250,-5.65428
66.20000,-5.49675,-5.85120
66.21000,-5.54429,-5.66849
66.22000,-5.63740,-5.74495
66.23000,-5.51111,-5.75411
66.24000,-5.56575,-5.90742
66.25000,-5.30674,-5.67837
66.26000,-5.51564,-5.61446
66.27000,-5.63435,-5.69087
66.28000,-5.64300,-5.55902
66.29000,-5.61726,-5.44390
66.30000,-5.72847,-5.46918
66.31000,-6.00368,-5.56224
66.32000,-5.75894,-5.29604
66.33000,-5.76894,-5.47885
66.34000,-6.00663,-5.40836
66.35000,-5.84534,-5.45065
66.36000,-6.28124,-5.82968
66.37000,-6.24515,-5.08212
66.38000,-6.00657,-5.16543
66.39000,-6.18029,-5.57280
66.40000,-6.03676,-4.97160
66.41000,-6.11135,-5.18479
66.42000,-6.12803,-5.00652
66.43000,-6.25325,-4.84498
66.44000,-6.21922,-4.99372
66.45000,-6.47288,-4.75176
66.46000,-6.75370,-4.72223
66.47000,-6.44207,-4.99637
66.48000,-6.28969,-4.71003
66.49000,-6.45429,-4.52573
66.50000,-6.42428,-4.56106
66.51000,-6.59326,-4.73019
66.52000,-6.74147,-4.86144
66.53000,-6.54347,-4.58953
66.54000,-6.67095,-4.43414
66.55000,-6.75952,-4.60871
66.56000,-6.69695,-4.57622
66.57000,-6.32930,-4.72923
66.58000,-6.39199,-4.51118
66.59000,-6.47426,-4.13581
66.60000,-6.61014,-4.46905
66.61000,-6.91119,-4.16299
66.62000,-6.61443,-4.26766
66.63000,-7.09680,-4.26359
66.64000,-7.12266,-4.05495
66.65000,-7.19839,-3.97327
66.66000,-6.64087,-4.07547
66.67000,-6.98045,-3.92006
66.68000,-6.82925,-4.13265
66.69000,-7.04458,-4.05950
66.70000,-6.77656,-3.88934
66.71000,-7.08940,-3.75863
66.72000,-6.90612,-3.95364
66.73000,-6.87070,-3.89571
66.74000,-7.35439,-3.45561
66.75000,-7.16227,-3.74808
66.76000,-7.08888,-3.10647
66.77000,-7.07415,-3.51827
66.78000,-7.12901,-3.28109
66.79000,-6.80805,-3.68135
66.80000,-7.33333,-3.52250
66.81000,-7.36029,-3.49017
66.82000,-7.28380,-2.99231
66.83000,-7.43769,-3.19467
66.84000,-7.12546,-3.38785
66.85000,-7.21012,-3.55991
66.86000,-7.47435,-2.84234
66.87000,-7.19441,-3.43979
66.88000,-7.55858,-3.04764
66.89000,-7.46393,-3.01740
66.90000,-7.30986,-2.90553
66.91000,-7.27850,-2.96575
66.92000,-7.52212,-3.08692
66.93000,-7.29167,-3.02424
66.94000,-7.55173,-2.94104
66.95000,-7.75918,-2.43583
66.96000,-7.50574,-2.60281
66.97000,-7.60710,-2.53428
66.98000,-7.76527,-2.50394
66.99000,-7.50300,-2.51944
67.00000,-7.87857,-2.53147
67.01000,-7.42261,-2.53887
67.02000,-7.86281,-2.47592
67.03000,-7.89697,-2.48033
67.04000,-7.56353,-2.47345
67.05000,-7.39486,-2.38451
67.06000,-7.72071,-2.34211
67.07000,-7.73120,-2.45019
67.08000,-7.83851,-2.06262
67.09000,-7.86305,-2.13844
67.10000,-7.77119,-1.64371
67.11000,-8.08582,-2.03777
67.12000,-7.70646,-1.93349
67.13000,-7.60439,-1.98903
67.14000,-7.89132,-1.72516
67.15000,-7.57870,-2.22173
67.16000,-7.57477,-1.81969
67.17000,-7.75933,-2.00772
67.18000,-8.02943,-1.52243
67.19000,-7.64450,-1.41537
67.20000,-7.88613,-1.59932
67.21000,-7.50049,-1.41696
67.22000,-7.98251,-1.24895
67.23000,-7.87430,-1.40517
67.24000,-8.34255,-1.58032
67.25000,-7.76149,-1.01130
67.26000,-7.79168,-0.96089
67.27000,-7.79409,-1.41768
67.28000,-8.00511,-1.20855
67.29000,-7.84297,-0.68482
67.30000,-8.01138,-0.80258
67.31000,-7.83226,-0.89331
67.32000,-7.79910,-1.01889
67.33000,-7.71179,-0.78292
67.34000,-8.05305,-0.75258
67.35000,-8.06062,-0.46288
67.36000,-8.22369,-0.64153
67.37000,-7.77144,-0.56057
67.38000,-7.80819,-0.69304
67.39000,-7.84946,-0.19389
67.40000,-7.79374,-0.40418
67.41000,-8.24493,-0.23175
67.42000,-7.68557,-0.49448
67.43000,-7.95543,-0.41561
67.44000,-7.87732,-0.08868
67.45000,-7.70848,0.13961
67.46000,-8.11836,-0.04637
67.47000,-7.76377,0.14380
67.48000,-8.00349,-0.14940
67.49000,-7.55368,0.02692
67.50000,-8.04642,0.05114
67.51000,-8.23216,-0.13289
67.52000,-7.96050,0.26040
67.53000,-7.95950,-0.06753
67.54000,-7.84985,0.20102
67.55000,-8.14251,0.52330
67.56000,-7.75884,0.22259
67.57000,-7.64620,0.48047
67.58000,-7.97562,0.51853
67.59000,-7.97389,0.45937
67.60000,-8.03102,0.57915
67.61000,-7.89026,0.57890
67.62000,-8.02403,0.90201
67.63000,-7.87845,0.40014
67.64000,-7.66995,1.07647
67.65000,-8.04545,0.67423
67.66000,-7.60848,0.95281
67.67000,-7.85451,0.83371
67.68000,-8.03258,0.77470
67.69000,-7.89165,1.01689
67.70000,-8.17484,0.97306
67.71000,-7.91621,0.97294
67.72000,-7.74700,0.88714
67.73000,-8.05856,0.95371
67.74000,-7.67817,1.23489
67.75000,-7.97718,1.04321
67.76000,-7.97210,1.08163
67.77000,-8.11418,1.61926
67.78000,-7.59445,1.68077
67.79000,-7.48557,1.34717
67.80000,-7.80897,1.59914
67.81000,-7.68040,1.50903
67.82000,-7.87086,1.66891
67.83000,-7.90457,1.48233
67.84000,-8.04478,2.03555
67.85000,-7.60958,1.72523
67.86000,-7.98513,1.92672
67.87000,-7.74606,2.22894
67.88000,-7.87905,1.86865
67.89000,-7.77744,2.20377
67.90000,-7.61945,2.23845
67.91000,-8.06403,1.92561
67.92000,-7.68722,1.69196
67.93000,-7.68930,2.10657
67.94000,-7.67172,1.93262
67.95000,-7.60003,2.31398
67.96000,-7.67340,2.27058
67.97000,-7.79030,2.73063
67.98000,-7.82998,2.20642
67.99000,-7.74951,2.28076
68.00000,-7.70627,2.37132
68.01000,-7.56877,2.34897
68.02000,-8.00956,2.71374
68.03000,-7.72384,2.64612
68.04000,-7.60469,2.38586
68.05000,-7.11993,2.50344
68.06000,-7.50590,2.92731
68.07000,-7.49597,2.72886
68.08000,-7.46907,2.84421
68.09000,-7.66158,2.64466
68.10000,-7.35617,2.87326
68.11000,-7.26459,2.67137
68.12000,-7.52209,3.29912
68.13000,-7.67870,2.88172
68.14000,-7.26816,3.42342
68.15000,-7.21729,2.91589
68.16000,-7.21972,3.01181
68.17000,-7.10894,3.56803
68.18000,-7.41743,3.42712
68.19000,-7.29630,3.15793
68.20000,-7.34498,3.46007
68.21000,-7.02621,3.63622
68.22000,-7.46487,3.36199
68.23000,-7.18211,3.49025
68.24000,-7.19737,3.64281
68.25000,-7.12752,3.63198
68.26000,-6.94802,3.50247
68.27000,-6.93438,3.61689
68.28000,-6.85022,3.69073
68.29000,-6.92964,3.57404
68.30000,-6.94371,3.76370
68.31000,-6.98573,4.07816
68.32000,-7.08548,3.80311
68.33000,-7.21399,3.90521
68.34000,-6.91293,4.23737
68.35000,-7.13015,4.07340
68.36000,-6.86680,4.10028
68.37000,-6.90861,4.43934
68.38000,-7.09444,4.09079
68.39000,-6.38205,4.40774
68.40000,-6.76417,4.10197
68.41000,-6.87206,4.69945
68.42000,-6.57518,4.62543
68.43000,-6.66431,4.30196
68.44000,-6.63319,4.76882
68.45000,-6.21384,4.80581
68.46000,-6.50518,4.56827
68.47000,-6.66296,4.34464
68.48000,-6.49431,4.60942
68.49000,-6.57832,4.67540
68.50000,-6.50246,4.84816
68.51000,-6.47562,4.92179
68.52000,-6.07692,4.59640
68.53000,-6.18699,4.58117
68.54000,-6.26006,5.03233
68.55000,-6.30262,4.68764
68.56000,-6.50754,5.19707
68.57000,-5.96999,5.31435
68.58000,-6.41897,5.09613
68.59000,-6.30175,4.82354
68.60000,-6.16005,5.19038
68.61000,-5.86732,5.22450
68.62000,-6.07928,4.83453
68.63000,-5.86699,5.13901
68.64000,-6.07622,5.27277
68.65000,-6.23678,5.50168
68.66000,-5.90289,5.68813
68.67000,-5.92485,5.45975
68.68000,-6.00174,5.47647
68.69000,-5.86893,5.59594
68.70000,-5.76772,5.25379
68.71000,-5.78001,5.32468
68.72000,-5.70048,5.56413
68.73000,-5.83410,5.57799
68.74000,-5.80908,5.36862
68.75000,-5.56730,5.82830
68.76000,-5.57006,5.77122
68.77000,-5.59515,5.55681
68.78000,-5.44934,5.85662
68.79000,-5.42638,5.85700
68.80000,-5.47614,5.89828
68.81000,-5.64516,6.05432
68.82000,-5.39628,5.85186
68.83000,-5.79606,5.69464
68.84000,-5.55413,6.07275
68.85000,-5.16656,5.88849
68.86000,-4.98822,5.88219
68.87000,-5.21867,6.16325
68.88000,-5.32842,6.07287
68.89000,-5.08172,6.16464
68.90000,-5.18898,6.13410
68.91000,-5.00096,5.98912
68.92000,-5.00668,5.97961
68.93000,-4.81441,6.19355
68.94000,-4.86478,5.69303
68.95000,-5.10846,6.33456
68.96000,-4.67746,6.19009
68.97000,-4.74353,6.15860
68.98000,-4.56127,6.42690
68.99000,-4.62249,6.07924
69.00000,-4.58893,6.57921
69.01000,-4.70687,6.75610
69.02000,-4.66468,6.68956
69.03000,-4.64255,6.46525
69.04000,-4.68870,6.41325
69.05000,-4.29765,6.69792
69.06000,-4.22084,6.46935
69.07000,-4.31616,6.91088
69.08000,-4.28376,6.92302
69.09000,-4.71858,6.61462
69.10000,-4.56122,6.57250
69.11000,-4.35309,6.61642
69.12000,-4.20069,6.56068
69.13000,-4.06583,6.88502
69.14000,-4.14518,6.89757
69.15000,-3.87921,6.93831
69.16000,-3.83971,6.90692
69.17000,-3.84927,7.07612
69.18000,-3.97140,7.16580
69.19000,-4.00652,6.90372
69.20000,-3.91831,7.10100
69.21000,-4.00373,7.09241
69.22000,-3.94267,6.83987
69.23000,-3.73086,7.00439
69.24000,-3.30765,7.18429
69.25000,-3.52592,7.42130
69.26000,-3.68302,6.98667
69.27000,-3.66115,7.37569
69.28000,-3.50370,7.23105
69.29000,-3.25943,6.79952
69.30000,-3.32734,7.53996
69.31000,-3.23646,6.96461
69.32000,-3.26156,7.25440
69.33000,-3.39343,7.03422
69.34000,-3.04872,7.22882
69.35000,-3.10022,7.51809
69.36000,-2.80332,7.26112
69.37000,-3.17692,7.41703
69.38000,-3.11486,7.32418
69.39000,-3.14572,7.39530
69.40000,-2.82238,7.29400
69.41000,-2.96813,7.80874
69.42000,-2.84009,7.61370
69.43000,-2.89919,7.32407
69.44000,-2.88901,7.56006
69.45000,-2.81991,7.43198
69.46000,-2.41070,7.37837
69.47000,-2.77053,7.70330
69.48000,-3.12376,7.73883
69.49000,-2.55060,7.84231
69.50000,-2.59879,7.63434
69.51000,-2.50098,7.70275
69.52000,-2.28555,7.34878
69.53000,-2.12589,7.80508
69.54000,-2.29141,7.84238
69.55000,-2.45206,7.92682
69.56000,-2.31432,7.95957
69.57000,-1.94590,7.68673
69.58000,-1.98306,7.69017
69.59000,-1.70888,7.68976
69.60000,-2.05172,7.56168
69.61000,-1.98424,7.73328
69.62000,-1.70738,7.88380
69.63000,-1.76325,7.78838
69.64000,-1.75507,7.86288
69.65000,-1.57068,7.50919
69.66000,-1.93078,8.03834
69.67000,-1.78737,7.57073
69.68000,-1.57011,7.84550
69.69000,-1.63438,7.85347
69.70000,-1.75390,7.76483
69.71000,-1.60769,7.77104
69.72000,-1.31868,7.56395
69.73000,-1.35613,7.88384
69.74000,-1.11144,7.93061
69.75000,-1.17708,7.70327
69.76000,-1.06609,8.13833
69.77000,-1.32007,7.58444
69.78000,-0.97914,7.96559
69.79000,-1.04832,7.92230
69.80000,-1.06922,8.19731
69.81000,-0.99097,7.69683
69.82000,-1.08343,7.97921
69.83000,-0.74754,8.07954
69.84000,-0.79166,8.23980
69.85000,-0.66747,7.99688
69.86000,-0.78336,7.73979
69.87000,-0.70943,7.96707
69.88000,-0.50396,8.10963
69.89000,-0.80726,8.12717
69.90000,-0.60891,8.02551
69.91000,-0.79046,8.10911
69.92000,-0.28163,8.02288
69.93000,-0.50838,7.84619
69.94000,-0.39390,8.03554
69.95000,-0.35272,7.64600
69.96000,-0.04679,8.30358
69.97000,-0.24641,7.74052
69.98000,0.01201,7.70510
69.99000,0.00308,8.29882
70.00000,0.12603,7.73619
70.01000,0.34182,8.15541
70.02000,0.07983,8.08149
70.03000,-0.12628,8.11208
70.04000,0.22401,7.86813
70.05000,0.33090,8.08695
70.06000,0.23563,8.13654
70.07000,0.31685,7.94739
70.08000,0.39619,8.27596
70.09000,0.25274,7.97740
70.10000,0.48727,7.98464
70.11000,0.63736,8.18818
70.12000,0.71675,7.85816
70.13000,0.41979,7.68310
70.14000,0.68159,8.06674
70.15000,0.89306,7.97839
70.16000,0.82471,8.00801
70.17000,0.84377,7.71924
70.18000,1.17521,7.70930
70.19000,1.12658,7.78620
70.20000,1.25909,7.90424
70.21000,0.99395,8.06608
70.22000,0.98928,7.68334
70.23000,1.03132,7.97174
70.24000,1.21659,8.18977
70.25000,1.55862,8.36502
70.26000,1.35625,7.55508
70.27000,0.97938,7.73850
70.28000,1.44858,7.84770
70.29000,1.53727,7.75989
70.30000,1.35073,7.68311
70.31000,1.65274,7.54304
70.32000,1.47206,7.86426
70.33000,1.71420,7.94042
70.34000,1.60269,7.70102
70.35000,1.78951,7.50924
70.36000,2.07757,7.72332
70.37000,1.39121,7.81515
70.38000,1.80811,7.71365
70.39000,1.91708,7.94405
70.40000,2.00197,7.54298
70.41000,1.93546,7.51418
70.42000,2.20068,7.92312
70.43000,2.17915,7.64533
70.44000,2.11588,7.63829
70.45000,1.94324,7.65402
70.46000,2.24915,7.37957
70.47000,2.23903,7.35492
70.48000,2.23128,7.90316
70.49000,2.28018,7.75683
70.50000,2.08866,7.65494
70.51000,2.47415,7.24894
70.52000,2.46593,7.72161
70.53000,2.77092,7.42839
70.54000,2.64724,7.46329
70.55000,2.78170,7.14387
70.56000,2.46869,7.32421
70.57000,3.06295,7.05438
70.58000,2.77402,7.04637
70.59000,2.73686,7.70252
70.60000,3.06543,7.66675
70.61000,2.72651,7.55430
70.62000,3.13446,7.44730
70.63000,2.50650,7.73657
70.64000,3.21177,7.39949
70.65000,3.08644,7.51175
70.66000,3.31749,7.29633
70.67000,3.06665,7.58427
70.68000,3.39566,7.21872
70.69000,3.29648,6.71973
70.70000,3.42385,7.63195
70.71000,3.26966,7.29075
70.72000,3.66294,7.37400
70.73000,3.81213,7.29531
70.74000,3.80348,7.07364
70.75000,3.43219,7.41649
70.76000,3.88611,7.21180
70.77000,3.68671,7.25396
70.78000,3.60251,7.01473
70.79000,3.83514,6.95329
70.80000,3.61396,6.75369
70.81000,3.81843,6.89898
70.82000,3.80791,6.90816
70.83000,3.96620,6.86426
70.84000,4.23805,6.75527
70.85000,4.00106,7.30495
70.86000,4.22805,6.85188
70.87000,4.07945,6.86890
70.88000,4.37102,6.89306
70.89000,4.37988,6.66849
70.90000,4.38883,6.79562
70.91000,4.60166,6.97580
70.92000,4.60902,6.42801
70.93000,4.37363,6.37718
70.94000,4.28702,6.72350
70.95000,4.35372,6.49180
70.96000,4.47588,6.44957
70.97000,4.75807,6.84351
70.98000,4.80097,6.52467
70.99000,4.85409,6.40042
71.00000,4.70581,6.55119
71.01000,4.62301,6.44214
71.02000,4.69367,6.52541
71.03000,5.34054,6.31667
71.04000,4.98928,6.04128
71.05000,4.73102,6.55067
71.06000,5.15834,6.36282
71.07000,5.42661,6.26822
71.08000,4.92013,6.60424
71.09000,5.05635,6.21405
71.10000,4.98889,6.17657
71.11000,5.11881,6.27108
71.12000,5.02670,6.12457
71.13000,5.58516,6.23248
71.14000,5.39479,6.08217
71.15000,5.43998,5.79638
71.16000,5.23416,5.95921
71.17000,5.44742,5.81998
71.18000,5.16307,5.82690
71.19000,5.44763,5.94158
71.20000,5.56372,5.96738
71.21000,5.37275,6.11195
71.22000,5.51745,5.83313
71.23000,5.57759,5.67675
71.24000,5.89206,5.73464
71.25000,5.69350,5.58907
71.26000,5.77697,5.32392
71.27000,5.58469,5.25872
71.28000,5.59470,5.65758
71.29000,5.94436,5.48073
71.30000,5.65332,5.38383
71.31000,5.75591,5.22592
71.32000,5.87329,5.74259
71.33000,6.19363,5.31032
71.34000,5.91959,5.27085
71.35000,6.00316,5.30647
71.36000,6.28106,5.61728
71.37000,6.16644,5.11531
71.38000,5.80607,5.67006
71.39000,6.16130,5.19159
71.40000,6.41731,4.85391
71.41000,6.17903,4.97219
71.42000,6.29581,4.74250
71.43000,5.97746,5.21576
71.44000,6.33532,4.93781
71.45000,6.53172,4.91706
71.46000,6.65404,4.86363
71.47000,6.42827,5.00277
71.48000,6.62258,4.78453
71.49000,6.63915,4.68170
71.50000,6.53435,4.56874
71.51000,6.89849,4.93798
71.52000,6.37656,4.69154
71.53000,6.33519,4.08211
71.54000,6.53347,4.30265
71.55000,6.82741,4.11093
71.56000,6.44543,4.35999
71.57000,6.65310,4.47919
71.58000,6.59488,4.22150
71.59000,6.28808,4.40510
71.60000,6.98400,3.76208
71.61000,6.95299,4.18456
71.62000,6.44486,4.07592
71.63000,6.87279,4.22976
71.64000,6.97750,4.09684
71.65000,7.20127,4.16614
71.66000,7.17202,3.83073
71.67000,7.12349,4.01502
71.68000,6.98094,4.03308
71.69000,6.81526,3.75624
71.70000,7.10407,3.98070
71.71000,6.83631,4.02461
71.72000,7.24405,3.91469
71.73000,6.95594,3.59861
71.74000,6.98273,3.47742
71.75000,7.03161,3.68651
71.76000,7.18851,3.53312
71.77000,7.08964,3.48669
71.78000,6.86746,3.17545
71.79000,7.24781,3.56928
71.80000,7.41943,3.15139
71.81000,7.28895,3.18890
71.82000,7.17688,3.20787
71.83000,7.32235,3.09946
71.84000,7.27339,3.17299
71.85000,7.31839,3.23502
71.86000,7.41833,3.10891
71.87000,7.21987,3.26346
71.88000,7.30637,2.82406
71.89000,7.49183,2.79827
71.90000,7.31866,3.08877
71.91000,7.25164,3.01933
71.92000,7.59869,2.69361
71.93000,7.73169,2.66235
71.94000,7.35829,2.72547
71.95000,7.26891,2.72052
71.96000,7.49976,2.60869
71.97000,7.58330,2.39474
71.98000,7.61748,2.56101
71.99000,7.55569,2.47940
72.00000,7.50317,2.23137
72.01000,7.57488,2.26605
72.02000,7.87837,2.27017
72.03000,7.74570,2.39466
72.04000,7.59861,2.64721
72.05000,7.74122,2.27072
72.06000,7.53692,2.09862
72.07000,7.80133,1.82479
72.08000,7.77314,1.96989
72.09000,7.86349,2.00325
72.10000,7.77257,1.82360
72.11000,7.69415,1.69790
72.12000,7.76962,1.88354
72.13000,7.93186,1.87812
72.14000,7.89914,2.01952
72.15000,7.81244,1.76670
72.16000,7.76523,1.51395
72.17000,7.89591,1.18508
72.18000,7.69521,1.39183
72.19000,7.67625,1.62363
72.20000,7.68561,1.74542
72.21000,7.78717,1.69146
72.22000,8.04614,1.40205
72.23000,7.80352,1.51653
72.24000,7.77011,1.34420
72.25000,8.01990,1.14888
72.26000,8.08637,1.37502
72.27000,7.88811,1.45189
72.28000,8.16683,1.44738
72.29000,7.87176,1.09333
72.30000,7.95659,1.08015
72.31000,7.85268,0.87392
72.32000,8.03904,0.45346
72.33000,7.89616,0.96213
72.34000,7.92826,0.79803
72.35000,7.65553,1.03921
72.36000,7.87607,0.69908
72.37000,7.92057,0.57402
72.38000,8.14710,0.80102
72.39000,7.80046,0.45761
72.40000,7.74747,0.06699
72.41000,8.14162,0.37115
72.42000,8.24486,0.64855
72.43000,7.74254,0.67559
72.44000,8.10509,0.33287
72.45000,7.96985,0.22251
72.46000,7.99452,0.17977
72.47000,8.10920,0.23313
72.48000,8.01511,0.07014
72.49000,8.15764,-0.04008
72.50000,8.07930,0.01470
72.51000,8.23486,-0.02224
72.52000,8.46500,-0.03740
72.53000,8.11832,0.31152
72.54000,8.18457,-0.14147
72.55000,8.10613,-0.37179
72.56000,8.07706,-0.12341
72.57000,8.06272,-0.17936
72.58000,8.07996,-0.42559
72.59000,7.78296,-0.53420
72.60000,7.92185,-0.44321
72.61000,7.79757,-0.89587
72.62000,8.39763,-0.46471
72.63000,7.85945,-0.37998
72.64000,7.56649,-0.36136
72.65000,8.14424,-0.86554
72.66000,8.26790,-0.79401
72.67000,8.31137,-0.62963
72.68000,8.15448,-0.84994
72.69000,8.36800,-1.03366
72.70000,7.87570,-0.71800
72.71000,7.97062,-1.14711
72.72000,7.82088,-1.26019
72.73000,8.06832,-0.93791
72.74000,7.90570,-0.97033
72.75000,7.97485,-1.29799
72.76000,7.74457,-1.51658
72.77000,7.93429,-1.09058
72.78000,7.86518,-1.49698
72.79000,7.73485,-1.51895
72.80000,7.83202,-1.77188
72.81000,7.90648,-1.56085
72.82000,7.91886,-1.56252
72.83000,7.72913,-1.42823
72.84000,7.82416,-1.86430
72.85000,7.77888,-1.40868
72.86000,7.83607,-1.52137
72.87000,7.74119,-2.14358
72.88000,7.67911,-1.61922
72.89000,7.46301,-1.62062
72.90000,7.89860,-2.19623
72.91000,7.89733,-2.34254
72.92000,7.92600,-1.98762
72.93000,7.65434,-2.23199
72.94000,7.62409,-2.54508
72.95000,7.78666,-1.98705
72.96000,7.48185,-2.17962
72.97000,7.79566,-2.57931
72.98000,7.85243,-2.00738
72.99000,7.64312,-2.57471
73.00000,7.56656,-2.49339
73.01000,7.81923,-2.54304
73.02000,7.47458,-2.92748
73.03000,7.71548,-2.67350
73.04000,7.36673,-2.65925
73.05000,7.39104,-3.06211
73.06000,7.81405,-2.97337
73.07000,7.58383,-2.75966
73.08000,7.61518,-3.00528
73.09000,7.42318,-2.61811
73.10000,7.36497,-2.80899
73.11000,7.25420,-3.04985
73.12000,7.31161,-3.09473
73.13000,7.69678,-3.05027
73.14000,7.34455,-3.39138
73.15000,7.20272,-2.92745
73.16000,7.55710,-3.41037
73.17000,7.20257,-3.60413
73.18000,7.43895,-3.42217
73.19000,7.37366,-3.54237
73.20000,7.34231,-3.44480
73.21000,7.09557,-3.74639
73.22000,7.36874,-3.47509
73.23000,7.24328,-3.58941
73.24000,7.15336,-3.60447
73.25000,7.08552,-3.61285
73.26000,7.13944,-3.38972
73.27000,7.12068,-3.64458
73.28000,6.78963,-3.82869
73.29000,7.33599,-3.71127
73.30000,6.91542,-3.83471
73.31000,6.99792,-3.87741
73.32000,6.71607,-3.64438
73.33000,6.96315,-3.79688
73.34000,6.57557,-4.35265
73.35000,6.93198,-4.23562
73.36000,6.88668,-4.21056
73.37000,7.11567,-4.15715
73.38000,6.67852,-4.11497
73.39000,6.69618,-4.30399
73.40000,6.87587,-4.14568
73.41000,6.77133,-4.26556
73.42000,6.51642,-4.49277
73.43000,6.89359,-4.43432
73.44000,6.67232,-4.13357
73.45000,6.50764,-4.59491
73.46000,6.45695,-4.23396
73.47000,6.09484,-5.06258
73.48000,6.63376,-4.77837
73.49000,6.47658,-4.78508
73.50000,6.34029,-4.77718
73.51000,6.16292,-4.69097
73.52000,6.31770,-4.79192
73.53000,6.02837,-4.58057
73.54000,6.32528,-4.70514
73.55000,6.31062,-4.73028
73.56000,6.42240,-4.86567
73.57000,6.09584,-4.90539
73.58000,5.96362,-5.19284
73.59000,5.89021,-4.71522
73.60000,6.17046,-5.37938
73.61000,6.08453,-5.36729
73.62000,5.81635,-4.96714
73.63000,5.73619,-5.19270
73.64000,6.17466,-5.45946
73.65000,5.78586,-5.40534
73.66000,6.03236,-5.00067
73.67000,5.83316,-5.48400
73.68000,5.91381,-5.42071
73.69000,5.90667,-5.43798
73.70000,5.86429,-5.45883
73.71000,6.03025,-5.39728
73.72000,5.63689,-5.48265
73.73000,5.85776,-5.57477
73.74000,5.60733,-5.47466
73.75000,5.74624,-5.49328
73.76000,5.62382,-5.56491
73.77000,5.53797,-5.49589
73.78000,5.76633,-5.61663
73.79000,5.31734,-5.83955
73.80000,5.52109,-5.91803
73.81000,5.23479,-5.89764
73.82000,5.58663,-5.67644
73.83000,5.33820,-5.60849
73.84000,4.91847,-5.69728
73.85000,5.33893,-5.97968
73.86000,5.37446,-6.26633
73.87000,5.01919,-6.03028
73.88000,5.05718,-6.02416
73.89000,5.09988,-6.31985
73.90000,5.17728,-6.31305
73.91000,4.99174,-5.99708
73.92000,5.23067,-6.04698
73.93000,4.70197,-6.17085
73.94000,5.22143,-6.18954
73.95000,4.68683,-6.43011
73.96000,4.73241,-6.20238
73.97000,4.92257,-6.40769
73.98000,4.95483,-6.21072
73.99000,4.75781,-6.70995
74.00000,4.58554,-6.36593
74.01000,4.39574,-6.51346
74.02000,4.81949,-6.50568
74.03000,4.55100,-6.37634
74.04000,4.42185,-6.44670
74.05000,4.41928,-6.54301
74.06000,4.63222,-6.73691
74.07000,4.72357,-6.83813
74.08000,4.14325,-6.76543
74.09000,4.32487,-6.78698
74.10000,3.94883,-6.62310
74.11000,4.11265,-7.15948
74.12000,4.09514,-6.69799
74.13000,4.33271,-6.94965
74.14000,4.25436,-6.84961
74.15000,4.01552,-7.20044
74.16000,4.08023,-7.13580
74.17000,3.85565,-7.10410
74.18000,3.88312,-7.22791
74.19000,3.79422,-6.92897
74.20000,3.85180,-6.99607
74.21000,3.98709,-6.91903
74.22000,3.83641,-7.08916
74.23000,3.50054,-7.15023
74.24000,3.58856,-6.99775
74.25000,3.62614,-6.89251
74.26000,3.48110,-7.41587
74.27000,3.78591,-7.17619
74.28000,3.30925,-7.55219
74.29000,3.47267,-7.01478
74.30000,3.61553,-7.07977
74.31000,3.44792,-7.32995
74.32000,3.36054,-7.26932
74.33000,3.51781,-7.26118
74.34000,3.23846,-7.35890
74.35000,2.90162,-7.30389
74.36000,3.00182,-7.43291
74.37000,3.28067,-7.31037
74.38000,3.35465,-7.36354
74.39000,3.16347,-7.76494
74.40000,3.03899,-7.40020
74.41000,3.09100,-7.42099
74.42000,2.79207,-7.71235
74.43000,2.78434,-7.64105
74.44000,3.03413,-7.25875
74.45000,2.29424,-7.40022
74.46000,2.60443,-7.50335
74.47000,2.80153,-7.61444
74.48000,2.47156,-7.49696
74.49000,2.94328,-7.49824
74.50000,2.27744,-7.49335
74.51000,2.36013,-7.53860
74.52000,2.39944,-7.45008
74.53000,2.73732,-7.96280
74.54000,2.38481,-7.97209
74.55000,2.32396,-7.81575
74.56000,2.39828,-7.99394
74.57000,2.03905,-7.46647
74.58000,2.15867,-7.93255
74.59000,2.03727,-7.75279
74.60000,1.69510,-7.61774
74.61000,1.94061,-7.87668
74.62000,1.84497,-7.98791
74.63000,1.82636,-7.92723
74.64000,1.99554,-7.58890
74.65000,1.63925,-8.04566
74.66000,1.55526,-7.87596
74.67000,1.31625,-7.93436
74.68000,1.58342,-8.15746
74.69000,1.58293,-7.97100
74.70000,1.82492,-7.76532
74.71000,1.66172,-8.34341
74.72000,1.49078,-7.76824
74.73000,1.24250,-7.77677
74.74000,1.51166,-7.99903
74.75000,1.30916,-8.13044
74.76000,1.09656,-8.19394
74.77000,1.47788,-7.73566
74.78000,1.18883,-7.63831
74.79000,0.83939,-8.10701
74.80000,1.30875,-7.52740
74.81000,1.08350,-7.85005
74.82000,0.97340,-8.18715
74.83000,1.11116,-7.95632
74.84000,0.84488,-7.82848
74.85000,0.66859,-7.93317
74.86000,0.44653,-7.75939
74.87000,0.78297,-8.30182
74.88000,0.42827,-7.66559
74.89000,0.46354,-7.77195
74.90000,0.68391,-7.85045
74.91000,0.52498,-7.77542
74.92000,0.36528,-7.95517
74.93000,0.38901,-8.23138
74.94000,0.31776,-8.13244
74.95000,0.15689,-7.98732
74.96000,-0.03586,-7.75405
74.97000,0.22729,-8.24646
74.98000,0.12773,-7.88001
74.99000,0.32585,-8.14581
75.00000,-0.22326,-7.85743
75.01000,-0.08960,-7.81916
75.02000,-0.06993,-8.30047
75.03000,-0.21871,-7.93901
75.04000,-0.11811,-8.25467
75.05000,-0.17455,-8.08469
75.06000,-0.48774,-8.01907
75.07000,-0.26001,-8.14763
75.08000,-0.39091,-7.79129
75.09000,-0.36246,-7.87541
75.10000,-0.63298,-8.37399
75.11000,-0.32289,-8.24349
75.12000,-0.61469,-7.98744
75.13000,-0.69071,-7.89535
75.14000,-0.63486,-7.93226
75.15000,-0.74958,-7.99661
75.16000,-0.87557,-7.94588
75.17000,-0.56808,-7.95900
75.18000,-1.13036,-7.92969
75.19000,-1.24810,-7.74227
75.20000,-0.61806,-7.56618
75.21000,-1.26376,-7.78200
75.22000,-0.85913,-7.88801
75.23000,-0.91496,-7.86661
75.24000,-1.17019,-7.48236
75.25000,-1.35914,-7.77069
75.26000,-1.64812,-7.94578
75.27000,-1.31701,-8.10350
75.28000,-1.28325,-7.64104
75.29000,-1.30772,-7.92683
75.30000,-1.34610,-7.94707
75.31000,-1.33372,-8.18645
75.32000,-1.75924,-7.97371
75.33000,-1.60737,-7.73527
75.34000,-1.57777,-8.15843
75.35000,-1.73804,-7.74470
75.36000,-1.94903,-7.97303
75.37000,-2.07234,-7.81920
75.38000,-1.90396,-7.68316
75.39000,-2.06765,-7.37540
75.40000,-2.12483,-7.85146
75.41000,-2.10482,-7.77240
75.42000,-2.03344,-7.90333
75.43000,-2.03709,-7.73717
75.44000,-1.77360,-7.59282
75.45000,-1.88928,-7.40277
75.46000,-2.19003,-7.83067
75.47000,-2.48213,-7.36143
75.48000,-2.62757,-7.54020
75.49000,-2.66334,-7.59216
75.50000,-2.41213,-7.74527
75.51000,-2.67051,-7.53783
75.52000,-2.52985,-7.84228
75.53000,-2.87125,-7.48474
75.54000,-2.99903,-7.36113
75.55000,-2.52306,-7.59826
75.56000,-2.91216,-7.82731
75.57000,-2.78079,-7.48905
75.58000,-2.89687,-7.64262
75.59000,-3.06867,-7.63367
75.60000,-2.87872,-7.31324
75.61000,-2.81027,-7.35188
75.62000,-3.36023,-7.41476
75.63000,-3.06770,-7.31481
75.64000,-3.18092,-7.15345
75.65000,-3.09642,-7.42780
75.66000,-3.37663,-7.05281
75.67000,-3.38411,-7.38336
75.68000,-3.07330,-7.31686
75.69000,-3.27374,-7.19432
75.70000,-3.16612,-7.18996
75.71000,-3.41115,-7.34279
75.72000,-3.58237,-6.78007
75.73000,-3.37685,-7.26010
75.74000,-3.56921,-6.86534
75.75000,-3.69497,-6.99245
75.76000,-3.73639,-7.41342
75.77000,-3.47116,-7.16964
75.78000,-3.65390,-6.86324
75.79000,-3.84616,-7.14727
75.80000,-4.00601,-7.05715
75.81000,-3.72290,-7.04490
75.82000,-3.62937,-6.59729
75.83000,-4.06669,-6.84856
75.84000,-4.49145,-6.60900
75.85000,-4.05994,-7.16710
75.86000,-4.40228,-6.76647
75.87000,-4.11756,-6.46627
75.88000,-4.28152,-6.78514
75.89000,-4.27128,-6.77459
75.90000,-4.43257,-6.62774
75.91000,-4.03305,-6.67975
75.92000,-4.45937,-6.56524
75.93000,-4.43276,-6.86330
75.94000,-4.79319,-6.39743
75.95000,-4.55955,-6.47068
75.96000,-4.46603,-6.45734
75.97000,-4.73229,-6.63977
75.98000,-5.03770,-6.75320
75.99000,-4.47164,-6.53893
76.00000,-4.86878,-6.45429
76.01000,-4.93332,-6.62272
76.02000,-4.78877,-6.13639
76.03000,-4.55704,-6.35790
76.04000,-4.97143,-6.32884
76.05000,-4.80521,-6.28931
76.06000,-5.19571,-6.61218
76.07000,-4.98679,-6.36840
76.08000,-5.01171,-6.51677
76.09000,-5.02842,-6.04389
76.10000,-4.96640,-6.01602
76.11000,-5.00664,-5.60366
76.12000,-5.05879,-6.07489
76.13000,-5.34087,-5.95389
76.14000,-5.14731,-5.98822
76.15000,-5.37194,-5.93977
76.16000,-5.14562,-6.18349
76.17000,-5.19484,-5.83372
76.18000,-5.64247,-5.57138
76.19000,-5.78234,-6.03262
76.20000,-5.39360,-5.70666
76.21000,-5.41948,-5.73172
76.22000,-5.53034,-5.81356
76.23000,-5.32974,-5.85021
76.24000,-5.73038,-5.86756
76.25000,-5.64792,-5.73661
76.26000,-5.75072,-5.72411
76.27000,-5.84271,-5.71205
76.28000,-5.79800,-5.56138
76.29000,-5.76246,-5.33295
76.30000,-5.97507,-5.55846
76.31000,-5.77714,-5.19729
76.32000,-6.03806,-5.25279
76.33000,-5.67163,-5.22152
76.34000,-5.97515,-5.60764
76.35000,-5.72742,-5.49535
76.36000,-5.90981,-5.18856
76.37000,-5.93643,-5.08675
76.38000,-6.39466,-5.09048
76.39000,-6.26818,-5.10848
76.40000,-6.11917,-4.99166
76.41000,-6.31615,-5.30362
76.42000,-6.26205,-5.25920
76.43000,-6.06578,-4.98639
76.44000,-6.52002,-4.52304
76.45000,-6.47253,-4.82644
76.46000,-6.27332,-4.94332
76.47000,-6.46021,-4.71224
76.48000,-6.29694,-4.97675
76.49000,-6.39393,-4.61174
76.50000,-6.67926,-4.61968
76.51000,-6.68434,-4.83043
76.52000,-6.55540,-4.83682
76.53000,-6.33999,-4.46702
76.54000,-6.29232,-4.35717
76.55000,-7.08885,-4.62385
76.56000,-6.68914,-4.28639
76.57000,-6.67603,-4.47112
76.58000,-6.65674,-4.69709
76.59000,-6.84533,-4.24965
76.60000,-6.80355,-4.47688
76.61000,-6.66665,-3.90195
76.62000,-6.69451,-4.23304
76.63000,-6.96487,-4.46092
76.64000,-7.15143,-3.92769
76.65000,-6.58350,-4.20359
76.66000,-7.03419,-3.71133
76.67000,-7.20856,-4.16551
76.68000,-6.88669,-4.11233
76.69000,-6.84990,-4.01667
76.70000,-7.01981,-4.21546
76.71000,-7.49495,-3.70127
76.72000,-6.84413,-3.96666
76.73000,-7.19180,-3.86896
76.74000,-6.94083,-3.82425
76.75000,-7.20981,-3.70032
76.76000,-7.35516,-3.79730
76.77000,-6.90299,-3.55867
76.78000,-7.34748,-3.26596
76.79000,-7.05951,-3.59149
76.80000,-7.21262,-3.33161
76.81000,-7.26600,-3.37507
76.82000,-7.34256,-3.17037
76.83000,-7.38445,-3.55828
76.84000,-7.44657,-2.95293
76.85000,-7.32477,-3.49594
76.86000,-7.41823,-3.17379
76.87000,-7.35885,-3.31772
76.88000,-7.41568,-3.06780
76.89000,-7.33356,-2.97451
76.90000,-7.41016,-2.95966
76.91000,-7.48452,-2.71153
76.92000,-7.47581,-2.79031
76.93000,-7.30833,-3.23222
76.94000,-7.86260,-2.77380
76.95000,-7.47735,-3.02160
76.96000,-7.58793,-2.46807
76.97000,-7.57229,-2.41712
76.98000,-7.77259,-2.37582
76.99000,-7.54812,-2.46572
77.00000,-7.62145,-2.62958
77.01000,-7.74134,-2.74857
77.02000,-7.59717,-2.24986
77.03000,-7.68394,-2.04082
77.04000,-7.39654,-2.03191
77.05000,-7.28949,-2.30353
77.06000,-7.43005,-2.29379
77.07000,-7.74991,-1.98373
77.08000,-7.44157,-2.42559
77.09000,-7.65612,-2.18486
77.10000,-7.89353,-1.66038
77.11000,-8.00485,-1.64859
77.12000,-7.78608,-1.78349
77.13000,-7.85036,-1.80812
77.14000,-8.26684,-1.73724
77.15000,-7.79680,-1.65035
77.16000,-8.02726,-1.65078
77.17000,-7.73712,-1.61164
77.18000,-7.96954,-1.56527
77.19000,-7.65126,-1.50142
77.20000,-8.08651,-1.34368
77.21000,-8.11029,-1.40599
77.22000,-7.88438,-1.46551
77.23000,-8.16032,-1.38692
77.24000,-8.02028,-1.40104
77.25000,-7.89674,-1.08120
77.26000,-8.08070,-1.00801
77.27000,-7.77007,-1.12815
77.28000,-7.70131,-1.22991
77.29000,-7.93341,-0.95502
77.30000,-8.33485,-1.06710
77.31000,-8.22564,-0.81574
77.32000,-8.05815,-0.99600
77.33000,-7.94758,-0.72606
77.34000,-8.08837,-0.69364
77.35000,-8.04173,-0.74439
77.36000,-7.88520,-0.88063
77.37000,-8.32439,-0.93957
77.38000,-8.12807,-0.71457
77.39000,-7.90512,-0.59945
77.40000,-7.89038,-0.55756
77.41000,-7.87967,-0.44032
77.42000,-8.02335,-0.67946
77.43000,-8.03944,-0.21766
77.44000,-7.88976,-0.51041
77.45000,-8.22307,-0.26125
77.46000,-7.81167,-0.31336
77.47000,-8.27594,-0.01196
77.48000,-7.99845,-0.05198
77.49000,-8.09683,-0.21751
77.50000,-8.11035,0.04805
77.51000,-7.81372,0.23319
77.52000,-7.90527,0.12608
77.53000,-7.82252,-0.01311
77.54000,-8.00224,0.14677
77.55000,-7.82319,0.21097
77.56000,-7.82966,-0.06399
77.57000,-7.99660,0.65729
77.58000,-7.82139,0.15732
77.59000,-8.49426,0.34680
77.60000,-7.95879,0.45001
77.61000,-8.21513,0.74314
77.62000,-7.78254,0.32995
77.63000,-8.06956,0.54726
77.64000,-8.35852,1.23105
77.65000,-8.14453,0.28421
77.66000,-7.82288,0.68913
77.67000,-7.90131,0.46331
77.68000,-8.04643,0.73601
77.69000,-7.93724,0.76578
77.70000,-7.88381,0.77752
77.71000,-7.91652,1.06605
77.72000,-7.98009,1.24167
77.73000,-7.69486,1.28126
77.74000,-8.16426,1.21885
77.75000,-7.90149,1.11463
77.76000,-8.22791,1.28468
77.77000,-7.60326,1.45391
77.78000,-7.99461,1.60691
77.79000,-7.98213,1.52384
77.80000,-7.89469,1.30656
77.81000,-7.84436,1.55796
77.82000,-7.82458,1.54866
77.83000,-7.85650,1.41991
77.84000,-7.82838,1.87229
77.85000,-7.58999,1.93771
77.86000,-7.90412,1.81622
77.87000,-7.86991,1.93876
77.88000,-7.63905,1.86050
77.89000,-7.50511,1.92391
77.90000,-7.89573,2.14864
77.91000,-7.65903,2.26400
77.92000,-7.56349,2.06298
77.93000,-7.99172,2.03069
77.94000,-7.68316,2.11151
77.95000,-7.81214,2.26512
77.96000,-7.54473,1.96828
77.97000,-7.78222,2.62681
77.98000,-7.42538,2.40884
77.99000,-7.72764,2.44346
78.00000,-7.65275,2.61421
78.01000,-7.52210,2.17131
78.02000,-7.28003,2.64295
78.03000,-7.28803,2.76747
78.04000,-7.67841,2.52279
78.05000,-7.80931,2.65698
78.06000,-7.42371,2.37217
78.07000,-7.46640,2.73882
78.08000,-7.53401,2.56532
78.09000,-7.45810,2.89941
78.10000,-7.39762,2.88840
78.11000,-7.35993,2.63952
78.12000,-7.51466,3.18654
78.13000,-7.68792,3.13419
78.14000,-7.27254,3.26404
78.15000,-7.33511,3.29028
78.16000,-7.21159,3.11728
78.17000,-7.48886,3.65999
78.18000,-7.15591,3.35316
78.19000,-7.42968,3.17833
78.20000,-7.06177,3.29864
78.21000,-7.28262,3.21546
78.22000,-7.32718,3.18358
78.23000,-7.25199,3.53194
78.24000,-7.09979,3.75313
78.25000,-7.19711,3.69797
78.26000,-6.86727,3.91305
78.27000,-7.24314,3.74173
78.28000,-7.15657,3.54662
78.29000,-6.65406,3.91140
78.30000,-6.90979,3.76144
78.31000,-7.01001,3.60571
78.32000,-7.36675,3.44419
78.33000,-7.03986,3.96037
78.34000,-6.90144,4.06407
78.35000,-7.10910,4.11552
78.36000,-6.78324,4.43706
78.37000,-6.83951,4.17812
78.38000,-6.92004,4.33514
78.39000,-6.81691,4.26337
78.40000,-6.91644,4.47864
78.41000,-6.58525,4.24668
78.42000,-6.78656,4.34183
78.43000,-6.72519,4.38622
78.44000,-6.80715,4.11902
78.45000,-6.37690,4.57609
78.46000,-6.52892,4.74630
78.47000,-6.63215,4.49496
78.48000,-6.53050,4.69774
78.49000,-6.26036,4.40464
78.50000,-6.50980,4.47173
78.51000,-6.46849,4.64675
78.52000,-6.39731,4.75358
78.53000,-6.48994,4.82425
78.54000,-6.41807,4.67993
78.55000,-6.17208,4.81425
78.56000,-6.17903,4.68033
78.57000,-6.87761,5.07653
78.58000,-6.21663,4.98090
78.59000,-6.30430,5.03484
78.60000,-6.06330,5.03005
78.61000,-5.98808,4.85373
78.62000,-5.82655,5.16819
78.63000,-6.15399,5.20076
78.64000,-6.35874,5.35619
78.65000,-5.95649,5.54905
78.66000,-6.07042,4.87891
78.67000,-5.92483,5.35557
78.68000,-5.72260,5.25698
78.69000,-5.48297,5.30712
78.70000,-6.04415,5.83806
78.71000,-5.91766,5.59795
78.72000,-5.88511,5.69180
78.73000,-5.65377,5.73282
78.74000,-5.90680,5.48913
78.75000,-5.71132,5.65846
78.76000,-5.43221,5.47297
78.77000,-5.44023,5.71804
78.78000,-5.86907,5.71205
78.79000,-5.73803,5.61990
78.80000,-5.43053,5.67375
78.81000,-5.70423,5.92528
78.82000,-5.27913,5.79038
78.83000,-5.03895,6.18094
78.84000,-5.29649,5.98072
78.85000,-5.28449,5.81069
78.86000,-5.41297,6.29235
78.87000,-4.91964,6.11488
78.88000,-5.15109,6.19407
78.89000,-5.19381,6.26110
78.90000,-5.05166,6.30457
78.91000,-5.22293,5.89852
78.92000,-4.98506,6.19092
78.93000,-4.87545,6.38891
78.94000,-4.89183,6.09367
78.95000,-4.95807,6.40116
78.96000,-4.57997,6.09490
78.97000,-4.78503,6.30371
78.98000,-4.68248,6.44128
78.99000,-4.61314,6.26855
79.00000,-4.27409,6.41995
79.01000,-4.72459,6.39913
79.02000,-4.75390,6.65965
79.03000,-4.48682,6.66126
79.04000,-4.61739,5.92564
79.05000,-4.63967,6.77918
79.06000,-4.27947,6.54262
79.07000,-4.24634,6.86865
79.08000,-4.41290,6.57171
79.09000,-4.07008,7.07199
79.10000,-4.18510,6.61693
79.11000,-4.21030,6.41055
79.12000,-4.37854,6.43907
79.13000,-4.31792,6.90334
79.14000,-4.08044,6.90993
79.15000,-3.95153,6.87946
79.16000,-4.03498,6.89055
79.17000,-3.74897,7.22369
79.18000,-4.22316,7.09647
79.19000,-3.70482,6.97886
79.20000,-4.14472,6.95042
79.21000,-3.50268,6.88674
79.22000,-3.95722,7.30334
79.23000,-3.78508,7.01309
79.24000,-3.96464,7.00254
79.25000,-3.47103,7.11701
79.26000,-3.85762,6.99954
79.27000,-3.58060,6.90380
79.28000,-3.40619,7.06744
79.29000,-3.42542,6.98850
79.30000,-3.45926,7.33995
79.31000,-3.50324,7.25944
79.32000,-3.18457,7.54858
79.33000,-3.25647,7.39150
79.34000,-3.29441,7.24825
79.35000,-3.16090,7.37571
79.36000,-3.31583,7.29486
79.37000,-2.95448,7.62058
79.38000,-3.14737,7.41251
79.39000,-2.91970,6.97602
79.40000,-3.02913,7.33164
79.41000,-3.28705,7.29315
79.42000,-2.74715,7.42394
79.43000,-2.89725,7.65564
79.44000,-2.76050,7.70363
79.45000,-2.37135,7.79524
79.46000,-2.60664,7.68548
79.47000,-2.40906,7.57341
79.48000,-2.59677,7.46097
79.49000,-2.53589,7.54391
79.50000,-2.19011,7.83144
79.51000,-2.33006,7.77987
79.52000,-2.46209,7.76556
79.53000,-2.05706,7.79474
79.54000,-2.31404,7.83107
79.55000,-2.38308,7.67265
79.56000,-2.35086,7.53973
79.57000,-1.92133,7.84429
79.58000,-2.19873,7.53603
79.59000,-2.39927,7.79865
79.60000,-1.57012,7.46668
79.61000,-2.05859,7.84094
79.62000,-1.87058,7.89700
79.63000,-1.87862,7.78371
79.64000,-1.94132,7.82348
79.65000,-1.85713,8.07104
79.66000,-1.52843,8.09975
79.67000,-1.66523,7.56712
79.68000,-1.69837,7.78359
79.69000,-1.85252,7.95701
79.70000,-1.24439,7.46949
79.71000,-1.68098,7.82528
79.72000,-1.39348,7.92460
79.73000,-1.66034,7.90416
79.74000,-1.41685,7.98251
79.75000,-0.96794,7.75114
79.76000,-1.23782,7.80008
79.77000,-1.23724,8.03760
79.78000,-1.35157,7.88338
79.79000,-0.97728,7.99880
79.80000,-0.99785,7.95273
79.81000,-1.01917,7.77490
79.82000,-0.89423,8.02913
79.83000,-1.20081,8.27447
79.84000,-0.80650,7.86599
79.85000,-0.86243,8.26295
79.86000,-0.84897,7.93713
79.87000,-0.68389,7.71728
79.88000,-0.73382,7.95667
79.89000,-0.72196,7.84127
79.90000,-0.48963,7.82984
79.91000,-0.51545,8.01122
79.92000,-0.55082,7.93919
79.93000,-0.24276,8.11429
79.94000,-0.11969,8.36580
79.95000,-0.23478,7.98528
79.96000,-0.21512,7.95346
79.97000,0.09803,7.93117
79.98000,-0.22226,8.36051
79.99000,-0.04314,7.99225
80.00000,-0.06480,8.12647
80.01000,0.20096,7.89482
80.02000,0.23023,8.07158
80.03000,-0.11852,7.92425
80.04000,0.07309,8.06365
80.05000,0.18131,7.92485
80.06000,-0.00990,7.86191
80.07000,0.36257,7.83470
80.08000,0.44256,8.16438
80.09000,0.59852,7.82294
80.10000,0.50763,8.19453
80.11000,0.64134,7.76629
80.12000,0.59672,7.85950
80.13000,0.71902,7.98511
80.14000,0.82214,7.76337
80.15000,0.85868,7.99959
80.16000,0.71073,7.61575
80.17000,0.88467,7.92561
80.18000,0.67131,8.04293
80.19000,1.07218,7.53329
80.20000,1.14554,7.63270
80.21000,1.08064,7.74421
80.22000,0.74405,7.79249
80.23000,1.06359,7.68964
80.24000,1.34406,7.92811
80.25000,1.09231,7.70273
80.26000,1.34777,7.86904
80.27000,1.48993,7.80617
80.28000,1.80797,7.74478
80.29000,1.46678,7.85926
80.30000,1.40304,7.63819
80.31000,1.71988,7.91258
80.32000,1.63488,7.82341
80.33000,1.38962,7.79934
80.34000,1.62549,7.85726
80.35000,1.93538,7.69578
80.36000,1.97336,7.83536
80.37000,1.68160,7.78831
80.38000,1.68336,7.84695
80.39000,2.03078,7.50487
80.40000,2.37452,7.85528
80.41000,1.91802,7.86370
80.42000,2.09668,7.87408
80.43000,2.27119,7.79737
80.44000,2.03547,7.90794
80.45000,2.28016,7.97577
80.46000,2.40800,7.64663
80.47000,2.07027,7.50795
80.48000,2.48324,7.65596
80.49000,2.67327,7.95068
80.50000,2.47575,7.63555
80.51000,2.34597,7.38461
80.52000,2.42777,7.70032
80.53000,2.68048,7.80999
80.54000,2.62905,7.63091
80.55000,2.72820,7.67944
80.56000,2.34180,7.71392
80.57000,2.48859,7.31838
80.58000,3.00141,7.17352
80.59000,2.91375,7.41678
80.60000,2.91320,7.44196
80.61000,2.83030,7.60794
80.62000,2.97694,7.45375
80.63000,2.94343,7.49229
80.64000,3.13489,7.64550
80.65000,3.23427,7.49975
80.66000,3.30454,7.48698
80.67000,3.00403,7.61523
80.68000,3.09092,7.02868
80.69000,3.38575,7.12448
80.70000,3.51999,7.13959
80.71000,3.60354,7.43783
80.72000,3.81025,7.03395
80.73000,3.52233,7.46931
80.74000,3.86750,7.16806
80.75000,3.40045,7.58577
80.76000,3.69258,6.91500
80.77000,3.73216,7.06004
80.78000,3.61276,7.39344
80.79000,3.57873,7.15954
80.80000,3.87110,7.19800
80.81000,3.67673,7.01356
80.82000,4.00719,6.86928
80.83000,3.71544,7.02234
80.84000,4.03052,7.03947
80.85000,4.01551,7.02903
80.86000,3.96640,6.91073
80.87000,3.97432,7.24852
80.88000,4.08709,6.79653
80.89000,4.48370,6.87908
80.90000,4.47751,6.76246
80.91000,4.48777,6.56818
80.92000,4.05816,6.69309
80.93000,4.49878,6.57896
80.94000,4.66015,6.59657
80.95000,4.59395,6.59443
80.96000,4.75875,6.35944
80.97000,4.54614,6.52289
80.98000,4.64579,6.54218
80.99000,4.83511,6.64855
81.00000,4.82938,6.41760
81.01000,4.73142,6.45639
81.02000,4.93717,6.64783
81.03000,4.53587,6.55683
81.04000,4.80206,6.59431
81.05000,4.64589,6.58653
81.06000,4.88722,6.36296
81.07000,4.66398,5.97801
81.08000,5.01127,6.04487
81.09000,4.67676,6.22946
81.10000,4.88949,6.13501
81.11000,5.11748,6.02391
81.12000,5.24272,5.98822
81.13000,5.31784,6.05603
81.14000,5.00411,5.88793
81.15000,5.25254,5.90224
81.16000,5.36862,5.87335
81.17000,5.34660,6.17197
81.18000,5.07288,5.79873
81.19000,5.50548,5.71010
81.20000,5.87857,5.71149
81.21000,5.75396,5.90420
81.22000,5.52527,5.50132
81.23000,5.30880,5.83499
81.24000,5.46205,5.58459
81.25000,5.79328,5.79588
81.26000,5.84294,5.57129
81.27000,5.91703,5.62922
81.28000,5.66475,5.26677
81.29000,5.73554,5.66721
81.30000,5.94895,5.57351
81.31000,5.96848,5.60540
81.32000,5.55729,5.48456
81.33000,5.60775,5.44136
81.34000,5.74714,5.32529
81.35000,5.93132,5.19978
81.36000,5.98917,5.14049
81.37000,6.09802,5.36905
81.38000,5.98546,5.21193
81.39000,6.14555,4.80618
81.40000,5.98068,5.00462
81.41000,6.27053,5.32550
81.42000,6.39821,5.19910
81.43000,6.23610,4.71184
81.44000,5.96022,5.15580
81.45000,6.28870,4.68844
81.46000,6.72216,4.86840
81.47000,6.53276,5.13640
81.48000,6.24175,4.86444
81.49000,6.60571,4.63493
81.50000,6.41722,4.54242
81.51000,6.58386,4.59127
81.52000,6.65886,4.74778
81.53000,6.63368,4.25612
81.54000,6.62635,4.28071
81.55000,6.61951,4.63823
81.56000,6.69718,4.68459
81.57000,6.70038,4.30287
81.58000,6.76419,4.62700
81.59000,6.58016,4.45818
81.60000,6.46336,4.58863
81.61000,6.71076,4.18820
81.62000,6.66208,4.06948
81.63000,6.95389,4.20917
81.64000,6.79597,3.59149
81.65000,6.69804,4.25373
81.66000,6.68088,4.31292
81.67000,7.07335,4.15203
81.68000,6.93744,3.81968
81.69000,6.77342,3.89490
81.70000,7.19851,4.12296
81.71000,7.49215,3.92283
81.72000,6.88852,3.92379
81.73000,7.50974,3.34850
81.74000,7.48861,3.69892
81.75000,6.95969,3.50831
81.76000,6.86467,3.44467
81.77000,7.18263,3.48370
81.78000,7.12857,3.73572
81.79000,7.06705,3.49715
81.80000,7.12907,3.23707
81.81000,7.10307,3.27661
81.82000,7.61531,2.99472
81.83000,7.23035,3.41609
81.84000,7.07513,3.65429
81.85000,7.43539,3.09471
81.86000,7.48107,3.23348
81.87000,7.36473,3.24315
81.88000,7.55499,3.28347
81.89000,7.52570,2.83343
81.90000,7.81268,2.90463
81.91000,7.54596,2.98333
81.92000,7.64099,2.86345
81.93000,7.61743,3.18560
81.94000,7.40657,2.60035
81.95000,7.26474,2.39316
81.96000,8.11412,2.35458
81.97000,7.38817,2.49118
81.98000,7.55024,2.70212
81.99000,7.18087,2.30707
82.00000,7.50088,2.36229
82.01000,7.61754,2.44722
82.02000,7.66378,2.29443
82.03000,7.53638,2.48324
82.04000,7.71961,2.20882
82.05000,7.44174,2.38447
82.06000,7.54617,2.27449
82.07000,7.42023,2.22940
82.08000,7.55167,1.82504
82.09000,7.70311,1.83795
82.10000,7.75009,1.73484
82.11000,7.84229,2.00131
82.12000,7.68749,2.09346
82.13000,7.73895,1.51433
82.14000,7.66417,1.92122
82.15000,7.96651,1.78737
82.16000,7.65717,1.71989
82.17000,7.74553,2.07966
82.18000,7.73480,1.51350
82.19000,7.83866,1.42756
82.20000,7.93819,1.61404
82.21000,7.80319,1.31252
82.22000,7.94774,1.37775
82.23000,7.79056,1.50460
82.24000,7.76491,1.28357
82.25000,8.01148,1.28839
82.26000,7.83545,1.26050
82.27000,7.75225,0.96568
82.28000,7.85297,1.16137
82.29000,7.95747,0.79682
82.30000,7.83687,1.06796
82.31000,8.13739,1.21816
82.32000,7.71625,0.97738
82.33000,8.20200,0.75370
82.34000,7.85553,0.81847
82.35000,8.04071,0.67717
82.36000,7.97679,0.57176
82.37000,7.96432,0.53815
82.38000,7.83200,0.57700
82.39000,8.36500,0.58733
82.40000,8.08697,0.91766
82.41000,8.09739,0.60465
82.42000,8.16895,0.33193
82.43000,8.12088,0.48485
82.44000,8.03087,0.18347
82.45000,8.01579,0.40698
82.46000,8.26922,0.14145
82.47000,8.01132,0.17630
82.48000,7.85677,-0.19797
82.49000,7.84656,-0.18946
82.50000,7.98409,-0.36097
82.51000,8.12765,0.01180
82.52000,7.91241,-0.16140
82.53000,7.77160,-0.00834
82.54000,7.96026,-0.05528
82.55000,7.68457,-0.26581
82.56000,8.17314,0.05013
82.57000,8.05936,-0.27571
82.58000,7.99150,-0.22963
82.59000,7.94248,-0.65202
82.60000,7.92528,-0.71079
82.61000,8.10059,-0.46169
82.62000,8.19910,-1.03271
82.63000,7.73618,-0.86909
82.64000,8.02887,-1.01805
82.65000,7.97483,-0.74556
82.66000,8.29219,-0.74494
82.67000,7.97752,-0.79138
82.68000,7.88380,-0.96700
82.69000,7.75350,-0.91838
82.70000,7.72135,-0.89451
82.71000,7.93191,-1.43379
82.72000,7.82027,-1.21557
82.73000,8.31555,-1.43154
82.74000,8.06499,-0.99629
82.75000,8.19975,-1.24025
82.76000,8.13115,-1.02277
82.77000,7.90364,-1.49857
82.78000,7.81281,-1.57315
82.79000,7.56095,-1.21353
82.80000,7.81570,-1.47844
82.81000,8.11921,-1.46719
82.82000,7.83289,-1.71074
82.83000,7.53263,-1.51519
82.84000,8.05558,-1.81416
82.85000,7.70044,-1.78885
82.86000,7.60902,-1.60478
82.87000,8.28365,-1.68779
82.88000,7.64028,-1.71350
82.89000,7.55270,-2.04895
82.90000,7.79341,-1.67965
82.91000,8.00070,-1.75628
82.92000,7.66245,-2.16602
82.93000,7.63902,-2.07504
82.94000,7.78051,-2.37345
82.95000,7.29495,-2.42346
82.96000,7.44901,-2.24093
82.97000,7.84062,-2.29987
82.98000,7.75869,-2.38293
82.99000,7.86615,-2.35085
83.00000,7.66952,-2.43417
83.01000,7.48795,-2.37100
83.02000,7.71685,-2.28645
83.03000,7.18696,-2.60803
83.04000,7.45501,-2.69885
83.05000,7.34799,-2.68847
83.06000,7.53642,-2.96687
83.07000,7.30773,-3.02897
83.08000,7.57789,-2.89753
83.09000,7.80577,-2.95758
83.10000,7.49446,-3.10337
83.11000,7.64379,-2.98718
83.12000,7.20373,-3.04244
83.13000,7.40070,-3.16044
83.14000,7.39141,-3.16553
83.15000,7.49275,-3.32134
83.16000,7.63404,-3.18292
83.17000,7.11339,-3.22512
83.18000,7.48747,-3.40898
83.19000,7.31066,-3.54390
83.20000,7.05897,-3.32445
83.21000,7.28364,-3.33123
83.22000,7.43654,-3.54993
83.23000,6.90169,-3.52147
83.24000,6.73153,-3.45446
83.25000,7.00858,-3.71459
83.26000,6.99231,-3.84075
83.27000,7.20388,-3.72634
83.28000,7.06638,-3.52697
83.29000,7.16017,-3.80113
83.30000,7.13685,-3.96519
83.31000,6.63984,-3.83935
83.32000,7.25915,-4.57650
83.33000,7.08964,-4.05665
83.34000,6.94275,-3.91060
83.35000,7.03028,-3.91682
83.36000,6.68956,-4.17138
83.37000,6.62453,-4.00290
83.38000,6.83301,-4.44709
83.39000,7.02095,-4.37824
83.40000,6.70407,-4.41080
83.41000,6.71181,-4.50415
83.42000,6.57762,-4.39973
83.43000,6.82967,-4.31122
83.44000,6.46332,-4.70185
83.45000,6.74960,-4.44761
83.46000,6.53081,-4.57120
83.47000,6.75027,-4.37980
83.48000,6.83209,-4.64097
83.49000,6.71913,-4.40044
83.50000,6.75488,-4.78411
83.51000,6.47494,-4.65894
83.52000,6.58280,-5.09157
83.53000,6.28340,-5.05046
83.54000,6.41493,-4.72073
83.55000,6.25694,-4.84636
83.56000,6.26340,-4.74343
83.57000,6.24982,-4.94607
83.58000,6.36234,-5.26962
83.59000,6.22103,-5.04979
83.60000,6.41428,-5.29081
83.61000,6.16563,-4.85453
83.62000,6.01666,-5.25403
83.63000,5.91415,-5.07175
83.64000,5.67930,-5.19588
83.65000,6.29769,-5.34167
83.66000,5.89640,-5.09193
83.67000,5.97167,-5.24001
83.68000,6.01413,-5.52471
83.69000,5.80443,-5.65814
83.70000,5.93402,-5.57690
83.71000,5.64566,-5.60847
83.72000,5.77296,-5.46721
83.73000,5.66380,-5.30718
83.74000,5.55813,-5.91203
83.75000,5.74019,-5.30857
83.76000,5.79257,-5.59213
83.77000,5.78687,-5.87903
83.78000,5.47281,-5.81182
83.79000,5.21211,-5.73774
83.80000,5.12500,-5.82918
83.81000,5.31853,-5.61564
83.82000,5.38807,-5.99360
83.83000,5.23849,-5.71748
83.84000,5.41733,-5.93133
83.85000,5.31511,-6.18906
83.86000,4.79521,-6.25051
83.87000,5.14416,-6.02835
83.88000,5.17525,-6.27294
83.89000,4.89864,-6.21684
83.90000,5.49141,-6.19339
83.91000,5.24479,-5.84665
83.92000,4.95066,-6.25897
83.93000,4.59146,-6.35186
83.94000,5.04490,-6.08348
83.95000,4.88902,-6.35352
83.96000,5.05487,-6.54294
83.97000,4.77694,-6.45045
83.98000,4.69925,-6.30177
83.99000,4.78664,-6.38215
84.00000,4.58869,-6.51813
84.01000,4.61513,-6.75944
84.02000,4.64589,-6.89906
84.03000,4.58945,-6.54657
84.04000,4.57242,-6.57641
84.05000,4.68293,-6.37470
84.06000,4.56738,-6.63298
84.07000,4.30596,-6.76698
84.08000,4.18096,-7.01577
84.09000,4.36341,-6.79605
84.10000,4.13636,-6.74172
84.11000,4.32033,-7.04403
84.12000,4.44127,-7.26365
84.13000,3.57508,-6.67475
84.14000,4.35430,-7.06634
84.15000,3.99430,-7.01156
84.16000,4.12421,-7.05239
84.17000,3.75236,-6.73140
84.18000,4.15296,-7.02292
84.19000,3.85299,-7.11811
84.20000,3.75285,-7.00148
84.21000,3.67041,-7.12369
84.22000,3.83325,-7.39813
84.23000,3.66350,-7.23199
84.24000,3.65898,-7.44507
84.25000,3.45527,-6.89346
84.26000,3.82181,-6.93079
84.27000,3.30678,-7.19456
84.28000,3.68021,-7.18596
84.29000,3.39344,-7.41176
84.30000,3.51088,-7.19349
84.31000,3.34380,-7.26537
84.32000,3.12634,-7.49177
84.33000,3.45037,-7.17602
84.34000,3.22296,-7.51823
84.35000,3.39836,-7.38388
84.36000,3.28436,-7.48075
84.37000,3.02590,-7.46641
84.38000,2.92307,-7.54108
84.39000,2.87745,-7.45435
84.40000,2.98739,-7.58808
84.41000,3.02919,-7.27601
84.42000,2.55919,-7.60970
84.43000,2.88808,-7.27326
84.44000,2.64017,-7.58934
84.45000,2.63191,-7.74748
84.46000,2.74126,-7.25128
84.47000,2.69425,-7.74290
84.48000,2.65631,-7.53085
84.49000,2.54266,-7.72670
84.50000,2.42578,-7.40771
84.51000,2.51298,-7.41983
84.52000,2.58559,-7.53222
84.53000,2.30607,-7.67774
84.54000,2.04747,-7.47207
84.55000,2.64413,-7.41048
84.56000,1.81103,-7.37632
84.57000,2.01270,-7.75171
84.58000,1.71979,-7.60636
84.59000,1.99667,-7.90898
84.60000,2.06432,-8.07299
84.61000,2.27459,-7.93263
84.62000,1.80187,-7.71499
84.63000,1.84269,-7.64124
84.64000,1.85472,-7.63497
84.65000,1.55590,-7.84742
84.66000,1.73114,-7.57156
84.67000,1.67885,-7.77228
84.68000,1.59288,-7.97570
84.69000,1.36356,-7.78670
84.70000,1.02411,-7.88189
84.71000,1.27521,-8.38567
84.72000,1.46288,-7.93336
84.73000,1.29118,-7.86223
84.74000,1.24479,-8.03888
84.75000,1.46306,-7.71986
84.76000,1.11393,-7.70395
84.77000,1.68140,-7.74339
84.78000,1.18011,-7.77559
84.79000,1.12056,-7.95802
84.80000,1.07406,-7.82197
84.81000,0.99721,-7.90318
84.82000,0.96195,-7.90719
84.83000,1.04712,-7.86730
84.84000,0.91214,-7.73295
84.85000,0.57000,-8.16463
84.86000,0.65462,-7.93720
84.87000,0.77876,-7.97200
84.88000,0.76978,-7.97150
84.89000,0.70457,-7.71176
84.90000,0.44692,-7.91380
84.91000,0.52030,-7.89441
84.92000,0.14236,-7.92742
84.93000,0.19637,-7.89261
84.94000,0.29719,-7.92021
84.95000,0.21422,-8.00717
84.96000,0.37120,-7.99834
84.97000,-0.00424,-7.90465
84.98000,-0.03335,-7.67657
84.99000,0.12148,-7.88841
85.00000,0.04316,-7.87174
85.01000,0.04711,-7.99633
85.02000,0.01242,-7.93420
85.03000,-0.02580,-7.75882
85.04000,-0.24959,-7.95069
85.05000,-0.39104,-8.04897
85.06000,-0.35216,-8.01111
85.07000,-0.54629,-8.04373
85.08000,-0.42255,-7.75573
85.09000,-0.50532,-8.25795
85.10000,-0.56594,-8.00566
85.11000,-0.51939,-7.87188
85.12000,-0.76283,-7.69985
85.13000,-0.68264,-8.05291
85.14000,-0.74284,-7.67678
85.15000,-0.82589,-7.94014
85.16000,-0.88173,-8.03403
85.17000,-0.63288,-7.77642
85.18000,-0.81341,-8.03357
85.19000,-0.67707,-7.79513
85.20000,-1.05159,-8.15751
85.21000,-1.04264,-7.96241
85.22000,-1.03095,-8.20052
85.23000,-1.17334,-7.90072
85.24000,-1.07432,-8.11823
85.25000,-1.16683,-7.77897
85.26000,-1.58324,-7.92299
85.27000,-1.53766,-8.08072
85.28000,-1.35652,-7.80932
85.29000,-1.36057,-7.98088
85.30000,-1.60966,-7.85539
85.31000,-1.56124,-8.07447
85.32000,-1.39498,-7.89356
85.33000,-1.79174,-7.68118
85.34000,-1.65571,-7.82301
85.35000,-1.67655,-7.68273
85.36000,-1.72544,-7.81762
85.37000,-1.86844,-7.79247
85.38000,-1.58702,-7.84698
85.39000,-1.89050,-7.77996
85.40000,-2.11407,-7.50001
85.41000,-1.99653,-7.66808
85.42000,-2.45551,-7.87000
85.43000,-2.00069,-7.69280
85.44000,-2.43728,-7.17450
85.45000,-2.19908,-7.36333
85.46000,-2.47500,-7.64052
85.47000,-2.27264,-7.71304
85.48000,-2.38651,-7.44126
85.49000,-2.72731,-7.65649
85.50000,-2.53183,-7.49242
85.51000,-2.79638,-7.73749
85.52000,-2.80085,-7.93468
85.53000,-2.45430,-7.56919
85.54000,-2.86055,-7.65800
85.55000,-2.84413,-7.66984
85.56000,-2.53134,-7.64826
85.57000,-2.75649,-7.38340
85.58000,-3.28984,-7.74559
85.59000,-2.64942,-7.58355
85.60000,-2.93678,-7.48368
85.61000,-3.02847,-7.64811
85.62000,-2.93204,-7.71244
85.63000,-3.18429,-7.52002
85.64000,-3.02484,-7.35535
85.65000,-3.21006,-7.45184
85.66000,-2.98654,-7.24704
85.67000,-3.05056,-6.95412
85.68000,-3.29880,-7.19475
85.69000,-3.29649,-7.40302
85.70000,-3.44504,-7.28197
85.71000,-3.55913,-7.49197
85.72000,-3.83226,-6.96633
85.73000,-3.99236,-6.93888
85.74000,-3.53493,-7.18900
85.75000,-3.65978,-7.05696
85.76000,-3.77298,-7.16956
85.77000,-3.83095,-7.08449
85.78000,-3.89931,-7.23123
85.79000,-4.16082,-7.17673
85.80000,-4.02582,-7.09693
85.81000,-3.92401,-6.74632
85.82000,-3.99472,-6.87983
85.83000,-3.85281,-6.92207
85.84000,-4.25256,-7.04595
85.85000,-3.59176,-6.86185
85.86000,-4.30976,-6.67159
85.87000,-4.03376,-6.86555
85.88000,-4.09923,-6.77873
85.89000,-4.30681,-6.70602
85.90000,-4.21015,-6.67142
85.91000,-4.40036,-6.77939
85.92000,-4.29207,-6.77789
85.93000,-4.36513,-6.58861
85.94000,-3.97017,-6.27619
85.95000,-4.42942,-6.68095
85.96000,-4.36276,-6.74829
85.97000,-4.42844,-6.35414
85.98000,-4.38293,-6.83351
85.99000,-4.71281,-6.57415
86.00000,-4.57574,-6.35971
86.01000,-4.79711,-6.42767
86.02000,-4.87713,-6.28280
86.03000,-4.86640,-6.47799
86.04000,-5.03798,-6.62220
86.05000,-4.93331,-6.02831
86.06000,-5.02017,-6.46696
86.07000,-5.14685,-6.36391
86.08000,-5.09211,-6.01078
86.09000,-5.15711,-6.35412
86.10000,-5.11414,-6.00956
86.11000,-5.25834,-6.29197
86.12000,-5.38437,-6.13947
86.13000,-5.20735,-5.96824
86.14000,-5.26334,-5.93655
86.15000,-5.21884,-5.89661
86.16000,-5.33302,-5.68238
86.17000,-5.05833,-5.83103
86.18000,-5.80403,-6.08938
86.19000,-5.50352,-5.91943
86.20000,-5.34827,-5.80515
86.21000,-5.73345,-5.92712
86.22000,-5.28099,-5.96299
86.23000,-5.56423,-5.90735
86.24000,-5.66371,-5.69117
86.25000,-5.81715,-5.36074
86.26000,-5.78712,-5.76174
86.27000,-5.63432,-5.62936
86.28000,-5.71980,-5.73568
86.29000,-6.04187,-5.40025
86.30000,-6.20911,-5.67164
86.31000,-5.90517,-5.56569
86.32000,-6.24917,-5.38321
86.33000,-5.76755,-5.49687
86.34000,-5.92888,-4.96485
86.35000,-5.94636,-5.30801
86.36000,-6.02560,-5.33480
86.37000,-5.95832,-5.42758
86.38000,-6.07437,-5.42437
86.39000,-6.05466,-5.18006
86.40000,-6.30622,-4.94546
86.41000,-5.88229,-5.08299
86.42000,-6.44722,-5.05209
86.43000,-6.39417,-4.74265
86.44000,-6.18305,-4.88581
86.45000,-6.46279,-5.09919
86.46000,-6.16364,-4.85439
86.47000,-6.64507,-4.79461
86.48000,-6.46819,-5.25555
86.49000,-6.13179,-4.78508
86.50000,-6.55665,-4.79824
86.51000,-6.49208,-4.76827
86.52000,-6.38118,-5.06596
86.53000,-6.65780,-4.51300
86.54000,-6.42616,-4.23463
86.55000,-6.45435,-4.76955
86.56000,-7.00104,-4.26542
86.57000,-6.57053,-4.46524
86.58000,-6.81047,-4.53023
86.59000,-6.82415,-3.96951
86.60000,-6.84114,-4.50589
86.61000,-6.75526,-4.28333
86.62000,-6.73446,-3.76210
86.63000,-6.80919,-3.95592
86.64000,-6.83135,-3.89385
86.65000,-6.96531,-4.09831
86.66000,-6.89405,-4.08207
86.67000,-6.74057,-3.71430
86.68000,-7.11095,-4.13418
86.69000,-6.81865,-3.75272
86.70000,-6.90374,-3.63224
86.71000,-7.09968,-3.80168
86.72000,-7.08628,-3.99761
86.73000,-6.94603,-3.15147
86.74000,-7.20325,-3.79748
86.75000,-6.88911,-3.61913
86.76000,-7.45416,-3.78267
86.77000,-7.23295,-3.67798
86.78000,-7.38987,-3.76233
86.79000,-6.97682,-3.70850
86.80000,-7.31784,-3.34300
86.81000,-7.12920,-3.27453
86.82000,-7.34582,-3.73186
86.83000,-7.66089,-3.32767
86.84000,-7.32616,-3.08325
86.85000,-7.32382,-3.07739
86.86000,-7.37456,-3.55635
86.87000,-7.70475,-2.87337
86.88000,-7.26125,-3.22179
86.89000,-7.28512,-3.28413
86.90000,-7.59326,-2.91510
86.91000,-7.61134,-2.99319
86.92000,-7.38553,-2.70203
86.93000,-7.33582,-2.91231
86.94000,-7.21811,-3.06952
86.95000,-7.62893,-2.66080
86.96000,-7.47275,-2.73353
86.97000,-7.46278,-2.59895
86.98000,-7.43411,-2.21813
86.99000,-6.95406,-2.60575
87.00000,-7.51896,-2.45835
87.01000,-7.48894,-2.45609
87.02000,-7.62641,-2.24025
87.03000,-7.59723,-2.29701
87.04000,-7.77386,-2.04378
87.05000,-7.88023,-1.95945
87.06000,-7.89765,-2.30626
87.07000,-7.58620,-2.26350
87.08000,-7.31935,-1.94613
87.09000,-7.56428,-1.76360
87.10000,-7.53454,-2.18872
87.11000,-7.87807,-1.94799
87.12000,-7.84741,-1.82004
87.13000,-7.52470,-2.09965
87.14000,-7.99549,-1.66728
87.15000,-7.70262,-1.44636
87.16000,-7.80402,-1.75161
87.17000,-7.63258,-1.74076
87.18000,-7.74635,-1.94604
87.19000,-7.99055,-1.51944
87.20000,-7.89694,-1.51551
87.21000,-7.86541,-1.47096
87.22000,-7.86126,-1.35634
87.23000,-7.91589,-1.34540
87.24000,-7.82692,-1.35201
87.25000,-7.85201,-0.93948
87.26000,-8.02924,-1.29087
87.27000,-8.02884,-1.15119
87.28000,-7.91652,-1.09107
87.29000,-8.35753,-1.15224
87.30000,-7.88482,-1.13202
87.31000,-7.69392,-1.15809
87.32000,-8.07497,-0.52382
87.33000,-7.97232,-0.65067
87.34000,-7.82171,-0.83165
87.35000,-8.15280,-0.70384
87.36000,-7.84364,-0.66867
87.37000,-8.07746,-0.52129
87.38000,-7.94675,-0.97281
87.39000,-8.11603,-0.54920
87.40000,-8.03049,-0.44472
87.41000,-8.11689,0.01133
87.42000,-8.08148,-0.49823
87.43000,-7.79921,-0.61149
87.44000,-7.99203,-0.32102
87.45000,-7.68082,-0.05681
87.46000,-8.02545,-0.15389
87.47000,-7.90632,-0.01287
87.48000,-7.97938,-0.11930
87.49000,-7.91810,0.28712
87.50000,-7.79514,-0.37853
87.51000,-8.17100,0.17512
87.52000,-8.11914,0.10082
87.53000,-8.09726,0.33281
87.54000,-7.79988,0.11779
87.55000,-7.92214,0.52926
87.56000,-7.63305,0.65851
87.57000,-7.97981,0.48935
87.58000,-7.97051,0.25041
87.59000,-8.12173,0.80465
87.60000,-8.11139,0.35976
87.61000,-8.03946,0.66471
87.62000,-7.85533,0.73883
87.63000,-7.89383,0.93796
87.64000,-8.23072,0.97472
87.65000,-8.22162,0.90897
87.66000,-7.65946,0.75210
87.67000,-8.15298,0.71743
87.68000,-7.81495,0.96788
87.69000,-7.71075,1.23926
87.70000,-8.02933,1.27962
87.71000,-7.80843,0.84585
87.72000,-8.07493,1.17233
87.73000,-7.70479,1.42603
87.74000,-8.00246,1.53740
87.75000,-7.62383,1.42930
87.76000,-8.00272,1.09227
87.77000,-8.41528,1.36596
87.78000,-7.68834,1.55066
87.79000,-7.77428,1.42705
87.80000,-7.68685,1.26009
87.81000,-7.85381,1.27666
87.82000,-7.83541,1.66265
87.83000,-7.56624,1.73299
87.84000,-7.75854,1.68707
87.85000,-7.96951,1.65696
87.86000,-7.80304,1.80314
87.87000,-7.73770,1.58293
87.88000,-7.59607,2.16083
87.89000,-7.87364,1.91218
87.90000,-7.46378,1.91216
87.91000,-7.43918,1.91585
87.92000,-7.85973,1.99230
87.93000,-7.85380,2.21471
87.94000,-7.85847,2.12177
87.95000,-7.67345,2.16048
87.96000,-7.57173,2.18350
87.97000,-7.52429,2.72926
87.98000,-7.48519,2.60605
87.99000,-7.60641,2.43610
88.00000,-7.43217,2.33779
88.01000,-7.60703,2.42768
88.02000,-7.42031,2.50505
88.03000,-7.84326,2.56058
88.04000,-7.70830,2.74762
88.05000,-7.33347,2.75562
88.06000,-7.55620,2.85358
88.07000,-7.23215,2.58655
88.08000,-7.46314,2.67772
88.09000,-7.68315,2.80616
88.10000,-7.44679,2.68558
88.11000,-7.22461,2.83275
88.12000,-6.83958,2.98625
88.13000,-7.72050,3.01016
88.14000,-7.28376,2.93815
88.15000,-7.36054,2.87670
88.16000,-7.13588,3.39230
88.17000,-7.33296,3.21119
88.18000,-7.38521,2.96754
88.19000,-6.97882,3.36627
88.20000,-7.34808,3.39209
88.21000,-6.99990,3.50395
88.22000,-7.25979,3.64014
88.23000,-7.41427,3.18476
88.24000,-7.24346,3.62736
88.25000,-7.12359,3.65844
88.26000,-7.31082,3.89222
88.27000,-7.12992,3.46122
88.28000,-6.72504,3.80752
88.29000,-7.06075,3.89528
88.30000,-6.91778,3.77429
88.31000,-7.00055,3.95503
88.32000,-7.07396,3.73651
88.33000,-7.14925,4.06720
88.34000,-6.55455,3.94955
88.35000,-6.94864,3.82771
88.36000,-6.85376,4.06171
88.37000,-6.77141,4.09829
88.38000,-6.87086,4.45879
88.39000,-6.90990,4.41625
88.40000,-7.07382,4.33480
88.41000,-6.48443,4.30596
88.42000,-6.74994,4.07661
88.43000,-6.71104,4.59939
88.44000,-6.91756,4.43296
88.45000,-6.91890,4.59448
88.46000,-6.56470,4.22327
88.47000,-6.80766,4.92095
88.48000,-6.63739,4.69296
88.49000,-6.41333,4.64431
88.50000,-6.36779,4.53744
88.51000,-6.82881,4.61101
88.52000,-5.79753,4.53574
88.53000,-6.19223,4.98634
88.54000,-6.66766,4.79209
88.55000,-6.12753,5.14376
88.56000,-6.20057,4.98215
88.57000,-6.09848,4.89844
88.58000,-6.23964,5.03295
88.59000,-5.97877,5.29598
88.60000,-6.23832,5.12333
88.61000,-5.87200,5.01270
88.62000,-5.86077,4.95549
88.63000,-6.11043,4.96660
88.64000,-6.08173,4.87464
88.65000,-6.35336,5.13508
88.66000,-6.28281,5.44325
88.67000,-5.73105,5.40547
88.68000,-5.80977,5.04967
88.69000,-6.09209,5.20117
88.70000,-5.91108,5.05349
88.71000,-5.65756,5.28719
88.72000,-5.78080,5.73711
88.73000,-5.81678,5.86228
88.74000,-6.04128,5.42289
88.75000,-5.54704,5.78298
88.76000,-5.58263,5.68691
88.77000,-5.59115,5.45314
88.78000,-5.71539,5.81682
88.79000,-5.51320,6.07529
88.80000,-5.59041,5.92522
88.81000,-5.46396,5.81145
88.82000,-5.51120,5.76898
88.83000,-5.34968,6.09820
88.84000,-5.36163,5.87334
88.85000,-5.22921,5.77870
88.86000,-5.27594,5.90740
88.87000,-5.40842,6.15372
88.88000,-5.08301,6.17766
88.89000,-5.08666,6.16564
88.90000,-4.73240,6.05802
88.91000,-5.01788,6.15879
88.92000,-5.01840,6.18561
88.93000,-5.10756,6.38106
88.94000,-4.82169,6.19594
88.95000,-4.91087,6.41072
88.96000,-4.94030,6.53347
88.97000,-4.65403,6.18184
88.98000,-4.76066,6.39981
88.99000,-5.09545,6.22961
89.00000,-4.60754,6.50924
89.01000,-4.73674,6.46851
89.02000,-4.69129,6.38661
89.03000,-5.06383,6.77051
89.04000,-4.86398,7.07190
89.05000,-4.65246,6.56556
89.06000,-4.50904,6.53036
89.07000,-4.28888,6.64500
89.08000,-4.39217,6.84883
89.09000,-4.40393,6.74117
89.10000,-4.37344,6.54832
89.11000,-4.44669,6.80756
89.12000,-4.34632,6.69146
89.13000,-4.08027,6.90597
89.14000,-4.49111,7.07211
89.15000,-3.86261,6.89474
89.16000,-4.16209,6.95739
89.17000,-4.36581,6.59467
89.18000,-3.65126,7.00307
89.19000,-3.80196,6.80934
89.20000,-3.65980,6.58687
89.21000,-3.84221,7.16892
89.22000,-3.83796,6.89221
89.23000,-3.65325,7.10992
89.24000,-3.95765,7.11095
89.25000,-3.65866,6.93323
89.26000,-3.28234,7.18017
89.27000,-3.65329,7.35196
89.28000,-3.50080,7.28590
89.29000,-3.57019,7.55851
89.30000,-3.32423,7.34748
89.31000,-3.33067,7.17308
89.32000,-3.47755,7.21153
89.33000,-3.09802,7.23334
89.34000,-3.15993,7.28859
89.35000,-3.14267,7.44303
89.36000,-3.07610,7.25027
89.37000,-3.15724,7.31034
89.38000,-2.99381,7.40130
89.39000,-3.36925,7.53705
89.40000,-2.87261,7.67406
89.41000,-2.94517,7.59355
89.42000,-2.69745,7.70835
89.43000,-2.64139,7.89007
89.44000,-2.75686,7.67815
89.45000,-2.50020,7.63936
89.46000,-2.62138,7.50142
89.47000,-2.70432,7.34621
89.48000,-2.68281,7.51155
89.49000,-2.35879,7.63453
89.50000,-2.48043,7.50599
89.51000,-2.62485,7.80327
89.52000,-2.64533,7.98506
89.53000,-2.66454,7.66596
89.54000,-2.08348,7.29861
89.55000,-2.31749,7.49861
89.56000,-2.07854,7.58204
89.57000,-1.74721,8.05856
89.58000,-2.11899,7.67093
89.59000,-1.62973,7.46406
89.60000,-2.30314,7.55320
89.61000,-2.18748,7.72962
89.62000,-1.62259,8.24305
89.63000,-1.77179,7.80455
89.64000,-1.67957,7.98858
89.65000,-1.79333,7.49603
89.66000,-1.59088,7.76803
89.67000,-1.75593,7.48990
89.68000,-1.54124,7.95064
89.69000,-1.61013,7.92177
89.70000,-1.44612,8.04956
89.71000,-1.46639,8.02796
89.72000,-0.96709,7.48126
89.73000,-1.39234,8.06380
89.74000,-0.88577,7.82813
89.75000,-1.26905,7.91007
89.76000,-1.06498,7.76710
89.77000,-1.20344,8.21726
89.78000,-1.38887,7.95815
89.79000,-0.79089,7.86735
89.80000,-1.16532,7.91430
89.81000,-1.26059,7.97447
89.82000,-0.77180,7.41440
89.83000,-0.88685,8.14815
89.84000,-0.94748,8.28214
89.85000,-0.73409,8.17578
89.86000,-0.86522,7.86055
89.87000,-1.17321,8.13259
89.88000,-0.78357,8.17286
89.89000,-0.54560,7.58544
89.90000,-0.64913,8.22678
89.91000,-0.41209,8.15068
89.92000,-0.24843,7.54939
89.93000,-0.05788,8.20229
89.94000,-0.59812,7.95384
89.95000,-0.36393,7.95776
89.96000,-0.21804,7.81709
89.97000,-0.06843,7.60203
89.98000,0.25070,7.61451
89.99000,-0.21020,7.77418
90.00000,0.10535,7.87363
90.01000,0.24528,7.73259
90.02000,0.24216,7.77673
90.03000,-0.00159,7.96472
90.04000,0.44101,7.96443
90.05000,0.21146,8.05935
90.06000,0.23517,7.76020
90.07000,0.24524,7.83731
90.08000,0.27268,8.03909
90.09000,0.32571,8.07906
90.10000,0.40459,7.79068
90.11000,0.29747,7.90105
90.12000,0.31322,7.94343
90.13000,0.51361,8.08470
90.14000,0.79343,7.96042
90.15000,0.80303,7.72928
90.16000,0.75499,8.20161
90.17000,1.18404,7.84702
90.18000,0.82147,8.09737
90.19000,0.83475,8.05244
90.20000,0.89649,8.09352
90.21000,1.21949,7.83370
90.22000,0.97346,7.99731
90.23000,1.49276,7.85702
90.24000,1.01693,7.85993
90.25000,1.42326,7.90188
90.26000,1.24154,7.84438
90.27000,1.50551,7.93417
90.28000,1.75061,7.50757
90.29000,1.51290,7.81900
90.30000,1.48022,7.81767
90.31000,1.48478,7.90684
90.32000,1.62615,7.93151
90.33000,1.80939,7.99552
90.34000,1.55646,7.68217
90.35000,1.80656,8.11377
90.36000,1.68060,7.88341
90.37000,2.29821,7.68258
90.38000,2.41249,7.91908
90.39000,1.67910,7.76665
90.40000,2.01263,7.65433
90.41000,1.79746,7.83259
90.42000,1.91471,7.48844
90.43000,2.58997,7.76018
90.44000,2.45850,7.44742
90.45000,2.37380,7.73102
90.46000,2.34610,7.56120
90.47000,2.18547,7.92109
90.48000,2.21689,7.66572
90.49000,2.84992,7.78385
90.50000,2.34506,7.66616
90.51000,2.31796,7.52365
90.52000,2.25744,7.52905
90.53000,2.76072,7.50476
90.54000,2.56012,7.33490
90.55000,2.57584,7.46783
90.56000,3.00038,7.61285
90.57000,2.50160,7.28314
90.58000,2.94290,7.37069
90.59000,2.76899,7.48056
90.60000,3.17341,7.00375
90.61000,3.08281,7.28878
90.62000,2.87617,7.62352
90.63000,3.25421,7.38296
90.64000,3.25883,7.07312
90.65000,3.32923,7.58708
90.66000,3.36992,7.40856
90.67000,3.41601,7.05702
90.68000,3.19895,7.09859
90.69000,2.99768,7.00897
90.70000,3.06979,7.27281
90.71000,3.53097,7.20403
90.72000,3.21476,7.15804
90.73000,3.48559,7.20783
90.74000,3.29345,7.34747
90.75000,3.73411,7.15853
90.76000,3.75592,7.18681
90.77000,3.54604,6.84248
90.78000,3.71213,7.45028
90.79000,4.01295,6.91728
90.80000,3.85162,6.97805
90.81000,4.02600,6.89926
90.82000,3.94275,7.00863
90.83000,3.99536,7.20392
90.84000,4.16892,6.83177
90.85000,3.90604,7.02323
90.86000,3.82821,7.19966
90.87000,4.46988,6.58138
90.88000,4.56729,6.59352
90.89000,4.27693,6.69451
90.90000,4.28168,6.96057
90.91000,4.29803,6.76130
90.92000,4.12521,6.77294
90.93000,4.36728,6.52907
90.94000,4.71055,6.73762
90.95000,4.39774,6.70680
90.96000,4.25727,6.57522
90.97000,4.59305,6.42259
90.98000,4.46820,6.48216
90.99000,4.61622,6.35377
91.00000,4.61074,6.39954
91.01000,5.08901,6.43808
91.02000,5.03984,6.21884
91.03000,4.66718,6.47953
91.04000,4.83604,6.38286
91.05000,5.18609,6.55849
91.06000,4.86343,6.27282
91.07000,5.00002,6.22336
91.08000,5.07782,6.33388
91.09000,5.11108,5.86362
91.10000,5.00361,6.34683
91.11000,5.10274,5.84024
91.12000,4.86626,5.86883
91.13000,5.00364,6.14628
91.14000,5.37236,5.97330
91.15000,5.24152,6.09764
91.16000,5.25169,5.92891
91.17000,5.37619,5.80064
91.18000,5.50864,5.87101
91.19000,5.14371,5.63203
91.20000,5.74025,6.14612
91.21000,5.40226,6.01595
91.22000,5.43878,5.70011
91.23000,5.69879,5.67509
91.24000,5.63059,5.57676
91.25000,5.66788,5.50064
91.26000,5.87001,5.69962
91.27000,5.93846,5.40800
91.28000,5.58895,5.31569
91.29000,5.79202,5.30601
91.30000,5.81291,5.49562
91.31000,5.83821,5.41422
91.32000,5.91969,5.46644
91.33000,6.46843,4.91202
91.34000,5.53012,5.66449
91.35000,6.00515,5.06183
91.36000,6.12937,5.47265
91.37000,5.87507,5.43631
91.38000,6.09535,4.76569
91.39000,6.11271,5.06193
91.40000,6.23100,5.10206
91.41000,6.26469,4.70797
91.42000,6.50137,4.56758
91.43000,6.06222,4.63924
91.44000,6.32101,4.75021
91.45000,6.14865,4.83710
91.46000,6.18056,4.67162
91.47000,6.29846,4.78642
91.48000,6.45529,4.84584
91.49000,6.25521,4.78682
91.50000,6.62711,4.75595
91.51000,6.65678,4.82038
91.52000,6.55001,4.45615
91.53000,6.44653,4.88316
91.54000,6.46482,4.48218
91.55000,6.75969,4.56283
91.56000,6.73639,4.58179
91.57000,6.52635,4.33801
91.58000,6.86444,4.16580
91.59000,6.40967,4.34702
91.60000,6.82934,4.42902
91.61000,6.39924,4.59401
91.62000,6.86057,3.93656
91.63000,6.73228,3.94194
91.64000,6.68270,4.33430
91.65000,6.71826,4.08029
91.66000,6.99720,3.99177
91.67000,7.34780,3.77795
91.68000,7.07587,3.85515
91.69000,6.95963,3.96085
91.70000,7.19834,4.14560
91.71000,7.16958,3.82789
91.72000,7.03210,3.53914
91.73000,7.09102,3.64874
91.74000,6.83129,3.67489
91.75000,7.22554,3.59091
91.76000,7.16859,3.62830
91.77000,7.00007,3.86730
91.78000,7.10375,3.36753
91.79000,7.21451,3.02872
91.80000,7.35019,3.43374
91.81000,7.41414,3.30745
91.82000,7.19945,3.47044
91.83000,7.15336,3.25014
91.84000,7.20063,3.00007
91.85000,7.34713,2.81917
91.86000,7.30112,3.38577
91.87000,7.24106,3.29481
91.88000,7.50467,3.04981
91.89000,7.44208,3.01076
91.90000,7.52426,3.09179
91.91000,7.27555,2.93614
91.92000,7.16674,2.48487
91.93000,7.48565,2.57677
91.94000,7.23556,2.53396
91.95000,7.49575,2.49038
91.96000,7.50865,2.71982
91.97000,7.42023,2.71436
91.98000,7.92249,2.71365
91.99000,7.55514,2.59045
92.00000,7.47082,2.54435
92.01000,8.10443,2.38663
92.02000,7.25144,2.38938
92.03000,7.41916,2.39776
92.04000,7.57971,2.08304
92.05000,7.56096,2.28336
92.06000,7.56788,2.32690
92.07000,7.66488,2.11083
92.08000,7.65283,1.94952
92.09000,7.90728,2.02989
92.10000,8.10201,1.79532
92.11000,7.66158,2.15527
92.12000,7.70291,1.65195
92.13000,7.81149,1.51591
92.14000,7.77884,1.71332
92.15000,7.80849,1.59753
92.16000,7.80223,1.78231
92.17000,7.76444,1.39393
92.18000,7.88131,1.55591
92.19000,7.73874,1.13069
92.20000,7.64367,1.50134
92.21000,7.85893,1.40635
92.22000,8.02248,1.32467
92.23000,7.95453,1.40752
92.24000,7.74268,1.50525
92.25000,7.55972,1.17092
92.26000,7.87190,1.22365
92.27000,7.91048,0.85615
92.28000,7.83405,1.13995
92.29000,8.10064,1.12633
92.30000,7.83070,1.03569
92.31000,7.89803,1.11931
92.32000,7.96151,1.04742
92.33000,7.93932,1.15586
92.34000,7.82345,0.63033
92.35000,8.03890,0.90214
92.36000,7.97114,0.77703
92.37000,7.87703,0.54289
92.38000,7.75768,0.43062
92.39000,7.87242,0.33462
92.40000,8.38560,0.69483
92.41000,7.95909,0.31795
92.42000,7.61906,0.38642
92.43000,7.65182,0.67209
92.44000,8.41750,0.22796
92.45000,7.72601,0.40493
92.46000,8.11034,0.16805
92.47000,7.85214,0.14354
92.48000,8.08860,0.08699
92.49000,8.00306,0.19208
92.50000,8.20498,0.13539
92.51000,7.96856,-0.04633
92.52000,7.86713,-0.19419
92.53000,7.86904,-0.22892
92.54000,8.18030,-0.01019
92.55000,7.81514,0.06147
92.56000,8.35025,-0.33041
92.57000,8.05776,-0.08168
92.58000,8.08544,-0.39604
92.59000,7.82145,-0.41964
92.60000,8.19055,-0.63620
92.61000,8.13628,-0.35563
92.62000,7.78017,-0.58168
92.63000,7.96179,-0.72905
92.64000,8.00042,-0.37328
92.65000,8.09278,-0.96641
92.66000,7.80006,-0.72574
92.67000,8.22104,-0.60529
92.68000,8.29607,-0.88374
92.69000,8.04839,-1.12729
92.70000,7.85043,-1.27015
92.71000,7.80845,-1.04599
92.72000,8.06102,-1.00846
92.73000,7.76626,-0.72916
92.74000,8.18882,-1.31752
92.75000,7.76427,-1.25372
92.76000,8.32022,-1.51078
92.77000,7.76930,-1.47837
92.78000,8.13273,-1.36408
92.79000,8.08838,-1.27688
92.80000,7.81428,-1.38714
92.81000,7.79549,-1.64213
92.82000,7.74346,-1.51649
92.83000,7.86660,-1.62315
92.84000,7.76061,-1.15244
92.85000,7.71662,-1.83441
92.86000,8.03911,-2.25059
92.87000,7.67272,-2.15588
92.88000,7.81405,-1.99053
92.89000,7.95094,-1.93239
92.90000,7.82466,-1.78835
92.91000,7.90676,-2.22234
92.92000,7.61861,-1.95903
92.93000,7.74093,-2.33533
92.94000,7.37790,-2.36374
92.95000,7.61155,-2.51116
92.96000,7.74265,-1.74809
92.97000,7.58539,-2.58199
92.98000,7.49058,-2.26318
92.99000,7.57385,-2.56626
93.00000,7.75653,-2.31491
93.01000,7.23693,-2.39688
93.02000,7.84498,-2.43266
93.03000,7.82428,-2.93968
93.04000,7.47716,-2.58071
93.05000,7.27014,-2.28605
93.06000,7.53499,-2.49479
93.07000,7.46605,-2.46552
93.08000,7.55850,-2.89773
93.09000,7.24566,-3.04912
93.10000,7.18028,-3.29744
93.11000,7.21693,-3.04989
93.12000,7.26233,-3.39321
93.13000,7.60355,-3.34629
93.14000,7.39767,-3.17942
93.15000,7.21517,-3.35753
93.16000,7.38047,-3.26802
93.17000,7.16094,-3.30009
93.18000,7.19413,-2.97589
93.19000,7.34564,-3.47830
93.20000,7.26863,-3.21179
93.21000,7.13623,-3.54621
93.22000,7.04685,-3.63158
93.23000,7.11904,-3.01799
93.24000,7.23387,-3.55668
93.25000,6.88825,-3.62689
93.26000,7.09838,-3.61223
93.27000,7.11926,-4.02738
93.28000,7.14282,-3.70391
93.29000,7.28176,-3.69651
93.30000,7.29330,-3.78041
93.31000,7.07829,-4.09137
93.32000,6.72380,-4.00469
93.33000,6.96555,-3.92483
93.34000,6.96567,-4.18289
93.35000,6.91175,-4.16889
93.36000,6.77871,-4.29567
93.37000,6.75360,-3.84967
93.38000,6.82964,-4.36577
93.39000,6.70404,-4.16519
93.40000,6.93775,-4.32021
93.41000,6.64301,-4.45619
93.42000,6.84517,-4.29996
93.43000,6.76349,-4.48368
93.44000,6.61646,-4.83218
93.45000,6.66420,-4.59441
93.46000,6.54901,-4.47237
93.47000,6.50953,-4.67260
93.48000,6.81859,-4.67396
93.49000,6.47041,-4.58196
93.50000,6.24174,-4.58746
93.51000,6.69774,-4.74361
93.52000,6.38133,-4.84035
93.53000,6.19600,-4.80737
93.54000,6.05423,-5.02049
93.55000,5.98794,-4.82380
93.56000,6.13112,-4.71454
93.57000,6.10437,-5.06546
93.58000,6.37365,-4.88094
93.59000,6.27805,-4.99547
93.60000,5.88551,-5.20558
93.61000,6.04186,-5.35230
93.62000,6.48033,-5.22735
93.63000,5.90432,-5.05998
93.64000,6.33852,-5.25602
93.65000,5.97151,-5.53630
93.66000,5.70285,-5.54697
93.67000,5.99452,-5.62119
93.68000,5.95481,-5.37812
93.69000,6.10882,-5.42607
93.70000,5.71145,-5.56507
93.71000,5.71750,-5.44212
93.72000,5.94158,-5.82636
93.73000,5.63087,-5.58143
93.74000,5.44633,-5.51743
93.75000,5.68620,-5.65359
93.76000,5.62724,-5.83550
93.77000,5.90030,-5.59987
93.78000,5.43508,-5.70454
93.79000,5.50922,-5.58222
93.80000,5.26995,-5.99414
93.81000,5.65770,-5.75571
93.82000,5.19429,-5.76312
93.83000,5.60005,-5.89846
93.84000,5.38517,-6.32738
93.85000,5.38833,-5.96610
93.86000,5.44736,-5.88754
93.87000,5.22127,-5.89758
93.88000,5.01797,-5.88445
93.89000,5.00527,-6.05144
93.90000,5.30179,-6.05663
93.91000,5.17306,-6.16535
93.92000,5.17667,-6.03418
93.93000,5.10184,-5.95921
93.94000,4.99025,-6.24600
93.95000,5.02994,-6.02182
93.96000,4.76237,-6.11949
93.97000,4.70417,-6.16325
93.98000,4.88933,-6.32380
93.99000,4.82615,-6.33351
94.00000,4.87567,-6.75853
94.01000,4.44182,-6.65191
94.02000,4.76196,-6.48846
94.03000,4.39366,-6.40611
94.04000,4.62083,-6.65497
94.05000,4.55736,-6.75883
94.06000,4.42664,-6.59709
94.07000,4.50345,-6.77989
94.08000,4.09509,-6.66212
94.09000,4.37896,-6.50663
94.10000,4.49438,-6.51386
94.11000,4.40816,-6.97227
94.12000,4.39178,-7.23762
94.13000,4.13344,-6.80238
94.14000,3.87236,-7.03085
94.15000,4.08666,-6.87988
94.16000,4.00978,-6.89864
94.17000,4.08427,-6.94032
94.18000,3.91049,-6.73301
94.19000,3.94658,-7.09103
94.20000,3.48318,-7.27553
94.21000,3.91063,-7.40972
94.22000,3.84228,-7.43829
94.23000,3.70384,-7.02562
94.24000,3.40324,-7.06504
94.25000,3.49255,-7.30869
94.26000,3.60102,-7.01207
94.27000,3.55259,-7.12253
94.28000,3.70512,-7.16308
94.29000,3.40930,-7.25819
94.30000,3.35131,-7.11898
94.31000,3.47089,-7.30136
94.32000,3.26998,-7.56753
94.33000,3.23973,-7.55524
94.34000,3.03906,-7.05685
94.35000,3.04810,-7.42078
94.36000,3.40232,-7.66124
94.37000,3.19773,-7.26529
94.38000,3.07343,-7.42209
94.39000,3.03443,-7.31042
94.40000,3.01271,-7.67535
94.41000,2.68031,-7.31197
94.42000,3.14129,-7.10790
94.43000,2.89701,-7.44977
94.44000,2.89733,-7.14805
94.45000,2.75198,-7.70065
94.46000,2.81939,-7.44183
94.47000,2.81423,-7.62200
94.48000,2.43796,-7.31471
94.49000,2.37364,-7.35481
94.50000,2.25674,-7.54362
94.51000,2.01380,-7.59045
94.52000,2.37777,-7.44820
94.53000,2.35610,-7.57097
94.54000,2.41506,-7.52390
94.55000,1.76761,-7.77593
94.56000,2.03972,-7.60117
94.57000,1.99447,-8.04476
94.58000,2.13157,-7.80170
94.59000,2.00090,-8.10116
94.60000,1.91571,-7.70383
94.61000,1.93175,-7.84634
94.62000,1.91421,-7.42608
94.63000,1.39159,-7.52890
94.64000,2.04175,-7.75584
94.65000,1.71544,-7.64566
94.66000,1.71334,-7.82334
94.67000,1.64465,-7.54250
94.68000,1.59169,-7.61061
94.69000,1.71044,-7.50391
94.70000,1.63414,-7.66766
94.71000,1.57311,-7.69094
94.72000,1.83758,-7.87781
94.73000,1.35922,-8.06200
94.74000,1.64423,-8.09584
94.75000,1.20427,-7.91062
94.76000,1.11206,-7.82736
94.77000,1.17228,-8.17796
94.78000,0.65306,-7.54678
94.79000,1.25631,-8.00062
94.80000,0.89200,-7.83560
94.81000,0.66418,-8.12468
94.82000,0.49644,-8.27671
94.83000,0.91427,-8.23518
94.84000,0.86205,-8.19254
94.85000,0.74280,-7.90242
94.86000,0.64041,-7.68041
94.87000,0.54434,-8.20194
94.88000,0.68834,-7.87748
94.89000,0.65317,-8.17368
94.90000,0.28645,-7.46210
94.91000,0.41642,-7.75626
94.92000,0.77000,-8.22289
94.93000,0.42440,-7.90359
94.94000,0.38923,-7.95149
94.95000,0.09118,-8.08798
94.96000,0.09446,-7.79497
94.97000,0.36569,-8.29951
94.98000,0.17851,-7.96226
94.99000,-0.14002,-8.02339
95.00000,-0.19147,-8.15852
95.01000,0.05878,-7.76376
95.02000,0.20115,-7.81956
95.03000,-0.29625,-8.06698
95.04000,0.08337,-8.13736
95.05000,0.05970,-8.05390
95.06000,-0.65085,-7.77145
95.07000,-0.20225,-7.87213
95.08000,-0.50876,-8.12769
95.09000,-0.64325,-7.95926
95.10000,-0.78466,-7.86239
95.11000,-0.61259,-8.00768
95.12000,-1.06191,-7.79132
95.13000,-0.89741,-8.23618
95.14000,-0.88905,-8.05793
95.15000,-0.69235,-7.75533
95.16000,-1.06906,-7.79600
95.17000,-0.95589,-7.57816
95.18000,-0.90974,-7.89614
95.19000,-0.87302,-7.97512
95.20000,-0.88389,-8.11975
95.21000,-1.32007,-7.83502
95.22000,-0.97549,-7.74000
95.23000,-1.11986,-7.60337
95.24000,-0.85178,-8.08258
95.25000,-1.21798,-7.95541
95.26000,-1.50039,-7.95739
95.27000,-1.44871,-7.91779
95.28000,-1.46318,-7.87024
95.29000,-1.40734,-7.84842
95.30000,-1.68310,-7.90618
95.31000,-1.38833,-8.17467
95.32000,-1.75894,-7.93388
95.33000,-1.66791,-7.66833
95.34000,-1.81327,-7.84706
95.35000,-1.75382,-7.90487
95.36000,-1.91385,-7.95892
95.37000,-1.94458,-7.32688
95.38000,-2.08152,-7.72560
95.39000,-1.41029,-7.74847
95.40000,-2.10037,-7.84028
95.41000,-2.10956,-7.63573
95.42000,-2.05953,-7.65924
95.43000,-2.14669,-7.84068
95.44000,-2.27544,-7.88132
95.45000,-1.98151,-7.65151
95.46000,-2.54782,-7.63718
95.47000,-2.38381,-7.66404
95.48000,-2.40348,-7.49295
95.49000,-2.24604,-7.62829
95.50000,-2.27983,-7.65647
95.51000,-2.35975,-7.62159
95.52000,-2.44869,-7.06822
95.53000,-2.44393,-7.69136
95.54000,-2.92535,-7.51098
95.55000,-2.41989,-7.48709
95.56000,-2.48420,-7.76875
95.57000,-2.67514,-7.60334
95.58000,-2.88078,-7.37364
95.59000,-2.84094,-7.27241
95.60000,-2.71259,-7.08393
95.61000,-3.27379,-7.45967
95.62000,-2.99958,-7.24509
95.63000,-3.38753,-7.33467
95.64000,-3.03165,-7.70869
95.65000,-3.10202,-7.22638
95.66000,-3.05377,-7.04690
95.67000,-3.17243,-7.21573
95.68000,-3.50786,-7.32639
95.69000,-3.45338,-7.27386
95.70000,-3.34112,-7.16522
95.71000,-3.28221,-7.23630
95.72000,-3.68886,-7.14255
95.73000,-3.29471,-7.26757
95.74000,-3.32138,-6.95495
95.75000,-3.47459,-7.16967
95.76000,-3.62091,-7.09830
95.77000,-3.47894,-6.79987
95.78000,-4.01351,-7.16964
95.79000,-3.74253,-6.67738
95.80000,-3.58393,-6.80769
95.81000,-4.11593,-7.00920
95.82000,-3.95810,-6.82402
95.83000,-3.56957,-7.15065
95.84000,-4.01365,-6.87107
95.85000,-3.84075,-6.96502
95.86000,-3.98033,-6.98624
95.87000,-4.10541,-6.81337
95.88000,-4.16563,-6.66871
95.89000,-4.47153,-6.83431
95.90000,-4.21103,-7.04013
95.91000,-4.39967,-6.74244
95.92000,-4.11597,-6.50502
95.93000,-4.57406,-6.74711
95.94000,-4.30538,-6.65108
95.95000,-4.83881,-6.48591
95.96000,-4.18085,-6.76861
95.97000,-4.31801,-6.70785
95.98000,-4.57856,-6.77501
95.99000,-4.44700,-6.56388
96.00000,-4.77696,-6.05013
96.01000,-4.74163,-6.71463
96.02000,-4.78147,-6.77532
96.03000,-4.65079,-6.14946
96.04000,-5.03596,-6.19672
96.05000,-4.94864,-6.20827
96.06000,-4.94184,-6.10143
96.07000,-4.74278,-6.03385
96.08000,-4.93132,-6.52462
96.09000,-5.30250,-6.11710
96.10000,-5.26328,-6.57457
96.11000,-5.14691,-6.34449
96.12000,-5.36195,-5.86657
96.13000,-5.11543,-5.87721
96.14000,-5.43617,-6.23451
96.15000,-5.09031,-5.96380
96.16000,-5.35147,-6.19551
96.17000,-5.62951,-5.62708
96.18000,-5.48066,-5.95765
96.19000,-5.66290,-5.74233
96.20000,-5.42084,-5.93508
96.21000,-5.51215,-5.56504
96.22000,-5.39051,-5.62772
96.23000,-5.50056,-5.59996
96.24000,-5.54200,-6.04945
96.25000,-5.37214,-5.69431
96.26000,-5.36077,-5.63609
96.27000,-5.86391,-5.37770
96.28000,-5.86532,-5.72121
96.29000,-5.76665,-5.57996
96.30000,-5.76225,-5.42562
96.31000,-5.94453,-5.69685
96.32000,-5.99870,-5.25918
96.33000,-5.86653,-5.72200
96.34000,-6.09648,-5.19980
96.35000,-6.04873,-5.29145
96.36000,-5.98801,-4.98391
96.37000,-6.14716,-5.25995
96.38000,-6.17058,-5.20517
96.39000,-6.12586,-5.04573
96.40000,-6.30740,-4.88336
96.41000,-5.96437,-5.38196
96.42000,-5.96631,-5.07257
96.43000,-6.21038,-4.93879
96.44000,-6.27400,-4.83742
96.45000,-6.42925,-4.66501
96.46000,-6.46140,-4.67060
96.47000,-6.31804,-4.76913
96.48000,-6.34687,-4.78451
96.49000,-6.27242,-4.87788
96.50000,-6.52785,-4.88798
96.51000,-6.20842,-4.59611
96.52000,-6.53991,-4.62996
96.53000,-6.42137,-4.52102
96.54000,-6.58585,-4.54604
96.55000,-6.44220,-4.51588
96.56000,-6.69409,-4.37639
96.57000,-6.96931,-4.21754
96.58000,-6.51082,-4.53931
96.59000,-6.50574,-4.63612
96.60000,-7.09489,-4.31732
96.61000,-7.09939,-4.54596
96.62000,-7.03044,-4.31850
96.63000,-6.55609,-4.31878
96.64000,-6.69876,-4.06463
96.65000,-7.00421,-4.33147
96.66000,-7.00044,-3.84659
96.67000,-7.13651,-3.88290
96.68000,-6.99412,-3.91067
96.69000,-6.97225,-3.85676
96.70000,-7.01604,-3.92838
96.71000,-7.08449,-3.61046
96.72000,-7.05862,-3.53799
96.73000,-6.91261,-3.66146
96.74000,-7.03664,-3.67896
96.75000,-7.10504,-3.53138
96.76000,-7.24522,-4.08139
96.77000,-7.04549,-3.13864
96.78000,-7.19354,-3.61183
96.79000,-7.30772,-3.73070
96.80000,-7.20595,-3.50696
96.81000,-7.27322,-3.15892
96.82000,-7.67656,-3.40590
96.83000,-7.53173,-3.23810
96.84000,-6.80437,-3.11324
96.85000,-7.54907,-2.85401
96.86000,-7.50575,-3.26646
96.87000,-7.62711,-3.00468
96.88000,-7.55063,-2.91293
96.89000,-7.41775,-2.96329
96.90000,-7.51113,-2.89498
96.91000,-7.45187,-2.97653
96.92000,-7.79693,-3.07392
96.93000,-7.30984,-2.65354
96.94000,-7.40241,-2.65215
96.95000,-7.82455,-2.53440
96.96000,-7.60763,-2.54316
96.97000,-7.77157,-2.75478
96.98000,-7.55415,-2.23089
96.99000,-7.66077,-2.73553
97.00000,-7.55801,-2.63394
97.01000,-7.36651,-2.43425
97.02000,-7.63315,-2.47863
97.03000,-7.62247,-2.35807
97.04000,-7.67729,-2.39520
97.05000,-7.78105,-2.28666
97.06000,-7.47519,-2.35250
97.07000,-7.80569,-2.09772
97.08000,-7.56300,-2.02289
97.09000,-7.84508,-2.48443
97.10000,-7.94863,-2.24274
97.11000,-7.73920,-1.86975
97.12000,-7.45158,-1.99251
97.13000,-7.95391,-1.71483
97.14000,-8.03204,-1.95679
97.15000,-7.71859,-1.86387
97.16000,-7.80226,-1.98439
97.17000,-8.11361,-1.63062
97.18000,-7.79330,-1.60581
97.19000,-7.92806,-1.35688
97.20000,-8.27486,-1.23675
97.21000,-7.94840,-1.20786
97.22000,-7.79252,-1.52600
97.23000,-7.94351,-1.45457
97.24000,-7.94314,-0.89440
97.25000,-7.72550,-1.40984
97.26000,-7.94060,-1.27487
97.27000,-8.26857,-1.24695
97.28000,-7.85452,-1.01449
97.29000,-8.04606,-1.03310
97.30000,-7.63007,-0.83990
97.31000,-7.90432,-1.15515
97.32000,-7.96470,-1.20647
97.33000,-7.58622,-0.89823
97.34000,-8.18356,-0.78727
97.35000,-8.07514,-0.93973
97.36000,-7.94259,-0.95655
97.37000,-8.19107,-0.66154
97.38000,-8.08995,-0.61670
97.39000,-7.95301,-0.79641
97.40000,-7.84310,-0.98420
97.41000,-8.27680,-0.23421
97.42000,-8.13346,-0.31658
97.43000,-8.10693,-0.38968
97.44000,-7.96532,0.05396
97.45000,-7.90889,-0.40194
97.46000,-8.23000,-0.05835
97.47000,-8.03930,0.10114
97.48000,-8.09372,-0.18058
97.49000,-8.02869,0.18453
97.50000,-7.81611,0.14517
97.51000,-8.12376,0.17745
97.52000,-8.16092,-0.19394
97.53000,-7.90865,-0.02561
97.54000,-8.09294,-0.28238
97.55000,-8.31206,0.41662
97.56000,-8.12736,0.03193
97.57000,-7.92871,0.29453
97.58000,-8.22626,0.38605
97.59000,-7.91056,0.74434
97.60000,-8.14768,0.42557
97.61000,-8.46852,0.53864
97.62000,-8.15402,1.03423
97.63000,-7.94182,0.68949
97.64000,-8.06936,0.71331
97.65000,-7.87346,1.09840
97.66000,-7.96639,0.88239
97.67000,-8.05289,1.01653
97.68000,-8.16781,1.10515
97.69000,-7.95961,1.20848
97.70000,-7.96015,1.07762
97.71000,-7.88640,1.21525
97.72000,-7.75410,0.93292
97.73000,-7.88146,1.16398
97.74000,-7.79197,1.16792
97.75000,-8.11221,1.56479
97.76000,-8.28313,1.61404
97.77000,-7.79494,1.18765
97.78000,-8.03354,1.12746
97.79000,-8.05764,1.28963
97.80000,-7.94506,1.66721
97.81000,-7.79491,1.75279
97.82000,-8.35542,2.12736
97.83000,-7.47021,1.65388
97.84000,-7.78782,1.86008
97.85000,-7.53908,1.57128
97.86000,-7.48061,1.93720
97.87000,-7.78373,1.84837
97.88000,-7.70767,1.98771
97.89000,-7.40283,1.85858
97.90000,-7.55820,2.01761
97.91000,-8.02324,2.36538
97.92000,-7.85538,1.77341
97.93000,-7.54503,2.38332
97.94000,-7.73868,2.12580
97.95000,-7.72535,2.17078
97.96000,-7.71362,2.27360
97.97000,-7.79801,2.19294
97.98000,-7.67652,2.05412
97.99000,-7.73707,2.24072
98.00000,-7.56419,2.45239
98.01000,-7.25459,2.68184
98.02000,-7.28129,2.35862
98.03000,-7.49256,2.47756
98.04000,-8.04173,2.35993
98.05000,-7.55722,2.65013
98.06000,-7.58915,2.85618
98.07000,-7.10550,3.11482
98.08000,-7.16094,3.13701
98.09000,-7.78402,2.81643
98.10000,-7.44560,3.23660
98.11000,-7.59333,2.94592
98.12000,-7.73470,2.87551
98.13000,-7.48010,2.88697
98.14000,-7.40659,2.96609
98.15000,-6.97894,3.55388
98.16000,-7.38289,3.42203
98.17000,-7.31799,3.10998
98.18000,-7.30369,3.21644
98.19000,-7.18611,3.39162
98.20000,-7.23652,3.84324
98.21000,-7.14416,3.76864
98.22000,-7.08475,3.50517
98.23000,-7.43582,3.55700
98.24000,-7.17975,3.70322
98.25000,-7.08316,3.59724
98.26000,-7.32644,3.59215
98.27000,-7.11136,3.84558
98.28000,-7.18437,3.62368
98.29000,-7.25410,3.98089
98.30000,-6.96111,4.12119
98.31000,-7.03584,3.77318
98.32000,-7.13668,3.74275
98.33000,-7.16840,4.27119
98.34000,-7.09174,3.85307
98.35000,-6.68589,3.77897
98.36000,-6.42995,4.13578
98.37000,-6.94454,4.23124
98.38000,-6.75334,4.09410
98.39000,-6.91788,4.02047
98.40000,-6.91645,4.16675
98.41000,-6.82924,4.23984
98.42000,-6.69249,4.28929
98.43000,-6.67930,4.77986
98.44000,-6.52974,4.58891
98.45000,-6.69335,4.45683
98.46000,-6.49286,4.67648
98.47000,-6.43933,4.55145
98.48000,-6.70413,4.61796
98.49000,-6.31028,4.57934
98.50000,-6.33650,4.58090
98.51000,-6.49095,4.68609
98.52000,-6.51880,4.66076
98.53000,-6.64323,4.56082
98.54000,-6.26537,4.69786
98.55000,-6.34225,4.86690
98.56000,-6.51202,4.58838
98.57000,-6.33844,5.00095
98.58000,-6.26797,4.80416
98.59000,-5.80042,4.82363
98.60000,-6.48189,4.81446
98.61000,-6.09071,4.80562
98.62000,-6.01398,5.30476
98.63000,-6.02666,5.35603
98.64000,-6.15440,4.94967
98.65000,-6.19001,5.20665
98.66000,-5.99941,5.22500
98.67000,-5.93625,5.29905
98.68000,-5.74240,5.38812
98.69000,-5.69105,5.44985
98.70000,-5.53961,5.58845
98.71000,-5.64469,5.54415
98.72000,-5.68717,5.50830
98.73000,-5.69080,5.53780
98.74000,-5.84939,5.90773
98.75000,-5.64864,5.37892
98.76000,-5.52777,5.40895
98.77000,-5.30458,5.87413
98.78000,-5.36773,5.70073
98.79000,-5.13748,5.56237
98.80000,-5.54565,5.94085
98.81000,-5.25513,5.74207
98.82000,-5.25636,5.67117
98.83000,-5.19915,5.96347
98.84000,-5.32175,6.07398
98.85000,-5.35323,5.90309
98.86000,-5.23934,6.23996
98.87000,-5.15642,6.05210
98.88000,-5.04938,6.33373
98.89000,-5.04379,6.18393
98.90000,-4.84755,6.09888
98.91000,-5.09931,5.88232
98.92000,-5.10401,6.28344
98.93000,-4.90925,6.32957
98.94000,-5.06775,6.44327
98.95000,-4.72707,6.29482
98.96000,-4.90506,6.11012
98.97000,-4.70654,6.55671
98.98000,-5.04085,6.58109
98.99000,-4.79513,6.20501
99.00000,-4.51924,6.44177
99.01000,-4.54320,6.44468
99.02000,-4.51824,6.33660
99.03000,-4.83240,6.48337
99.04000,-4.59181,6.47634
99.05000,-4.43071,6.09922
99.06000,-4.60327,6.84984
99.07000,-4.39436,6.66269
99.08000,-4.14939,6.81658
99.09000,-4.28157,6.82942
99.10000,-4.24962,6.92321
99.11000,-4.76719,7.04162
99.12000,-4.18165,6.71966
99.13000,-3.94434,7.11667
99.14000,-4.39898,6.87340
99.15000,-3.99987,6.83524
99.16000,-4.04968,6.80889
99.17000,-3.87920,7.00518
99.18000,-3.76260,7.02297
99.19000,-3.49456,7.15915
99.20000,-3.92510,6.94890
99.21000,-3.72488,7.04800
99.22000,-3.69434,6.98175
99.23000,-3.92471,7.18459
99.24000,-3.91634,7.43183
99.25000,-3.69062,6.93118
99.26000,-3.57205,7.51359
99.27000,-3.77524,6.88848
99.28000,-3.53062,7.08935
99.29000,-3.47480,7.30545
99.30000,-3.13836,6.86812
99.31000,-3.06089,6.97092
99.32000,-3.31954,7.14920
99.33000,-3.39558,7.27341
99.34000,-3.57781,7.37284
99.35000,-2.94468,7.59059
99.36000,-2.98971,7.41160
99.37000,-3.17443,7.81943
99.38000,-2.95636,7.60696
99.39000,-2.63262,7.50534
99.40000,-3.05788,7.10098
99.41000,-3.04537,7.52604
99.42000,-2.65750,7.42995
99.43000,-2.84821,7.33449
99.44000,-2.86018,7.72694
99.45000,-2.89794,7.69366
99.46000,-2.65301,7.42406
99.47000,-2.87802,7.51999
99.48000,-2.54580,7.48467
99.49000,-2.39687,7.56539
99.50000,-2.33128,7.28293
99.51000,-2.66363,7.82316
99.52000,-2.82938,7.73156
99.53000,-2.46287,7.53169
99.54000,-2.33390,7.51233
99.55000,-2.21725,7.85490
99.56000,-2.50679,8.35733
99.57000,-1.84564,7.54557
99.58000,-2.18506,7.64387
99.59000,-1.75265,7.99031
99.60000,-1.74017,7.82523
99.61000,-2.29809,7.83175
99.62000,-1.96208,7.96296
99.63000,-1.79175,7.93041
99.64000,-1.98472,7.87560
99.65000,-1.47721,7.87688
99.66000,-1.91856,7.78083
99.67000,-1.93517,7.68403
99.68000,-1.58652,7.88634
99.69000,-1.47295,7.69856
99.70000,-1.65222,7.89573
99.71000,-1.40539,7.94156
99.72000,-1.35995,7.82027
99.73000,-1.49664,7.86713
99.74000,-1.46073,7.82990
99.75000,-1.03060,8.17151
99.76000,-1.25559,8.35623
99.77000,-1.29491,7.84995
99.78000,-0.82333,7.75332
99.79000,-1.42641,7.87382
99.80000,-0.76148,8.27912
99.81000,-1.00034,7.74703
99.82000,-1.20566,7.75511
99.83000,-0.86458,8.07740
99.84000,-0.83193,7.96537
99.85000,-0.30758,8.23482
99.86000,-0.52346,8.06700
99.87000,-0.58648,8.10086
99.88000,-0.84583,7.92650
99.89000,-0.25537,8.18998
99.90000,-0.56376,8.38055
99.91000,-0.09529,8.12249
99.92000,-0.37579,7.90586
99.93000,-0.31336,7.78302
99.94000,-0.12117,7.95450
99.95000,-0.29810,8.50718
99.96000,-0.28865,8.01331
99.97000,-0.17096,8.06810
99.98000,-0.25906,8.07173
99.99000,-0.05114,7.89330
100.00000,-0.12217,7.97419
100.01000,0.21453,8.14954
100.02000,0.16011,8.20701
100.03000,-0.05552,7.69745
100.04000,0.46833,7.76890
100.05000,0.24710,7.89944
100.06000,0.33144,8.21504
100.07000,0.17659,7.75677
100.08000,0.31605,8.04057
100.09000,0.45335,7.99487
100.10000,0.53605,8.04860
100.11000,0.40753,8.06079
100.12000,0.58606,8.23765
100.13000,0.72024,8.08715
100.14000,0.56880,7.86496
100.15000,0.50410,7.68573
100.16000,0.82762,7.74958
100.17000,0.71024,7.88113
100.18000,1.08747,8.02685
100.19000,1.25948,7.68101
100.20000,1.17720,7.90406
100.21000,0.78704,7.87239
100.22000,0.96287,7.68405
100.23000,1.11673,8.06503
100.24000,1.07014,7.67315
100.25000,1.08795,8.00408
100.26000,1.30479,7.88009
100.27000,1.28327,8.13798
100.28000,1.47698,7.80443
100.29000,1.40506,7.71276
100.30000,1.58677,7.70136
100.31000,1.43381,7.54375
100.32000,1.46866,7.80095
100.33000,1.74075,7.54358
100.34000,1.49378,7.97045
100.35000,1.86589,7.57267
100.36000,1.56087,7.70112
100.37000,1.94272,7.43532
100.38000,1.95873,7.78299
100.39000,1.89927,7.59044
100.40000,2.07760,8.03978
100.41000,2.38459,8.08108
100.42000,2.20743,7.77348
100.43000,2.59301,7.76766
100.44000,2.15336,7.53617
100.45000,2.63611,7.69834
100.46000,2.57196,7.79023
100.47000,2.14017,8.33327
100.48000,2.23390,7.59042
100.49000,2.63093,7.79345
100.50000,2.56514,7.87442
100.51000,2.48211,7.65090
100.52000,2.51957,7.44080
100.53000,2.61694,7.75017
100.54000,2.67755,7.57445
100.55000,3.15484,7.61734
100.56000,2.61436,7.40826
100.57000,2.87716,7.48809
100.58000,2.97531,7.39248
100.59000,2.81756,7.47772
100.60000,2.94292,7.58106
100.61000,2.79576,7.48152
100.62000,3.20950,7.41887
100.63000,3.07671,7.80769
100.64000,3.14727,7.42769
100.65000,3.21679,7.18329
100.66000,3.34163,7.32891
100.67000,3.27578,7.17919
100.68000,3.32045,7.45631
100.69000,3.42015,7.21745
100.70000,3.51033,7.14409
100.71000,3.61889,7.30051
100.72000,3.42014,7.07520
100.73000,3.48017,6.90701
100.74000,3.49359,7.16915
100.75000,3.75740,7.13486
100.76000,3.83492,6.88595
100.77000,3.45712,7.01711
100.78000,3.81422,7.07731
100.79000,4.29301,7.15419
100.80000,3.64338,7.04596
100.81000,3.87889,7.11689
100.82000,4.12345,6.96464
100.83000,3.79958,6.85716
100.84000,4.23193,6.87837
100.85000,3.88008,6.82062
100.86000,4.31487,6.83627
100.87000,3.73665,6.87834
100.88000,4.24015,6.85274
100.89000,4.09447,6.94867
100.90000,4.43777,6.71293
100.91000,4.50767,6.88035
100.92000,4.67982,6.47724
100.93000,4.21215,6.41370
100.94000,4.45970,6.39312
100.95000,4.51293,6.47973
100.96000,4.52243,6.43717
100.97000,4.58917,6.46275
100.98000,4.55046,6.38044
100.99000,4.22021,6.37144
101.00000,4.61792,6.33145
101.01000,4.67121,6.29695
101.02000,4.67072,6.46524
101.03000,5.13035,6.15358
101.04000,4.93232,5.96936
101.05000,4.90592,6.21667
101.06000,4.89495,6.70873
101.07000,5.11627,6.32116
101.08000,4.91438,6.50196
101.09000,4.85067,6.38016
101.10000,4.97342,6.06758
101.11000,5.22051,6.22418
101.12000,5.34602,6.20044
101.13000,4.88499,5.81442
101.14000,5.21467,5.98578
101.15000,4.93325,5.71443
101.16000,5.26771,5.81892
101.17000,5.50250,6.41654
101.18000,5.41257,5.99884
101.19000,5.66160,5.64726
101.20000,5.30155,5.94164
101.21000,5.20737,5.63345
101.22000,5.55260,5.58818
101.23000,5.60947,5.60818
101.24000,5.82958,6.12943
101.25000,5.61626,5.87757
101.26000,5.70144,5.50061
101.27000,5.67982,5.74507
101.28000,5.72751,5.50550
101.29000,5.93765,5.45057
101.30000,5.71782,5.36381
101.31000,5.80198,5.22439
101.32000,5.66694,5.73839
101.33000,6.05526,5.38162
101.34000,5.96154,5.07255
101.35000,5.96040,5.30454
101.36000,6.28651,5.34563
101.37000,5.78103,5.68864
101.38000,6.07290,4.85295
101.39000,6.04687,5.24014
101.40000,6.20074,4.94477
101.41000,6.03813,4.86188
101.42000,6.43178,5.10009
101.43000,6.18941,5.09981
101.44000,6.43269,4.75405
101.45000,6.16194,5.14171
101.46000,6.35671,4.99125
101.47000,6.68113,4.64751
101.48000,6.56644,4.65382
101.49000,6.66929,4.69709
101.50000,6.28745,4.66770
101.51000,6.46872,4.79143
101.52000,6.23069,4.90418
101.53000,6.50410,4.51097
101.54000,6.57074,4.85806
101.55000,6.74126,4.73631
101.56000,6.68355,4.44312
101.57000,6.67598,4.26970
101.58000,6.76475,4.32327
101.59000,6.86714,4.36231
101.60000,7.10655,4.29758
101.61000,6.69846,3.95569
101.62000,6.66434,4.22131
101.63000,6.65390,4.36513
101.64000,6.72839,3.95413
101.65000,6.89605,4.05545
101.66000,6.85225,4.05218
101.67000,6.82970,4.06826
101.68000,7.05145,3.90452
101.69000,6.92951,3.63334
101.70000,6.93746,3.78281
101.71000,7.09292,3.64201
101.72000,7.04967,3.71298
101.73000,7.33126,3.78791
101.74000,7.02804,3.84806
101.75000,6.99403,3.75929
101.76000,7.17485,3.85346
101.77000,7.14082,3.67891
101.78000,6.92529,3.34150
101.79000,7.09621,3.36411
101.80000,7.38282,3.40459
101.81000,7.43555,3.49830
101.82000,7.42380,3.32521
101.83000,7.31481,3.49920
101.84000,7.26808,3.20684
101.85000,7.18118,2.85744
101.86000,7.13822,3.20697
101.87000,7.07470,2.93363
101.88000,7.57816,3.00518
101.89000,7.51826,3.07452
101.90000,7.02243,2.65887
101.91000,7.14448,3.20286
101.92000,7.55146,2.89570
101.93000,7.68496,2.99908
101.94000,7.42802,2.95005
101.95000,7.27524,2.66377
101.96000,7.65944,2.70971
101.97000,7.69828,2.56113
101.98000,7.53287,3.04662
101.99000,7.52959,2.64877
102.00000,7.73814,2.37320
102.01000,7.71664,2.40382
102.02000,7.51398,2.47638
102.03000,7.72041,2.28759
102.04000,7.85456,1.75928
102.05000,7.61030,2.40833
102.06000,7.67204,2.12221
102.07000,7.63593,2.03727
102.08000,7.58873,1.99668
102.09000,7.64229,1.79888
102.10000,7.62546,1.83307
102.11000,7.51583,2.11264
102.12000,7.68158,1.38236
102.13000,7.88845,1.79022
102.14000,7.85300,2.07065
102.15000,8.07473,1.56096
102.16000,7.73283,1.66943
102.17000,7.84187,1.51854
102.18000,7.62757,1.19817
102.19000,7.68730,1.39223
102.20000,7.52924,1.47220
102.21000,7.82827,1.48308
102.22000,7.91920,1.42203
102.23000,7.98132,1.26377
102.24000,7.82547,1.36353
102.25000,7.87694,1.01425
102.26000,8.16074,1.18046
102.27000,7.98929,1.19256
102.28000,8.09099,1.28508
102.29000,7.91086,0.96921
102.30000,7.71472,0.79088
102.31000,8.39058,1.17031
102.32000,7.77634,0.80428
102.33000,8.02788,0.70881
102.34000,7.75147,0.45794
102.35000,8.07945,0.76264
102.36000,7.81112,1.10848
102.37000,7.96896,0.54820
102.38000,7.95460,0.83566
102.39000,7.95031,0.47546
102.40000,7.89730,0.57701
102.41000,8.05422,0.30124
102.42000,7.82829,0.28927
102.43000,8.10790,0.27424
102.44000,7.87553,0.29335
102.45000,7.79612,0.23538
102.46000,7.88824,0.14901
102.47000,7.98495,0.02135
102.48000,7.86890,0.28479
102.49000,7.97504,0.20229
102.50000,8.00114,-0.17969
102.51000,8.04876,0.10938
102.52000,8.44636,0.09295
102.53000,8.01757,-0.25318
102.54000,7.75209,0.15741
102.55000,7.90598,-0.13572
102.56000,8.26498,-0.27714
102.57000,8.14046,-0.11424
102.58000,7.90190,-0.57423
102.59000,7.89862,-0.43094
102.60000,8.09496,-0.50972
102.61000,7.95396,-0.57859
102.62000,7.99739,-0.54337
102.63000,8.05835,-0.74072
102.64000,7.46615,-0.79297
102.65000,7.74942,-0.36786
102.66000,8.21005,-0.64681
102.67000,7.67513,-1.06424
102.68000,8.09334,-1.02679
102.69000,7.97715,-0.89490
102.70000,7.94322,-1.04986
102.71000,7.99142,-0.98366
102.72000,7.84746,-1.13461
102.73000,7.93349,-1.05789
102.74000,8.13634,-1.02027
102.75000,7.96783,-1.58797
102.76000,7.62981,-1.19720
102.77000,8.04014,-1.20132
102.78000,7.59530,-1.41062
102.79000,7.85428,-1.39026
102.80000,7.97243,-1.35320
102.81000,7.73456,-1.69401
102.82000,7.76081,-1.17912
102.83000,7.39731,-1.67492
102.84000,7.55559,-1.58167
102.85000,8.11387,-1.57730
102.86000,8.01601,-1.74981
102.87000,7.68634,-1.82036
102.88000,7.82291,-1.90408
102.89000,7.83774,-1.87091
102.90000,7.92928,-2.28783
102.91000,7.96136,-2.15127
102.92000,8.05339,-1.76962
102.93000,7.61771,-2.12975
102.94000,7.63800,-2.21760
102.95000,7.87902,-2.24296
102.96000,7.84283,-2.06046
102.97000,7.48865,-2.19984
102.98000,7.84716,-2.57006
102.99000,7.62024,-2.52811
103.00000,7.84374,-2.52600
103.01000,7.53235,-2.53395
103.02000,7.53938,-2.36950
103.03000,7.45834,-2.88052
103.04000,7.50220,-2.61235
103.05000,7.25408,-2.81828
103.06000,7.27587,-3.06605
103.07000,7.37471,-2.57134
103.08000,7.62473,-2.93196
103.09000,7.60678,-2.91394
103.10000,7.67499,-2.82452
103.11000,7.58920,-3.15284
103.12000,7.09981,-3.30258
103.13000,7.50860,-3.38102
103.14000,7.56167,-3.10390
103.15000,7.61756,-3.23776
103.16000,7.26968,-3.33488
103.17000,7.38339,-3.06603
103.18000,7.44233,-3.16317
103.19000,7.43294,-3.36333
103.20000,7.30909,-3.45791
103.21000,7.05059,-3.29405
103.22000,7.52057,-3.66694
103.23000,7.09461,-3.33134
103.24000,7.13653,-3.87206
103.25000,7.38680,-3.89034
103.26000,7.15931,-3.65671
103.27000,7.02063,-3.63914
103.28000,6.82130,-3.66003
103.29000,7.29782,-3.97433
103.30000,7.09560,-3.54597
103.31000,7.01413,-3.75701
103.32000,6.88545,-4.26639
103.33000,7.05279,-4.26933
103.34000,6.93660,-4.22935
103.35000,6.78917,-3.95773
103.36000,7.16381,-4.37238
103.37000,7.14489,-4.36714
103.38000,6.83174,-4.33654
103.39000,6.75893,-4.19350
103.40000,7.04059,-4.28466
103.41000,6.80713,-4.31726
103.42000,6.79980,-4.45111
103.43000,6.58622,-4.34556
103.44000,6.56852,-4.79248
103.45000,6.45906,-4.64220
103.46000,6.38455,-4.82164
103.47000,6.45196,-4.61919
103.48000,6.49394,-4.71529
103.49000,6.56816,-4.73904
103.50000,5.97911,-4.77387
103.51000,6.30751,-5.02902
103.52000,6.28235,-4.91326
103.53000,6.20449,-4.93295
103.54000,6.22604,-4.89959
103.55000,6.22004,-4.65635
103.56000,6.32528,-4.93022
103.57000,6.23848,-4.83729
103.58000,6.29410,-5.16923
103.59000,6.27682,-5.09534
103.60000,6.21576,-4.97515
103.61000,6.10329,-4.95807
103.62000,5.76601,-5.46901
103.63000,6.17715,-5.60915
103.64000,5.66739,-5.34282
103.65000,5.64342,-5.27606
103.66000,5.89578,-5.39166
103.67000,6.27250,-5.35792
103.68000,6.06018,-5.79667
103.69000,5.97200,-5.43552
103.70000,5.88371,-5.55536
103.71000,6.09328,-5.34237
103.72000,5.60102,-5.64851
103.73000,5.61929,-5.44778
103.74000,5.85168,-5.95403
103.75000,5.44491,-5.60912
103.76000,5.58730,-5.48877
103.77000,5.38522,-5.66439
103.78000,5.34508,-5.84580
103.79000,5.62774,-5.61665
103.80000,5.41552,-5.66239
103.81000,5.20115,-6.07055
103.82000,5.65849,-6.02105
103.83000,5.49930,-5.96207
103.84000,5.13930,-5.82786
103.85000,5.25079,-5.92465
103.86000,4.87117,-6.11215
103.87000,5.11361,-6.14492
103.88000,5.25962,-6.16899
103.89000,5.07237,-6.28532
103.90000,5.26607,-6.23406
103.91000,4.94114,-6.13431
103.92000,4.81360,-6.25154
103.93000,4.74600,-5.79192
103.94000,5.14677,-6.05974
103.95000,4.93373,-6.28711
103.96000,4.70712,-6.14887
103.97000,4.76811,-6.42106
103.98000,4.50040,-6.57712
103.99000,4.69958,-6.99202
104.00000,4.64546,-6.44461
104.01000,4.22550,-6.39076
104.02000,5.01296,-6.84928
104.03000,4.80070,-6.55808
104.04000,4.50635,-6.69562
104.05000,4.10742,-6.61252
104.06000,4.55788,-6.66884
104.07000,4.27513,-6.38870
104.08000,4.50917,-6.86972
104.09000,4.43760,-6.89347
104.10000,4.23977,-6.84061
104.11000,4.27289,-6.80994
104.12000,4.20984,-6.87289
104.13000,4.24019,-6.88201
104.14000,3.96763,-6.61004
104.15000,4.02633,-6.68476
104.16000,3.78907,-6.84108
104.17000,3.75086,-7.02222
104.18000,3.78570,-6.45937
104.19000,3.66505,-6.90608
104.20000,3.95983,-6.92391
104.21000,3.76602,-7.03820
104.22000,3.51813,-7.29182
104.23000,3.83163,-6.70848
104.24000,3.58780,-7.35289
104.25000,3.80928,-7.00241
104.26000,3.47527,-7.19217
104.27000,3.27446,-7.58672
104.28000,3.48021,-6.92356
104.29000,3.20766,-7.14319
104.30000,3.40572,-7.27880
104.31000,2.96016,-7.49818
104.32000,3.45305,-7.27370
104.33000,3.41321,-7.35284
104.34000,3.28912,-7.50763
104.35000,3.47042,-7.12806
104.36000,2.89085,-7.52377
104.37000,3.15586,-7.57963
104.38000,2.96934,-7.76479
104.39000,2.85967,-7.29607
104.40000,2.98106,-7.69573
104.41000,2.88175,-7.59149
104.42000,2.58385,-7.66374
104.43000,2.80692,-7.43467
104.44000,2.84016,-7.55570
104.45000,2.82791,-7.64956
104.46000,2.73528,-7.36616
104.47000,2.62473,-7.70487
104.48000,2.81240,-7.64957
104.49000,2.27533,-7.45739
104.50000,2.88135,-7.45575
104.51000,2.53547,-7.87671
104.52000,2.61485,-7.62633
104.53000,2.18449,-7.39182
104.54000,2.32816,-7.78199
104.55000,2.21417,-7.79378
104.56000,2.14789,-7.49857
104.57000,2.04715,-7.88290
104.58000,2.22543,-7.85541
104.59000,2.06911,-7.72067
104.60000,1.50401,-7.66571
104.61000,2.12464,-7.58231
104.62000,2.11223,-7.87401
104.63000,2.00628,-8.25991
104.64000,1.69702,-7.77121
104.65000,1.92087,-7.73369
104.66000,1.56729,-7.69910
104.67000,1.65854,-7.63662
104.68000,1.33167,-7.83556
104.69000,1.58251,-7.86796
104.70000,1.42377,-7.84258
104.71000,1.45739,-7.83913
104.72000,1.21423,-8.14138
104.73000,1.50739,-8.21807
104.74000,0.85620,-8.11843
104.75000,1.43004,-7.64682
104.76000,1.37062,-7.97529
104.77000,1.17779,-8.18401
104.78000,1.19064,-7.87323
104.79000,0.74773,-7.79502
104.80000,1.05336,-8.04952
104.81000,1.10762,-8.27480
104.82000,0.97037,-7.62929
104.83000,0.94601,-8.03593
104.84000,1.16283,-7.77361
104.85000,0.93941,-7.82363
104.86000,0.65316,-7.89404
104.87000,0.61413,-7.79573
104.88000,0.46318,-8.04651
104.89000,0.50972,-7.94806
104.90000,0.56821,-8.08492
104.91000,0.60193,-8.14129
104.92000,0.45987,-8.06090
104.93000,0.47743,-8.28638
104.94000,0.35987,-8.22684
104.95000,-0.11463,-7.91672
104.96000,0.23804,-8.16364
104.97000,0.39047,-7.82616
104.98000,-0.11134,-7.81168
104.99000,0.12585,-8.07073
105.00000,-0.17197,-8.00029
105.01000,-0.13031,-8.16045
105.02000,-0.26213,-7.94705
105.03000,-0.23688,-7.72934
105.04000,-0.36369,-8.17194
105.05000,-0.35899,-8.04361
105.06000,-0.36378,-7.72176
105.07000,-0.26386,-8.09299
105.08000,-0.41541,-7.95259
105.09000,-0.25704,-7.98797
105.10000,-0.73644,-7.86884
105.11000,-0.41385,-8.10424
105.12000,-0.73253,-7.86967
105.13000,-0.93186,-7.66311
105.14000,-0.71362,-7.97663
105.15000,-0.80311,-7.91507
105.16000,-0.63763,-7.81679
105.17000,-0.92321,-8.04353
105.18000,-0.65598,-8.10057
105.19000,-0.98662,-8.05090
105.20000,-1.14537,-8.00839
105.21000,-1.05458,-7.92735
105.22000,-1.23699,-7.83267
105.23000,-1.23356,-7.63627
105.24000,-1.30811,-7.82775
105.25000,-1.42406,-7.93504
105.26000,-1.23626,-7.84459
105.27000,-1.13943,-8.00354
105.28000,-1.35479,-7.66869
105.29000,-1.18721,-7.60894
105.30000,-1.90683,-8.15117
105.31000,-1.77753,-7.79122
105.32000,-1.78131,-7.83603
105.33000,-1.59622,-7.84111
105.34000,-1.52622,-7.75606
105.35000,-1.76994,-7.55237
105.36000,-1.70227,-7.63757
105.37000,-1.75484,-7.88219
105.38000,-2.02934,-7.90065
105.39000,-2.14393,-7.79627
105.40000,-1.80559,-7.57922
105.41000,-2.11040,-7.60215
105.42000,-2.28951,-7.69352
105.43000,-1.84181,-7.64921
105.44000,-1.99461,-7.71075
105.45000,-2.22454,-7.60097
105.46000,-2.16922,-7.79751
105.47000,-2.28905,-7.87104
105.48000,-2.12704,-7.58842
105.49000,-2.33771,-7.71820
105.50000,-2.39947,-7.63398
105.51000,-2.60573,-7.65892
105.52000,-2.24532,-7.69370
105.53000,-2.55937,-7.72533
105.54000,-2.26536,-7.57898
105.55000,-2.40485,-7.50630
105.56000,-2.54274,-7.19612
105.57000,-2.57684,-7.58664
105.58000,-2.61595,-7.88998
105.59000,-3.04796,-7.22135
105.60000,-3.22406,-7.37013
105.61000,-3.16731,-7.30436
105.62000,-2.89848,-7.32902
105.63000,-3.32904,-7.39988
105.64000,-2.95262,-7.29581
105.65000,-3.19524,-7.27858
105.66000,-3.29943,-7.30213
105.67000,-3.11610,-7.53759
105.68000,-3.19452,-7.13477
105.69000,-3.36086,-7.28795
105.70000,-3.37828,-7.40285
105.71000,-3.48421,-7.36520
105.72000,-3.36165,-7.07419
105.73000,-3.70733,-7.12730
105.74000,-3.42720,-7.16952
105.75000,-3.75250,-6.71281
105.76000,-3.62614,-6.83843
105.77000,-3.92749,-6.61513
105.78000,-3.65562,-6.97351
105.79000,-3.53686,-7.08665
105.80000,-3.84340,-6.68890
105.81000,-4.23102,-6.98613
105.82000,-3.89425,-7.23566
105.83000,-4.06727,-7.07722
105.84000,-4.22294,-6.82156
105.85000,-4.14510,-6.93839
105.86000,-4.15644,-6.92167
105.87000,-3.90348,-6.88966
105.88000,-4.00118,-6.80756
105.89000,-4.23957,-6.49046
105.90000,-4.06636,-6.67873
105.91000,-4.12287,-6.86857
105.92000,-4.76410,-6.31687
105.93000,-4.40385,-6.91468
105.94000,-4.52759,-6.68565
105.95000,-4.32857,-6.32613
105.96000,-4.63747,-6.51315
105.97000,-4.40938,-6.87555
105.98000,-4.45933,-6.31588
105.99000,-4.80814,-6.58076
106.00000,-4.51260,-6.87987
106.01000,-4.68440,-6.56124
106.02000,-4.85100,-6.34515
106.03000,-4.75150,-6.25053
106.04000,-5.02601,-6.26058
106.05000,-4.88271,-6.33436
106.06000,-5.30930,-6.32177
106.07000,-4.60740,-6.04632
106.08000,-5.01033,-6.41854
106.09000,-4.78817,-6.01527
106.10000,-4.94802,-6.23841
106.11000,-5.08760,-6.39318
106.12000,-5.02249,-6.14402
106.13000,-4.95939,-5.70912
106.14000,-5.29293,-6.05003
106.15000,-5.20524,-5.94268
106.16000,-5.48754,-5.96987
106.17000,-5.39515,-5.78641
106.18000,-5.31294,-5.77063
106.19000,-5.00564,-6.13707
106.20000,-4.99664,-5.71326
106.21000,-5.27056,-5.47251
106.22000,-5.36917,-5.43145
106.23000,-5.70876,-5.84909
106.24000,-5.50148,-5.85102
106.25000,-5.57455,-5.77661
106.26000,-5.76716,-5.44421
106.27000,-5.77512,-5.81796
106.28000,-5.32511,-5.37049
106.29000,-5.45110,-5.93272
106.30000,-5.98699,-5.57172
106.31000,-5.81523,-5.66420
106.32000,-5.97781,-5.27529
106.33000,-5.82994,-5.35412
106.34000,-6.01362,-5.13896
106.35000,-6.06382,-5.45693
106.36000,-5.76940,-5.22766
106.37000,-5.77850,-5.42609
106.38000,-5.87203,-5.06507
106.39000,-5.98640,-5.52414
106.40000,-6.17215,-4.84815
106.41000,-5.96649,-5.01218
106.42000,-5.95023,-4.94356
106.43000,-6.20256,-4.86578
106.44000,-6.11563,-4.82254
106.45000,-6.45283,-5.02017
106.46000,-6.33967,-4.67629
106.47000,-6.52418,-5.00139
106.48000,-6.33256,-4.64203
106.49000,-6.33770,-4.59247
106.50000,-6.62909,-4.41085
106.51000,-6.33886,-4.36048
106.52000,-6.64775,-4.50063
106.53000,-6.82008,-4.39488
106.54000,-6.23101,-4.53753
106.55000,-6.96544,-4.47322
106.56000,-6.46913,-4.69873
106.57000,-6.75831,-4.51764
106.58000,-6.74777,-4.30749
106.59000,-6.24535,-4.68416
106.60000,-6.56368,-4.34787
106.61000,-6.76194,-4.16530
106.62000,-6.74915,-4.22604
106.63000,-6.57209,-4.35933
106.64000,-6.99835,-4.12317
106.65000,-7.06980,-4.12016
106.66000,-6.86911,-4.02612
106.67000,-6.68445,-3.97753
106.68000,-7.35708,-4.01561
106.69000,-6.82973,-4.12303
106.70000,-6.88300,-3.94593
106.71000,-6.93802,-4.25854
106.72000,-6.93552,-3.74338
106.73000,-7.01788,-3.95811
106.74000,-7.40381,-3.44972
106.75000,-7.42719,-3.74881
106.76000,-7.33447,-3.73549
106.77000,-7.40106,-3.23212
106.78000,-7.50544,-3.63791
106.79000,-7.16489,-3.37786
106.80000,-7.51042,-3.35715
106.81000,-7.27212,-3.40841
106.82000,-7.17407,-3.31597
106.83000,-7.35321,-3.07962
106.84000,-7.16835,-3.04055
106.85000,-7.28210,-3.38210
106.86000,-7.35669,-3.08633
106.87000,-7.16485,-3.27336
106.88000,-7.22426,-2.89649
106.89000,-7.31563,-2.88636
106.90000,-7.34632,-2.41554
106.91000,-7.21377,-2.90153
106.92000,-7.77335,-2.87546
106.93000,-7.32366,-2.98826
106.94000,-7.40281,-3.01387
106.95000,-7.75005,-2.52472
106.96000,-7.58426,-2.48617
106.97000,-7.40147,-2.61545
106.98000,-7.28190,-2.64152
106.99000,-7.64624,-2.69742
107.00000,-7.74464,-2.62799
107.01000,-7.35415,-2.51990
107.02000,-7.94479,-2.38919
107.03000,-7.60775,-2.49678
107.04000,-7.91494,-2.32504
107.05000,-7.42832,-2.52481
107.06000,-7.26311,-2.20025
107.07000,-7.94394,-1.99235
107.08000,-7.91048,-1.93192
107.09000,-7.72487,-2.27371
107.10000,-7.77727,-1.98038
107.11000,-7.96864,-2.15490
107.12000,-7.93545,-1.68803
107.13000,-7.74016,-1.89519
107.14000,-7.76386,-1.99074
107.15000,-8.36683,-1.77233
107.16000,-7.52841,-1.71840
107.17000,-7.71665,-1.42586
107.18000,-7.86711,-1.61274
107.19000,-7.96371,-1.57075
107.20000,-7.68862,-1.43111
107.21000,-7.81758,-1.29383
107.22000,-7.64689,-1.12927
107.23000,-7.87424,-1.41184
107.24000,-7.93304,-1.31768
107.25000,-7.85195,-1.09858
107.26000,-7.90398,-1.08143
107.27000,-8.25767,-0.88720
107.28000,-7.80704,-1.07899
107.29000,-7.93414,-1.01203
107.30000,-7.70620,-0.82495
107.31000,-8.01733,-0.75599
107.32000,-7.62278,-1.00934
107.33000,-7.81450,-0.83824
107.34000,-7.82505,-0.71553
107.35000,-7.83405,-0.60154
107.36000,-8.03930,-1.10752
107.37000,-7.99610,-0.61121
107.38000,-7.99485,-0.67538
107.39000,-7.98667,-0.46351
107.40000,-7.87976,-0.71650
107.41000,-8.04592,-0.20224
107.42000,-8.07210,-0.17231
107.43000,-8.25272,-0.21865
107.44000,-8.08871,-0.19888
107.45000,-8.05738,-0.30965
107.46000,-7.83970,-0.42264
107.47000,-8.16083,-0.15655
107.48000,-7.97582,-0.15796
107.49000,-7.92877,0.08456
107.50000,-7.97903,0.23392
107.51000,-7.96243,-0.02283
107.52000,-8.03984,0.21970
107.53000,-8.17490,0.13458
107.54000,-8.04214,-0.01793
107.55000,-8.19343,0.50723
107.56000,-7.88041,0.64959
107.57000,-7.90563,0.24298
107.58000,-8.12139,0.52697
107.59000,-8.12697,0.30425
107.60000,-7.74251,0.49087
107.61000,-7.91443,0.34436
107.62000,-7.93673,0.41057
107.63000,-8.21361,0.51764
107.64000,-8.16420,0.41613
107.65000,-7.81219,0.88915
107.66000,-7.92436,0.66481
107.67000,-7.66483,0.81116
107.68000,-8.22304,0.82581
107.69000,-8.37053,1.11309
107.70000,-8.04379,1.04160
107.71000,-8.19376,0.99326
107.72000,-8.32877,1.13242
107.73000,-8.10848,1.24354
107.74000,-7.61998,1.41392
107.75000,-7.94442,1.22392
107.76000,-7.97367,1.25590
107.77000,-7.59071,1.24811
107.78000,-7.92399,1.30783
107.79000,-7.72089,1.85333
107.80000,-7.75344,1.70596
107.81000,-7.32160,1.24519
107.82000,-7.81404,1.79413
107.83000,-8.00847,1.64329
107.84000,-7.95017,1.89253
107.85000,-7.81412,1.77116
107.86000,-7.69369,1.81753
107.87000,-7.86874,1.72982
107.88000,-7.66708,1.75490
107.89000,-8.08584,2.07762
107.90000,-7.55804,2.07387
107.91000,-7.83504,2.27734
107.92000,-7.59652,2.04574
107.93000,-7.65735,2.38759
107.94000,-7.84442,2.26889
107.95000,-7.75779,2.17257
107.96000,-7.74930,2.35730
107.97000,-7.44493,2.34962
107.98000,-7.36861,2.47635
107.99000,-7.39638,2.38193
108.00000,-7.37540,2.59768
108.01000,-7.59572,2.46701
108.02000,-7.51184,2.36179
108.03000,-7.67017,2.85960
108.04000,-7.49967,2.52089
108.05000,-7.59426,2.74054
108.06000,-7.42457,3.09006
108.07000,-7.83062,2.92052
108.08000,-7.50420,2.88372
108.09000,-7.77888,2.86312
108.10000,-7.48014,2.68907
108.11000,-7.21944,2.73311
108.12000,-7.27720,3.15329
108.13000,-7.26417,3.01502
108.14000,-7.50053,3.16052
108.15000,-7.50901,3.05111
108.16000,-7.35334,3.20665
108.17000,-6.92704,3.20599
108.18000,-7.28514,3.36444
108.19000,-7.13934,3.60193
108.20000,-7.20470,3.19936
108.21000,-7.21711,3.02839
108.22000,-7.16251,3.53537
108.23000,-7.16723,3.43692
108.24000,-7.24097,3.79846
108.25000,-7.30098,3.54317
108.26000,-6.90808,3.47489
108.27000,-7.52914,3.90294
108.28000,-7.51928,3.92139
108.29000,-6.89029,3.78605
108.30000,-6.98777,4.12847
108.31000,-6.85059,3.91342
108.32000,-7.18115,3.98661
108.33000,-6.97039,3.97741
108.34000,-6.90692,4.09166
108.35000,-6.87180,3.86198
108.36000,-6.86589,3.96471
108.37000,-6.57222,3.98747
108.38000,-7.12142,4.31509
108.39000,-6.73204,4.11981
108.40000,-6.87328,3.91342
108.41000,-6.50490,4.10623
108.42000,-6.35705,4.27694
108.43000,-6.38155,4.69269
108.44000,-6.67214,4.64512
108.45000,-6.71146,4.47886
108.46000,-6.73226,4.80037
108.47000,-6.81698,4.52330
108.48000,-6.71161,4.48232
108.49000,-6.40635,4.46384
108.50000,-6.20436,4.51577
108.51000,-6.39938,4.85589
108.52000,-6.41273,4.70807
108.53000,-6.63209,5.13318
108.54000,-6.68295,4.81918
108.55000,-6.27732,4.87224
108.56000,-6.13425,4.68663
108.57000,-6.13246,5.13699
108.58000,-6.27946,5.05422
108.59000,-6.33617,5.07934
108.60000,-6.13644,5.15640
108.61000,-6.30744,4.95039
108.62000,-6.16178,5.17608
108.63000,-5.66357,5.46360
108.64000,-5.84543,5.31549
108.65000,-6.24059,5.09708
108.66000,-6.06501,5.22898
108.67000,-5.95912,5.61768
108.68000,-6.11244,5.38152
108.69000,-5.84916,5.49584
108.70000,-6.21856,5.20108
108.71000,-5.86967,5.34207
108.72000,-5.82471,5.51746
108.73000,-5.43229,5.28671
108.74000,-5.80173,5.68476
108.75000,-5.45863,5.94561
108.76000,-5.75099,6.06093
108.77000,-5.58847,5.66498
108.78000,-5.17899,5.78721
108.79000,-5.51970,5.78949
108.80000,-5.64638,5.69304
108.81000,-5.23482,5.95908
108.82000,-5.26261,6.04148
108.83000,-5.44494,5.74913
108.84000,-5.14887,6.34321
108.85000,-5.15442,6.17923
108.86000,-4.68609,5.99093
108.87000,-5.28114,6.22996
108.88000,-5.22544,5.95603
108.89000,-5.36836,6.43310
108.90000,-4.87545,6.38867
108.91000,-5.09677,6.22739
108.92000,-5.10905,6.45220
108.93000,-5.02599,6.12425
108.94000,-5.15484,6.01606
108.95000,-4.87177,6.21993
108.96000,-4.54576,6.50400
108.97000,-4.60545,6.29459
108.98000,-4.89644,5.94309
108.99000,-4.79679,6.18827
109.00000,-4.64408,6.72756
109.01000,-4.72071,6.27332
109.02000,-5.14675,6.53766
109.03000,-4.18893,6.49187
109.04000,-4.71106,6.64438
109.05000,-4.73195,6.55881
109.06000,-4.61780,6.42609
109.07000,-4.46635,6.91391
109.08000,-4.29572,7.03804
109.09000,-4.41961,6.79712
109.10000,-4.17237,6.83611
109.11000,-4.38083,6.67860
109.12000,-4.22591,6.85471
109.13000,-3.79060,6.67272
109.14000,-3.95132,7.03312
109.15000,-4.24452,6.87222
109.16000,-4.18039,6.79129
109.17000,-4.02894,6.82875
109.18000,-3.69126,7.23822
109.19000,-3.96745,6.96358
109.20000,-3.54259,6.96043
109.21000,-4.05527,7.02485
109.22000,-3.53650,7.04266
109.23000,-3.68889,7.17601
109.24000,-3.71609,6.70694
109.25000,-4.03835,7.04093
109.26000,-3.59607,6.97135
109.27000,-3.69928,7.26731
109.28000,-3.34326,7.31438
109.29000,-3.40602,7.26271
109.30000,-3.08668,7.45563
109.31000,-3.46718,7.24788
109.32000,-3.53486,7.44560
109.33000,-3.32702,7.36797
109.34000,-3.28321,7.57742
109.35000,-3.34876,7.47592
109.36000,-3.09860,7.17523
109.37000,-3.21319,7.83034
109.38000,-3.18499,7.45251
109.39000,-3.11097,7.47268
109.40000,-2.79785,7.42576
109.41000,-2.67473,7.32991
109.42000,-2.88874,7.51585
109.43000,-2.69842,7.29845
109.44000,-2.46340,7.59865
109.45000,-2.54482,7.25720
109.46000,-2.68617,7.59455
109.47000,-2.69193,7.30878
109.48000,-2.47725,7.21953
109.49000,-2.57812,7.51226
109.50000,-2.63874,7.76895
109.51000,-1.99727,7.43028
109.52000,-2.56615,7.58751
109.53000,-2.44249,7.67841
109.54000,-2.50115,7.81782
109.55000,-2.37121,7.53952
109.56000,-2.34881,7.74352
109.57000,-2.18343,7.69021
109.58000,-2.09208,7.76682
109.59000,-1.84976,8.06496
109.60000,-1.82430,7.85653
109.61000,-2.07889,7.87274
109.62000,-1.86898,7.92457
109.63000,-1.83160,7.40402
109.64000,-1.58773,7.83720
109.65000,-1.61802,7.81282
109.66000,-1.98433,7.99948
109.67000,-1.94251,8.06439
109.68000,-1.51374,7.70811
109.69000,-1.56604,7.78040
109.70000,-1.19774,7.62002
109.71000,-1.31391,7.91157
109.72000,-1.35659,7.82827
109.73000,-1.31195,7.74252
109.74000,-1.44124,8.01152
109.75000,-1.31337,7.98425
109.76000,-1.03502,7.85155
109.77000,-1.42842,8.04389
109.78000,-0.94810,8.20788
109.79000,-0.70932,7.90435
109.80000,-1.02213,7.80439
109.81000,-0.95262,8.14740
109.82000,-0.92199,7.92508
109.83000,-0.77397,7.77440
109.84000,-0.86926,7.68200
109.85000,-0.69715,8.25368
109.86000,-0.59452,8.39233
109.87000,-0.56069,7.95089
109.88000,-0.62936,7.95547
109.89000,-0.62551,8.05549
109.90000,-0.27099,8.15357
109.91000,-0.04241,8.29659
109.92000,-0.52314,7.92597
109.93000,-0.05524,7.98467
109.94000,-0.59068,8.22689
109.95000,-0.33652,8.11572
109.96000,-0.03848,7.97149
109.97000,0.05873,8.29403
109.98000,-0.11399,7.89398
109.99000,-0.13567,7.83759
110.00000,-0.17358,7.97153
110.01000,-0.32317,7.99196
110.02000,-0.16829,7.99600
110.03000,0.36022,7.87018
110.04000,0.20658,7.94915
110.05000,0.36165,8.10009
110.06000,0.42206,8.04348
110.07000,0.51331,8.12736
110.08000,0.56787,7.75472
110.09000,0.62695,8.04839
110.10000,0.50247,8.01123
110.11000,0.68863,7.97295
110.12000,0.56778,8.18835
110.13000,0.67419,8.20107
110.14000,0.85657,8.00102
110.15000,0.72118,8.02971
110.16000,0.79435,7.79416
110.17000,0.97030,7.84349
110.18000,0.65812,7.77528
110.19000,1.12164,7.90295
110.20000,1.10897,7.95273
110.21000,1.11944,8.12793
110.22000,0.71632,7.84523
110.23000,1.00911,7.93761
110.24000,1.32548,7.97622
110.25000,1.41097,7.79518
110.26000,1.24854,8.05691
110.27000,1.47757,7.33877
110.28000,1.50295,7.85026
110.29000,1.40812,7.95546
110.30000,1.06638,7.83840
110.31000,1.52096,7.37571
110.32000,1.85752,7.70264
110.33000,1.63894,7.53870
110.34000,1.48073,7.52900
110.35000,1.70708,7.91210
110.36000,1.69771,7.87502
110.37000,1.99367,7.47078
110.38000,2.30076,7.89918
110.39000,2.18121,7.77845
110.40000,2.07416,7.69999
110.41000,2.05819,7.83969
110.42000,1.95332,7.94411
110.43000,2.17674,7.56618
110.44000,2.11633,7.65427
110.45000,2.34735,7.63300
110.46000,1.99536,7.53063
110.47000,2.36648,7.60967
110.48000,2.36705,7.45575
110.49000,2.42114,7.47240
110.50000,2.45267,7.61025
110.51000,2.55604,7.43629
110.52000,2.22627,7.31571
110.53000,2.61012,7.65275
110.54000,2.61266,7.49189
110.55000,2.54475,7.63322
110.56000,2.77763,7.29543
110.57000,2.59796,7.22618
110.58000,2.81399,7.35872
110.59000,2.84885,7.42712
110.60000,3.00694,7.50393
110.61000,2.97644,7.41208
110.62000,3.05126,7.56521
110.63000,3.06468,7.42803
110.64000,2.99203,7.37800
110.65000,3.14097,7.03377
110.66000,3.39710,7.03708
110.67000,3.28232,7.08302
110.68000,3.35393,7.05559
110.69000,3.26629,6.94827
110.70000,3.43598,7.52536
110.71000,3.51082,7.18080
110.72000,3.33774,7.31816
110.73000,3.49293,7.15929
110.74000,3.69001,7.06144
110.75000,3.76965,7.18761
110.76000,3.49105,7.19644
110.77000,3.41664,7.15071
110.78000,3.81881,6.92333
110.79000,3.50255,7.03867
110.80000,3.86609,7.01589
110.81000,3.79633,6.74559
110.82000,3.83584,7.27696
110.83000,3.72328,7.05704
110.84000,3.88133,6.97866
110.85000,4.03050,6.96323
110.86000,4.00704,6.52624
110.87000,4.21222,6.98130
110.88000,4.11074,6.98937
110.89000,4.21109,6.59975
110.90000,4.17426,6.67897
110.91000,4.36730,6.81584
110.92000,4.25171,6.74940
110.93000,4.68899,6.66016
110.94000,4.47008,6.77620
110.95000,4.37084,6.56946
110.96000,4.92743,6.50212
110.97000,4.51165,6.38309
110.98000,4.80208,6.75310
110.99000,4.93103,6.32853
111.00000,4.72024,6.39680
111.01000,4.77475,6.42221
111.02000,4.64503,6.42734
111.03000,4.66699,6.37398
111.04000,5.08369,6.20884
111.05000,4.62577,6.45059
111.06000,4.90976,6.43140
111.07000,5.22603,6.66172
111.08000,5.00266,6.08193
111.09000,5.17834,6.46864
111.10000,4.96729,6.16259
111.11000,5.23545,6.00319
111.12000,5.03244,6.06633
111.13000,5.36961,6.01686
111.14000,5.51192,5.77377
111.15000,5.14564,6.26195
111.16000,5.51319,6.14065
111.17000,5.37615,5.71461
111.18000,5.59754,5.79819
111.19000,5.26667,5.73450
111.20000,5.11814,5.82366
111.21000,5.52295,5.52344
111.22000,5.75632,5.84213
111.23000,5.85686,5.75871
111.24000,5.24375,5.87941
111.25000,5.33164,5.70694
111.26000,5.76540,5.78843
111.27000,5.50503,5.46084
111.28000,5.78933,5.78791
111.29000,5.82685,5.31262
111.30000,5.84657,5.49525
111.31000,5.63640,5.72006
111.32000,5.86898,5.48191
111.33000,5.72660,5.46627
111.34000,5.93178,5.07913
111.35000,5.89601,5.29573
111.36000,5.98468,5.17568
111.37000,5.89186,5.29907
111.38000,5.81065,5.40639
111.39000,5.82979,5.08662
111.40000,6.28912,5.19465
111.41000,6.27908,5.18082
111.42000,6.12891,4.75219
111.43000,6.15276,4.72567
111.44000,6.01456,4.88774
111.45000,6.14880,4.84315
111.46000,6.17595,4.57498
111.47000,6.57851,5.00652
111.48000,6.26341,4.63933
111.49000,6.06490,5.01526
111.50000,6.33753,4.82718
111.51000,6.52453,4.88535
111.52000,6.61914,4.23400
111.53000,6.57926,4.36380
111.54000,6.65259,4.50685
111.55000,6.57620,4.38959
111.56000,6.86984,4.89143
111.57000,6.45673,4.56473
111.58000,6.88414,4.47556
111.59000,6.68953,4.43183
111.60000,6.43309,4.23703
111.61000,6.86582,4.11263
111.62000,6.63608,4.22368
111.63000,6.58284,4.11952
111.64000,6.81807,3.88578
111.65000,6.94151,3.89712
111.66000,7.01093,3.98832
111.67000,7.11196,3.94924
111.68000,6.65283,3.85662
111.69000,6.84512,3.66964
111.70000,6.97780,3.72514
111.71000,6.97718,3.59934
111.72000,7.09448,4.02765
111.73000,7.23933,3.78739
111.74000,7.13454,3.87472
111.75000,7.28246,3.57427
111.76000,7.33985,3.42222
111.77000,7.29371,3.49143
111.78000,6.78627,3.57320
111.79000,7.44047,3.65537
111.80000,7.39271,3.51587
111.81000,7.37315,3.47124
111.82000,7.56477,3.34648
111.83000,7.19004,3.06209
111.84000,7.16023,3.51784
111.85000,7.23368,2.89330
111.86000,7.36886,3.16089
111.87000,7.42934,3.35132
111.88000,7.29540,3.28121
111.89000,7.73336,2.93883
111.90000,7.32516,2.87002
111.91000,7.69245,3.01042
111.92000,7.26706,2.84914
111.93000,7.34670,2.94196
111.94000,7.54002,2.43336
111.95000,7.60808,2.75426
111.96000,7.38643,2.78386
111.97000,7.16707,2.56945
111.98000,7.91497,2.59235
111.99000,7.47308,2.53184
112.00000,7.49707,2.50898
112.01000,7.69225,2.65000
112.02000,7.45153,2.38736
112.03000,7.57078,2.24956
112.04000,7.45730,2.20939
112.05000,7.61668,2.39862
112.06000,7.62971,2.19406
112.07000,8.04581,2.09183
112.08000,7.62435,2.24399
112.09000,7.72376,2.19793
112.10000,7.96154,2.29154
112.11000,7.97950,1.91848
112.12000,7.49520,2.00015
112.13000,7.83103,1.67688
112.14000,7.67412,1.89469
112.15000,7.69782,1.49365
112.16000,7.81134,1.55917
112.17000,8.12109,1.83407
112.18000,7.51152,1.47537
112.19000,7.54383,1.43158
112.20000,7.70251,1.43980
112.21000,8.02413,1.78654
112.22000,7.88649,1.62131
112.23000,7.96758,1.28935
112.24000,7.72454,1.74839
112.25000,8.20638,1.10731
112.26000,8.29951,1.40987
112.27000,7.85003,1.47783
112.28000,8.30691,1.15878
112.29000,8.05904,0.46435
112.30000,7.63753,0.80995
112.31000,8.04639,0.97993
112.32000,7.93556,0.82233
112.33000,7.69619,1.05104
112.34000,7.75513,0.97646
112.35000,7.89864,0.71583
112.36000,8.10560,0.51770
112.37000,7.41543,0.50376
112.38000,8.23081,0.67290
112.39000,8.08151,0.90701
112.40000,7.85923,0.20982
112.41000,7.89011,0.75545
112.42000,7.78080,0.51194
112.43000,7.80378,0.28170
112.44000,8.02400,0.47168
112.45000,8.05358,0.20375
112.46000,8.06021,0.50240
112.47000,7.57564,0.38697
112.48000,8.06079,0.17814
112.49000,7.97819,0.02250
112.50000,7.96337,0.35083
112.51000,8.07207,-0.10143
112.52000,8.07433,-0.15583
112.53000,7.75519,-0.29437
112.54000,8.21368,-0.12283
112.55000,8.11629,-0.41177
112.56000,7.64552,-0.41561
112.57000,7.71696,-0.21197
112.58000,8.10011,-0.44554
112.59000,8.04716,-0.59147
112.60000,8.03367,-0.23376
112.61000,7.83168,-0.66898
112.62000,7.83296,-0.27931
112.63000,8.24364,-0.61979
112.64000,7.95016,-0.87100
112.65000,7.75397,-0.81797
112.66000,7.88237,-0.78458
112.67000,8.06596,-0.42595
112.68000,7.91027,-0.88054
112.69000,7.95807,-1.14146
112.70000,7.81139,-0.85185
112.71000,7.98145,-0.79877
112.72000,7.77842,-1.18823
112.73000,7.60296,-1.42499
112.74000,8.10788,-1.18654
112.75000,7.95312,-1.16092
112.76000,7.76532,-1.25667
112.77000,7.54268,-1.18009
112.78000,7.66949,-1.32433
112.79000,8.07616,-1.50826
112.80000,7.63087,-1.38267
112.81000,7.94419,-1.40836
112.82000,7.89492,-1.39524
112.83000,7.68936,-1.96152
112.84000,7.72947,-1.72936
112.85000,7.67122,-1.70440
112.86000,7.67599,-1.74514
112.87000,8.01373,-1.92222
112.88000,7.58410,-1.89431
112.89000,7.76161,-2.14113
112.90000,7.71490,-1.99539
112.91000,7.58316,-1.91542
112.92000,7.61601,-2.05143
112.93000,7.91385,-2.43255
112.94000,7.81164,-2.01654
112.95000,7.57339,-2.20498
112.96000,7.61930,-2.15515
112.97000,7.66604,-2.39128
112.98000,7.46941,-2.36383
112.99000,7.52891,-2.28447
113.00000,7.70166,-2.65086
113.01000,7.79291,-2.77193
113.02000,7.78805,-2.54581
113.03000,7.58241,-2.71027
113.04000,7.23743,-2.83064
113.05000,7.51261,-2.68105
113.06000,7.37114,-2.93315
113.07000,7.42534,-2.84595
113.08000,7.45982,-2.78338
113.09000,7.39959,-3.17721
113.10000,7.27091,-3.00855
113.11000,7.28015,-2.41185
113.12000,7.35731,-2.78531
113.13000,7.51075,-3.16188
113.14000,7.57845,-2.86982
113.15000,7.37173,-3.47364
113.16000,7.25686,-3.56733
113.17000,7.17764,-3.19037
113.18000,7.09394,-3.38485
113.19000,7.37500,-3.29173
113.20000,7.31143,-3.26046
113.21000,6.79545,-3.47866
113.22000,7.21876,-2.94631
113.23000,7.01070,-3.61612
113.24000,7.12426,-3.61067
113.25000,7.12840,-3.44947
113.26000,7.25678,-3.81673
113.27000,6.98189,-3.66703
113.28000,7.16136,-3.67332
113.29000,7.10842,-3.74403
113.30000,7.03148,-3.76219
113.31000,7.20442,-4.13499
113.32000,6.95685,-4.24609
113.33000,6.96387,-3.95845
113.34000,7.03563,-4.23354
113.35000,6.93176,-3.77520
113.36000,6.68864,-4.02963
113.37000,7.19491,-4.41223
113.38000,6.45755,-4.00345
113.39000,6.89196,-4.30690
113.40000,6.38631,-4.19506
113.41000,6.81288,-4.26945
113.42000,6.72059,-4.41428
113.43000,6.58573,-4.28202
113.44000,6.72982,-4.46483
113.45000,6.55719,-4.47450
113.46000,6.85420,-4.64267
113.47000,7.02142,-4.80219
113.48000,6.62162,-4.57076
113.49000,6.73608,-4.63838
113.50000,6.53871,-4.90112
113.51000,6.30980,-4.61925
113.52000,6.61743,-5.02786
113.53000,6.62202,-4.68312
113.54000,6.10415,-4.64214
113.55000,6.30730,-4.73621
113.56000,6.22586,-5.14669
113.57000,5.97252,-5.24403
113.58000,6.76350,-5.33997
113.59000,6.13437,-4.93427
113.60000,6.03920,-4.74606
113.61000,6.00412,-4.67186
113.62000,6.31387,-5.31560
113.63000,5.86398,-5.05512
113.64000,6.11100,-4.97430
113.65000,5.79725,-5.37647
113.66000,5.71660,-5.29904
113.67000,5.84750,-5.51643
113.68000,5.89301,-5.27026
113.69000,5.55111,-5.44917
113.70000,5.88572,-5.67192
113.71000,5.85085,-5.29674
113.72000,5.51055,-5.85426
113.73000,5.82312,-5.60588
113.74000,5.80140,-5.51262
113.75000,5.69278,-5.24610
113.76000,5.77136,-5.78091
113.77000,5.72697,-5.57627
113.78000,5.75748,-5.81125
113.79000,5.50439,-5.48198
113.80000,5.44708,-5.69461
113.81000,5.65954,-5.81495
113.82000,5.65972,-5.81887
113.83000,5.33900,-5.85768
113.84000,5.06072,-5.67669
113.85000,5.29191,-6.03974
113.86000,5.17266,-6.04337
113.87000,5.31241,-6.01459
113.88000,5.11290,-5.98238
113.89000,4.98248,-6.20940
113.90000,4.98846,-5.93610
113.91000,5.15129,-6.31572
113.92000,5.30027,-6.31635
113.93000,4.61410,-6.46217
113.94000,4.75014,-6.08455
113.95000,4.92471,-6.15149
113.96000,5.07045,-6.45431
113.97000,4.83468,-6.35683
113.98000,4.58759,-6.30255
113.99000,4.69061,-6.41422
114.00000,4.68425,-6.39852
114.01000,4.52497,-6.54290
114.02000,4.54855,-6.54255
114.03000,4.75412,-6.64589
114.04000,4.62607,-6.63491
114.05000,4.81711,-6.59622
114.06000,4.38247,-6.61442
114.07000,4.40136,-6.81158
114.08000,4.51528,-6.82427
114.09000,4.10173,-6.72284
114.10000,4.31690,-6.45033
114.11000,4.00573,-6.88127
114.12000,4.38591,-6.91062
114.13000,4.13828,-6.90119
114.14000,3.96907,-6.47361
114.15000,4.47818,-6.71162
114.16000,4.02871,-7.12582
114.17000,3.77153,-7.02058
114.18000,3.99778,-6.56510
114.19000,3.99092,-6.92938
114.20000,3.90936,-6.96516
114.21000,3.94274,-7.13729
114.22000,3.69619,-7.09300
114.23000,3.39663,-7.10672
114.24000,3.91750,-6.95667
114.25000,3.35584,-7.15996
114.26000,3.59561,-7.25014
114.27000,3.59349,-7.06435
114.28000,3.59036,-7.41515
114.29000,3.43018,-7.49595
114.30000,3.53702,-7.48055
114.31000,3.34899,-7.19315
114.32000,3.14473,-7.14754
114.33000,3.38284,-7.37705
114.34000,3.34037,-7.11503
114.35000,2.69880,-7.13881
114.36000,3.06643,-7.28169
114.37000,3.18552,-7.22479
114.38000,3.22214,-7.13519
114.39000,3.13778,-7.42680
114.40000,2.93913,-7.40411
114.41000,2.64913,-7.54372
114.42000,2.76602,-7.20847
114.43000,2.88670,-7.50874
114.44000,2.92728,-7.45235
114.45000,2.54567,-7.63093
114.46000,2.87661,-7.37670
114.47000,2.47125,-7.60066
114.48000,2.56668,-7.65555
114.49000,2.18767,-7.68441
114.50000,2.37908,-7.38960
114.51000,2.44906,-7.88908
114.52000,2.29413,-7.96464
114.53000,2.33117,-7.69094
114.54000,2.28651,-7.67367
114.55000,2.59703,-7.85293
114.56000,2.47239,-7.63394
114.57000,2.15181,-7.54768
114.58000,2.03949,-7.70302
114.59000,2.59047,-7.89287
114.60000,2.17767,-7.64662
114.61000,2.05055,-7.80443
114.62000,1.73708,-7.70760
114.63000,1.70835,-7.72259
114.64000,2.07316,-7.87761
114.65000,1.87111,-7.70145
114.66000,1.57534,-8.19207
114.67000,1.40707,-7.86245
114.68000,1.33617,-8.03821
114.69000,1.69330,-8.02468
114.70000,1.67686,-7.86575
114.71000,1.44827,-7.84101
114.72000,1.33172,-7.97862
114.73000,1.07030,-7.98491
114.74000,1.27843,-8.12538
114.75000,1.28818,-7.84547
114.76000,1.35064,-8.05244
114.77000,1.18613,-7.77943
114.78000,1.36566,-7.62504
114.79000,1.09388,-7.86637
114.80000,1.31242,-8.00349
114.81000,0.90843,-7.68488
114.82000,1.04382,-8.01306
114.83000,0.70526,-7.92852
114.84000,0.71619,-7.85048
114.85000,0.81409,-7.93863
114.86000,0.83889,-8.18964
114.87000,0.35207,-8.34619
114.88000,0.62848,-8.03859
114.89000,0.50918,-8.30059
114.90000,0.68312,-7.70789
114.91000,0.38960,-7.82239
114.92000,0.50023,-8.12572
114.93000,0.26381,-8.24205
114.94000,0.02504,-7.88076
114.95000,0.01120,-7.95637
114.96000,0.17173,-8.05317
114.97000,0.11479,-7.92706
114.98000,0.15989,-7.88188
114.99000,-0.11260,-7.94435
115.00000,-0.12286,-7.81265
115.01000,0.40034,-7.82933
115.02000,0.06713,-8.22205
115.03000,-0.06554,-8.07914
115.04000,-0.02936,-7.94984
115.05000,-0.17662,-7.95375
115.06000,-0.32021,-8.09095
115.07000,-0.36020,-7.86759
115.08000,-0.72037,-7.90906
115.09000,-0.37765,-8.31742
115.10000,-0.73273,-7.80542
115.11000,-0.56020,-7.66039
115.12000,-0.41101,-7.75364
115.13000,-0.99862,-8.46244
115.14000,-0.69378,-7.79379
115.15000,-0.85094,-7.68678
115.16000,-0.85828,-7.76041
115.17000,-0.78622,-7.96349
115.18000,-1.02136,-7.79258
115.19000,-0.98401,-7.89498
115.20000,-1.06660,-7.83686
115.21000,-1.09347,-7.98010
115.22000,-1.08253,-8.37257
115.23000,-1.04043,-7.94593
115.24000,-1.35299,-7.95361
115.25000,-0.98682,-8.07527
115.26000,-1.06511,-7.93865
115.27000,-1.16489,-8.03914
115.28000,-1.58307,-7.47419
115.29000,-1.51756,-8.05542
115.30000,-1.44767,-7.79679
115.31000,-1.21105,-7.57780
115.32000,-1.49613,-7.79030
115.33000,-1.53297,-7.99056
115.34000,-1.69150,-7.75286
115.35000,-2.07422,-8.09018
115.36000,-1.59215,-7.78626
115.37000,-1.96611,-7.58399
115.38000,-2.10354,-7.50919
115.39000,-1.65829,-7.64484
115.40000,-1.76086,-7.62251
115.41000,-1.82276,-7.55819
115.42000,-2.22546,-7.63536
115.43000,-1.77109,-7.89078
115.44000,-2.26367,-7.61944
115.45000,-2.16457,-7.81576
115.46000,-2.45419,-7.38345
115.47000,-2.30866,-7.71469
115.48000,-2.43788,-7.61878
115.49000,-2.53484,-7.45840
115.50000,-2.42570,-7.61673
115.51000,-2.33504,-7.39466
115.52000,-2.62390,-7.62663
115.53000,-2.89033,-7.45083
115.54000,-2.63819,-7.42449
115.55000,-2.52717,-7.36924
115.56000,-3.02487,-7.28692
115.57000,-2.76101,-7.53410
115.58000,-3.05468,-7.20940
115.59000,-2.96950,-7.34246
115.60000,-2.92889,-7.29261
115.61000,-2.99378,-7.24083
115.62000,-3.10639,-7.70448
115.63000,-3.10012,-7.29056
115.64000,-3.61691,-7.26923
115.65000,-3.16404,-7.41551
115.66000,-2.95608,-7.42465
115.67000,-3.79213,-7.39655
115.68000,-3.41159,-7.20071
115.69000,-3.46198,-7.59096
115.70000,-2.96617,-7.31332
115.71000,-3.34514,-7.31629
115.72000,-3.64332,-7.06274
115.73000,-3.57225,-7.01160
115.74000,-3.44450,-7.27880
115.75000,-3.50345,-6.91970
115.76000,-3.30808,-6.87838
115.77000,-3.57280,-6.95308
115.78000,-3.53764,-7.04119
115.79000,-3.99830,-6.92321
115.80000,-3.89073,-6.99811
115.81000,-4.04462,-7.20641
115.82000,-4.03572,-6.77870
115.83000,-3.59641,-7.31853
115.84000,-3.94957,-7.14905
115.85000,-4.09085,-6.72659
115.86000,-4.11450,-6.90235
115.87000,-4.29254,-6.80064
115.88000,-4.19767,-6.76572
115.89000,-4.05750,-6.80188
115.90000,-4.36195,-6.45742
115.91000,-4.34515,-6.58190
115.92000,-4.77499,-6.46808
115.93000,-4.53101,-6.48537
115.94000,-4.27048,-6.48346
115.95000,-4.70417,-6.81983
115.96000,-4.46632,-7.05364
115.97000,-4.66931,-6.51405
115.98000,-4.62086,-6.41537
115.99000,-4.52369,-6.42075
116.00000,-4.50694,-6.66213
116.01000,-5.03781,-6.28017
116.02000,-4.63945,-6.34625
116.03000,-4.87101,-6.33793
116.04000,-4.70772,-6.40404
116.05000,-4.81481,-6.21698
116.06000,-4.97411,-6.04808
116.07000,-5.09684,-6.23084
116.08000,-5.08722,-6.46966
116.09000,-4.92118,-6.29165
116.10000,-5.10766,-5.91876
116.11000,-5.69556,-5.95846
116.12000,-5.08025,-6.12694
116.13000,-5.50242,-6.32223
116.14000,-5.12743,-6.08134
116.15000,-5.17548,-5.99564
116.16000,-5.52318,-5.98128
116.17000,-5.56347,-5.99823
116.18000,-5.63332,-6.04768
116.19000,-5.59166,-5.95959
116.20000,-5.53596,-5.92081
116.21000,-5.63753,-5.53432
116.22000,-5.63491,-5.96157
116.23000,-5.33119,-5.50984
116.24000,-5.17111,-5.88457
116.25000,-5.62670,-5.63419
116.26000,-5.59527,-6.04217
116.27000,-5.91361,-5.66116
116.28000,-5.83748,-5.48465
116.29000,-5.81573,-5.54198
116.30000,-5.56397,-5.43755
116.31000,-5.79801,-5.32915
116.32000,-5.94108,-5.25632
116.33000,-5.83958,-5.39294
116.34000,-6.02876,-5.21512
116.35000,-6.14714,-5.41105
116.36000,-5.83566,-4.90784
116.37000,-6.34336,-5.23305
116.38000,-6.12328,-4.85967
116.39000,-6.38994,-5.13775
116.40000,-6.40234,-4.92405
116.41000,-6.24340,-4.79049
116.42000,-6.32067,-5.27378
116.43000,-6.25423,-4.94986
116.44000,-6.03483,-5.12576
116.45000,-6.63985,-4.96442
116.46000,-6.41422,-5.10071
116.47000,-6.20696,-4.70104
116.48000,-6.38769,-5.02336
116.49000,-6.63976,-4.44309
116.50000,-6.36139,-4.51826
116.51000,-6.74522,-4.64756
116.52000,-6.80592,-4.85194
116.53000,-6.78433,-4.61076
116.54000,-6.55238,-4.48767
116.55000,-6.83602,-4.30997
116.56000,-6.75460,-4.48583
116.57000,-6.80365,-4.49696
116.58000,-6.71077,-4.46593
116.59000,-6.76656,-4.69756
116.60000,-6.77501,-4.25101
116.61000,-6.62640,-4.17297
116.62000,-6.73130,-4.29576
116.63000,-7.10284,-4.06666
116.64000,-6.98522,-4.18213
116.65000,-6.92191,-4.58715
116.66000,-7.14118,-4.25676
116.67000,-6.92577,-3.64317
116.68000,-6.98742,-3.97615
116.69000,-7.15485,-3.75397
116.70000,-7.07829,-3.77974
116.71000,-6.96318,-3.99730
116.72000,-6.85710,-3.78385
116.73000,-7.14227,-3.69777
116.74000,-7.36204,-3.81339
116.75000,-7.01622,-3.47450
116.76000,-7.25355,-3.61835
116.77000,-7.43753,-3.58905
116.78000,-7.55429,-3.70548
116.79000,-7.27304,-3.65676
116.80000,-7.19933,-3.36304
116.81000,-7.23851,-3.21538
116.82000,-7.25769,-3.09537
116.83000,-7.39026,-3.32681
116.84000,-7.43339,-3.29478
116.85000,-7.40658,-3.27572
116.86000,-7.37786,-3.20584
116.87000,-7.74062,-3.17488
116.88000,-7.53788,-2.88743
116.89000,-7.12646,-2.85909
116.90000,-7.72332,-2.77257
116.91000,-7.38338,-2.84435
116.92000,-7.26818,-2.76005
116.93000,-7.63955,-3.03015
116.94000,-7.58698,-2.87115
116.95000,-7.43157,-2.43380
116.96000,-7.22986,-2.79659
116.97000,-7.64919,-2.49796
116.98000,-7.65978,-2.51303
116.99000,-7.89815,-2.95150
117.00000,-7.50207,-2.34719
117.01000,-7.85323,-2.41352
117.02000,-7.67279,-2.24606
117.03000,-7.70573,-2.47068
117.04000,-7.80762,-2.36563
117.05000,-7.79162,-2.31686
117.06000,-7.87013,-2.42152
117.07000,-7.90264,-2.14416
117.08000,-7.76596,-2.28846
117.09000,-8.05999,-1.87279
117.10000,-8.19165,-1.82175
117.11000,-7.77676,-2.08398
117.12000,-7.89658,-1.76953
117.13000,-7.82337,-1.48296
117.14000,-7.97621,-1.93965
117.15000,-8.03484,-1.86230
117.16000,-7.76145,-1.58452
117.17000,-7.88024,-1.79064
117.18000,-7.75010,-1.48442
117.19000,-7.72173,-1.83466
117.20000,-7.79109,-1.55235
117.21000,-8.19542,-1.26334
117.22000,-7.96169,-1.32228
117.23000,-7.80388,-1.36720
117.24000,-7.70898,-1.18797
117.25000,-7.92188,-1.53130
117.26000,-7.72714,-0.88851
117.27000,-8.07030,-1.03842
117.28000,-7.91252,-1.51693
117.29000,-7.89105,-1.15879
117.30000,-7.87681,-1.15758
117.31000,-7.77174,-0.93417
117.32000,-7.98777,-0.66625
117.33000,-7.69662,-1.03514
117.34000,-7.88992,-0.65084
117.35000,-8.16871,-0.36574
117.36000,-7.99731,-0.53524
117.37000,-8.21524,-0.23176
117.38000,-8.07130,-0.45028
117.39000,-8.03741,-0.42274
117.40000,-8.43394,-0.44354
117.41000,-7.95908,-0.15810
117.42000,-7.79827,-0.28504
117.43000,-8.23757,-0.51664
117.44000,-8.32668,-0.21030
117.45000,-7.60252,-0.25667
117.46000,-8.08794,0.03588
117.47000,-7.81740,-0.23220
117.48000,-8.10937,-0.44156
117.49000,-7.85231,-0.04503
117.50000,-7.83046,-0.26461
117.51000,-8.05244,0.15460
117.52000,-7.94019,0.16813
117.53000,-7.58973,0.17358
117.54000,-8.15281,0.03383
117.55000,-8.25161,0.04619
117.56000,-8.02762,0.75214
117.57000,-8.13734,0.40401
117.58000,-8.14994,0.62002
117.59000,-8.14705,0.53935
117.60000,-7.83159,0.35126
117.61000,-7.85457,0.85764
117.62000,-8.00420,0.66009
117.63000,-7.95707,0.44718
117.64000,-8.28215,1.29425
117.65000,-7.91429,0.64144
117.66000,-8.03603,0.63482
117.67000,-8.03964,1.12580
117.68000,-7.99849,1.15826
117.69000,-7.92145,0.78461
117.70000,-8.06363,1.09132
117.71000,-8.13634,0.87718
117.72000,-8.07957,1.08177
117.73000,-7.70465,0.95911
117.74000,-8.11876,1.07591
117.75000,-7.90053,1.25123
117.76000,-8.16655,0.91086
117.77000,-7.78427,1.13994
117.78000,-8.11401,1.47839
117.79000,-7.95933,1.36031
117.80000,-7.78920,1.39051
117.81000,-7.82346,1.87824
117.82000,-7.79171,1.85538
117.83000,-7.89700,1.54916
117.84000,-7.97122,1.61001
117.85000,-7.66980,1.72994
117.86000,-8.12973,1.74380
117.87000,-7.60629,1.85325
117.88000,-7.73650,1.97326
117.89000,-7.71056,1.91054
117.90000,-7.48649,2.17820
117.91000,-7.85265,2.22217
117.92000,-7.55358,2.45483
117.93000,-7.80716,1.85441
117.94000,-7.84498,2.10224
117.95000,-7.68814,2.33287
117.96000,-7.59987,2.42691
117.97000,-7.33362,2.15317
117.98000,-7.78965,1.94720
117.99000,-7.29806,2.56895
118.00000,-7.67640,2.47413
118.01000,-7.73972,2.55162
118.02000,-7.36613,2.57928
118.03000,-7.71278,2.70177
118.04000,-7.49121,2.60486
118.05000,-7.40553,2.47468
118.06000,-7.77469,2.35630
118.07000,-7.15828,2.86073
118.08000,-7.12987,3.18940
118.09000,-7.38622,2.57070
118.10000,-7.27774,3.01008
118.11000,-7.32635,3.23156
118.12000,-7.53000,2.94044
118.13000,-7.32423,3.02446
118.14000,-7.17387,3.06367
118.15000,-7.24535,3.18969
118.16000,-7.43795,3.29638
118.17000,-7.23187,3.39274
118.18000,-7.13008,3.48585
118.19000,-7.29576,3.57204
118.20000,-6.97296,3.16745
118.21000,-7.15524,3.58774
118.22000,-6.94108,3.37016
118.23000,-7.25210,3.48645
118.24000,-7.03407,3.45931
118.25000,-7.17952,3.54598
118.26000,-6.81776,3.82392
118.27000,-6.98989,3.77542
118.28000,-7.18926,3.53380
118.29000,-7.09924,3.87728
118.30000,-6.91284,4.02050
118.31000,-7.27831,4.14845
118.32000,-7.32579,3.52600
118.33000,-6.66793,3.98943
118.34000,-7.07074,3.83131
118.35000,-6.86050,4.00911
118.36000,-6.63554,4.06298
118.37000,-6.84892,4.05162
118.38000,-6.97105,4.34432
118.39000,-6.93465,4.11616
118.40000,-6.49364,4.32659
118.41000,-6.65357,4.37138
118.42000,-6.67588,4.41744
118.43000,-6.73683,4.64994
118.44000,-6.45581,4.29306
118.45000,-6.66374,4.54961
118.46000,-6.67130,4.67793
118.47000,-6.57176,4.54343
118.48000,-6.62259,4.29737
118.49000,-6.36076,4.63767
118.50000,-6.35820,4.47298
118.51000,-6.17439,4.94698
118.52000,-6.64992,4.80554
118.53000,-6.39852,4.45785
118.54000,-6.28694,4.65662
118.55000,-6.07302,4.97595
118.56000,-6.23085,5.11925
118.57000,-6.33895,5.22689
118.58000,-6.19248,5.07762
118.59000,-5.82928,5.07668
118.60000,-5.89963,5.03081
118.61000,-6.08402,4.97597
118.62000,-6.27403,5.20948
118.63000,-6.32781,4.98362
118.64000,-6.08455,5.23750
118.65000,-6.00876,5.48130
118.66000,-5.82939,5.38223
118.67000,-6.03085,5.33658
118.68000,-5.85021,5.57582
118.69000,-5.84821,5.32108
118.70000,-5.73541,5.42282
118.71000,-5.80763,5.54628
118.72000,-5.63980,5.28464
118.73000,-5.76008,5.68629
118.74000,-5.45895,5.52326
118.75000,-5.66695,5.63795
118.76000,-5.78994,5.73647
118.77000,-5.79559,5.73450
118.78000,-5.46449,5.81355
118.79000,-5.32962,5.83524
118.80000,-5.50503,6.01791
118.81000,-5.50703,6.05121
118.82000,-5.42183,6.07783
118.83000,-5.48605,6.17899
118.84000,-5.15889,6.04421
118.85000,-5.27523,5.94550
118.86000,-5.38159,6.00310
118.87000,-5.42016,6.12521
118.88000,-5.27923,6.01738
118.89000,-4.93884,6.01070
118.90000,-5.14093,6.40812
118.91000,-5.04564,6.13992
118.92000,-5.04160,6.01566
118.93000,-5.08647,6.50612
118.94000,-4.95687,6.49063
118.95000,-4.89068,5.86774
118.96000,-4.90316,6.36292
118.97000,-4.87544,6.33933
118.98000,-4.75388,6.82352
118.99000,-4.72498,6.56569
119.00000,-4.50502,6.58339
119.01000,-4.70332,6.85585
119.02000,-4.68261,6.28830
119.03000,-4.50015,6.58882
119.04000,-4.51786,6.71386
119.05000,-4.38089,6.53486
119.06000,-4.44974,6.37275
119.07000,-4.41960,6.45812
119.08000,-4.38791,6.67104
119.09000,-4.12164,6.79925
119.10000,-4.54211,6.60226
119.11000,-4.33590,6.79758
119.12000,-4.44498,6.43719
119.13000,-4.30156,6.86061
119.14000,-4.23891,7.15666
119.15000,-3.98412,6.90817
119.16000,-3.67862,6.98673
119.17000,-4.02244,7.05555
119.18000,-4.12994,7.01596
119.19000,-4.00482,6.79727
119.20000,-3.89907,6.98590
119.21000,-3.91201,7.07139
119.22000,-3.69447,7.25143
119.23000,-3.88880,7.04227
119.24000,-3.40572,7.20058
119.25000,-3.91819,7.15005
119.26000,-3.36318,7.18264
119.27000,-3.51477,7.30119
119.28000,-3.55044,7.12125
119.29000,-3.39808,7.12734
119.30000,-3.18882,7.08863
119.31000,-3.14344,7.42871
119.32000,-3.46361,7.23862
119.33000,-3.57083,7.56085
119.34000,-3.27103,7.38629
119.35000,-2.77155,7.45755
119.36000,-3.06805,7.35954
119.37000,-3.02375,7.29212
119.38000,-2.85912,7.47467
119.39000,-3.14928,7.32982
119.40000,-2.57677,7.71939
119.41000,-2.81374,7.58242
119.42000,-2.69995,7.46228
119.43000,-2.86130,7.50999
119.44000,-2.76881,7.43591
119.45000,-2.56851,7.52265
119.46000,-2.82818,7.63596
119.47000,-2.36312,7.96280
119.48000,-2.01018,7.55390
119.49000,-2.13920,7.37020
119.50000,-2.61497,7.73571
119.51000,-2.61640,7.68199
119.52000,-2.42010,7.77941
119.53000,-1.92878,7.44479
119.54000,-2.28989,7.72998
119.55000,-1.89135,7.69227
119.56000,-2.19846,7.40734
119.57000,-1.88221,7.64898
119.58000,-2.04289,7.81145
119.59000,-1.99024,7.60582
119.60000,-2.00132,7.99659
119.61000,-2.23267,7.80053
119.62000,-1.91598,7.74062
119.63000,-1.64845,7.86389
119.64000,-1.93530,7.88648
119.65000,-2.10082,7.65417
119.66000,-1.52630,7.59051
119.67000,-1.60982,7.76798
119.68000,-1.49189,7.97417
119.69000,-1.37018,7.89857
119.70000,-1.48819,7.76147
119.71000,-1.30873,7.84478
119.72000,-1.35881,7.60054
119.73000,-1.37555,7.94412
119.74000,-1.06252,7.83355
119.75000,-1.21042,7.86347
119.76000,-1.02538,7.87027
119.77000,-1.26631,7.80224
119.78000,-1.19561,7.77812
119.79000,-0.68325,8.16477
119.80000,-1.30176,8.02919
119.81000,-0.86736,7.86931
119.82000,-0.81273,7.71121
119.83000,-0.74797,7.87195
119.84000,-0.95619,8.05910
119.85000,-0.52285,7.90445
119.86000,-0.63682,7.69477
119.87000,-0.57078,7.88939
119.88000,-0.77290,7.83367
119.89000,-0.48908,7.88549
119.90000,-0.44351,7.90792
119.91000,-0.57327,8.21081
119.92000,-0.31583,8.00266
119.93000,-0.16819,7.96270
119.94000,-0.36004,7.97341
119.95000,-0.11306,8.23341
119.96000,-0.41784,8.18738
119.97000,-0.09422,7.82411
119.98000,-0.40558,8.04861
119.99000,-0.13872,8.42248
120.00000,-0.31292,8.08275
120.01000,0.30737,7.91688
120.02000,0.34545,8.22626
120.03000,0.29736,7.75458
120.04000,0.73081,8.12231
120.05000,0.14303,8.15056
120.06000,0.26472,8.04584
120.07000,0.56597,8.06550
120.08000,0.34670,7.89851
120.09000,0.38018,7.57570
120.10000,0.45137,8.13449
120.11000,0.51190,8.16488
120.12000,1.00651,7.87202
120.13000,0.72406,8.05024
120.14000,1.04069,8.25056
120.15000,0.63127,8.11530
120.16000,0.53011,7.82407
120.17000,0.84380,7.98671
120.18000,0.85669,8.33718
120.19000,1.06630,7.86631
120.20000,1.00617,8.28885
120.21000,1.26529,7.61157
120.22000,0.83056,7.80668
120.23000,1.15400,8.04809
120.24000,1.12184,7.89113
120.25000,1.25471,7.66680
120.26000,1.26217,7.86594
120.27000,1.43305,8.05741
120.28000,1.22947,7.79351
120.29000,1.45794,7.96036
120.30000,1.52571,8.06621
120.31000,1.57354,8.07702
120.32000,1.44820,7.68273
120.33000,1.56869,7.69962
120.34000,1.70864,7.82293
120.35000,1.74026,7.81164
120.36000,1.66255,7.73697
120.37000,1.68504,7.75757
120.38000,1.92603,7.57529
120.39000,2.24894,7.69303
120.40000,1.83170,8.00981
120.41000,2.05064,7.77108
120.42000,2.17378,7.93596
120.43000,2.08021,7.48648
120.44000,2.37522,7.75885
120.45000,2.26640,7.69856
120.46000,2.18088,7.91743
120.47000,2.19744,7.73650
120.48000,2.45762,7.34368
120.49000,2.30179,7.69594
120.50000,2.31016,7.77867
120.51000,2.46928,7.37948
120.52000,2.63696,7.38911
120.53000,2.41799,7.64325
120.54000,2.41604,7.57485
120.55000,2.56085,7.35447
120.56000,2.69983,7.45561
120.57000,2.84851,7.48018
120.58000,2.74524,7.08595
120.59000,2.48048,7.37207
120.60000,3.36140,7.26501
120.61000,2.92217,7.34608
120.62000,2.71873,7.29736
120.63000,3.18509,7.13536
120.64000,3.34391,7.59608
120.65000,3.28630,7.65445
120.66000,3.44007,6.76316
120.67000,3.35963,7.55567
120.68000,3.26670,6.99805
120.69000,3.39852,7.52389
120.70000,3.22489,7.33374
120.71000,3.51622,7.22603
120.72000,3.35913,7.02440
120.73000,3.49753,7.08365
120.74000,3.96209,6.98675
120.75000,3.65795,7.23915
120.76000,3.47933,7.15982
120.77000,3.72589,6.88858
120.78000,3.59183,7.21439
120.79000,3.62987,6.76491
120.80000,3.90471,7.21380
120.81000,4.05708,7.14645
120.82000,3.95302,6.95852
120.83000,3.78472,6.97985
120.84000,4.01846,6.62260
120.85000,4.08301,6.91072
120.86000,3.98880,6.97583
120.87000,4.07481,6.80248
120.88000,4.04610,6.83829
120.89000,4.29989,6.89556
120.90000,4.12153,6.33609
120.91000,4.06840,6.64840
120.92000,4.39088,6.77531
120.93000,4.27604,6.66808
120.94000,4.23928,7.06585
120.95000,4.24517,6.54120
120.96000,4.36272,6.39789
120.97000,4.92917,6.61445
120.98000,4.58643,6.21243
120.99000,4.66486,6.29586
121.00000,5.03141,6.30745
121.01000,5.08666,6.38611
121.02000,4.79695,6.61193
121.03000,4.74054,6.46873
121.04000,5.01392,6.28361
121.05000,4.88125,5.97689
121.06000,5.15610,6.37556
121.07000,5.21154,6.10726
121.08000,4.91919,6.27203
121.09000,5.47813,6.20789
121.10000,4.80382,6.17987
121.11000,5.47123,6.08760
121.12000,4.91024,6.02131
121.13000,5.08468,5.81958
121.14000,5.05673,5.98887
121.15000,5.28358,6.15474
121.16000,5.74739,5.74082
121.17000,5.50814,6.02266
121.18000,5.65407,6.06838
121.19000,5.35736,5.85426
121.20000,5.35608,5.95811
121.21000,5.63770,5.83864
121.22000,5.43296,5.92581
121.23000,5.75699,5.71172
121.24000,5.74866,5.53505
121.25000,5.69850,5.70737
121.26000,5.85842,5.81928
121.27000,5.96448,5.58242
121.28000,5.80011,5.73285
121.29000,5.90072,5.49438
121.30000,5.62702,5.48096
121.31000,5.87192,5.82509
121.32000,5.98603,5.25231
121.33000,6.20607,5.28043
121.34000,6.08189,5.54349
121.35000,5.91336,5.13060
121.36000,6.22244,5.19744
121.37000,5.76705,5.43518
121.38000,5.99924,5.12662
121.39000,6.10977,5.36199
121.40000,6.12050,5.34960
121.41000,6.39469,5.08884
121.42000,6.42659,4.63971
121.43000,6.11793,4.86333
121.44000,6.18911,4.82624
121.45000,6.48312,4.54221
121.46000,6.57410,4.79861
121.47000,6.66441,4.62992
121.48000,6.19566,4.66887
121.49000,6.64205,4.32350
121.50000,6.45968,4.52211
121.51000,6.72930,4.55630
121.52000,6.50346,4.82128
121.53000,6.51796,4.33237
121.54000,6.94947,4.44351
121.55000,6.50172,4.21253
121.56000,6.56411,4.49875
121.57000,6.68463,4.40833
121.58000,6.68708,4.78577
121.59000,6.72123,4.59938
121.60000,6.61717,4.56343
121.61000,6.49886,4.25213
121.62000,7.20711,4.13795
121.63000,7.02698,4.11233
121.64000,6.69565,4.34848
121.65000,6.84691,4.22464
121.66000,6.94115,3.84224
121.67000,7.14555,4.07414
121.68000,7.09774,4.21674
121.69000,6.87846,4.03966
121.70000,6.99850,3.92328
121.71000,7.04536,3.74232
121.72000,6.95974,3.67569
121.73000,6.93433,3.61083
121.74000,7.07396,3.49311
121.75000,7.03214,3.58154
121.76000,7.37608,3.43551
121.77000,7.24500,3.67558
121.78000,7.25692,3.55318
121.79000,7.32526,3.24640
121.80000,7.18873,3.47542
121.81000,7.12376,3.54029
121.82000,7.11019,3.22209
121.83000,7.39062,3.09028
121.84000,7.40880,3.26105
121.85000,7.42955,3.19516
121.86000,7.52441,3.17729
121.87000,7.38223,3.00390
121.88000,7.74084,3.17171
121.89000,7.26340,2.81705
121.90000,7.16603,3.25809
121.91000,7.42307,2.96920
121.92000,8.04291,3.13117
121.93000,7.59755,2.86894
121.94000,7.75571,2.92146
121.95000,7.41677,2.66950
121.96000,7.61194,2.77096
121.97000,7.67592,2.48523
121.98000,7.64478,2.79463
121.99000,7.91169,2.89877
122.00000,7.89428,2.67185
122.01000,7.46646,2.31467
122.02000,7.70842,2.52926
122.03000,7.62625,2.42252
122.04000,7.41431,2.30658
122.05000,7.71445,1.83944
122.06000,7.60323,2.18645
122.07000,7.71449,2.15237
122.08000,7.40876,2.21697
122.09000,7.53720,2.29627
122.10000,7.77979,2.16653
122.11000,7.88425,2.16207
122.12000,7.73838,1.88742
122.13000,7.86011,1.61951
122.14000,8.17623,2.09959
122.15000,7.65720,1.95304
122.16000,7.93513,2.05576
122.17000,7.81302,1.66143
122.18000,8.10973,1.89395
122.19000,8.06154,1.55040
122.20000,7.89348,1.27796
122.21000,7.69757,1.61565
122.22000,7.56642,1.42261
122.23000,7.95763,1.44160
122.24000,7.95690,1.43430
122.25000,8.12508,0.99957
122.26000,7.94857,1.06810
122.27000,7.82467,1.49327
122.28000,8.02159,1.27672
122.29000,7.77788,1.29049
122.30000,8.29787,0.68489
122.31000,7.67476,0.91318
122.32000,7.97412,0.83020
122.33000,8.09446,0.75607
122.34000,8.40662,0.84860
122.35000,8.09935,0.95041
122.36000,7.72964,0.76166
122.37000,7.88637,0.44518
122.38000,8.15365,0.35613
122.39000,7.80267,0.48350
122.40000,7.76558,0.31304
122.41000,8.16204,0.59323
122.42000,8.09442,0.26917
122.43000,7.84217,0.39864
122.44000,8.03159,0.29276
122.45000,8.08262,0.20459
122.46000,8.10858,0.20232
122.47000,8.13046,-0.07259
122.48000,8.06560,0.31999
122.49000,7.78089,0.30809
122.50000,7.91079,0.18324
122.51000,8.10513,-0.18129
122.52000,8.07147,-0.04297
122.53000,7.97415,-0.10950
122.54000,8.07092,-0.17514
122.55000,8.00732,-0.46536
122.56000,8.12274,-0.27498
122.57000,7.97276,-0.12802
122.58000,7.93441,-0.20949
122.59000,7.75759,-0.67243
122.60000,7.94061,-0.86186
122.61000,8.01058,-0.17869
122.62000,8.07590,-0.56820
122.63000,7.95505,-0.31731
122.64000,7.86694,-0.61872
122.65000,8.18657,-0.65880
122.66000,7.73389,-1.11197
122.67000,7.99634,-0.62598
122.68000,7.75123,-1.11571
122.69000,7.67799,-1.05725
122.70000,7.88113,-1.12980
122.71000,8.04873,-0.95172
122.72000,7.66469,-1.01359
122.73000,7.91104,-1.12739
122.74000,8.34540,-1.16838
122.75000,7.88695,-1.27192
122.76000,8.02759,-1.56081
122.77000,7.86151,-1.29597
122.78000,7.60848,-1.39353
122.79000,8.20969,-1.32170
122.80000,7.68033,-1.36498
122.81000,7.99469,-1.65027
122.82000,7.61046,-1.73290
122.83000,8.05073,-1.53201
122.84000,8.03785,-1.54660
122.85000,7.59593,-1.44271
122.86000,7.88278,-1.80763
122.87000,8.00246,-2.18129
122.88000,7.74075,-1.78624
122.89000,7.71051,-1.90038
122.90000,7.73728,-2.20153
122.91000,7.74107,-2.12889
122.92000,7.57570,-2.24874
122.93000,7.56151,-2.39913
122.94000,7.57057,-1.85557
122.95000,7.85198,-2.27917
122.96000,7.73880,-2.28781
122.97000,7.77596,-2.18003
122.98000,7.59668,-2.30279
122.99000,7.93453,-2.21426
123.00000,7.49123,-2.26306
123.01000,7.61047,-2.55267
123.02000,7.43758,-2.53197
123.03000,7.66623,-2.65819
123.04000,7.44421,-2.54683
123.05000,7.51834,-2.72897
123.06000,7.15042,-2.94945
123.07000,7.66431,-3.09026
123.08000,7.46680,-2.99406
123.09000,7.48389,-2.80044
123.10000,7.48658,-2.89922
123.11000,7.78040,-3.15314
123.12000,7.06584,-3.25111
123.13000,7.43060,-3.00911
123.14000,7.27324,-3.25361
123.15000,7.31076,-3.23412
123.16000,7.22153,-3.07561
123.17000,7.44489,-3.19983
123.18000,7.70665,-3.48605
123.19000,7.21164,-3.48091
123.20000,7.15196,-3.47429
123.21000,7.28338,-3.46217
123.22000,7.01474,-3.73497
123.23000,6.89274,-3.36438
123.24000,7.38046,-3.63521
123.25000,7.26726,-3.42551
123.26000,7.58908,-3.78777
123.27000,6.96746,-3.67636
123.28000,7.02258,-3.53274
123.29000,7.07791,-4.31280
123.30000,6.86327,-4.05970
123.31000,6.94935,-3.86055
123.32000,7.21989,-3.94001
123.33000,7.06370,-4.20361
123.34000,6.98124,-4.20769
123.35000,6.70164,-4.02454
123.36000,6.62994,-3.96398
123.37000,6.92177,-4.24018
123.38000,6.92878,-4.25181
123.39000,6.65253,-4.65005
123.40000,6.78343,-4.26012
123.41000,7.07440,-4.12460
123.42000,6.41960,-4.26220
123.43000,6.41324,-4.39830
123.44000,6.54725,-4.57537
123.45000,6.40956,-4.17194
123.46000,6.31851,-4.61420
123.47000,6.66166,-4.31988
123.48000,6.45112,-4.52869
123.49000,6.34004,-5.05490
123.50000,6.44341,-4.95218
123.51000,6.24223,-4.74629
123.52000,6.68098,-4.83204
123.53000,5.87965,-4.43129
123.54000,6.46378,-4.91104
123.55000,6.45807,-4.86420
123.56000,6.81047,-4.91258
123.57000,6.32748,-4.98546
123.58000,6.30341,-5.07229
123.59000,6.47159,-4.79312
123.60000,6.16348,-4.81773
123.61000,6.35651,-5.10247
123.62000,6.30464,-5.33278
123.63000,6.42314,-5.08732
123.64000,5.86428,-5.60209
123.65000,6.12647,-5.11122
123.66000,6.19261,-5.29937
123.67000,5.83328,-5.42788
123.68000,6.11198,-5.19193
123.69000,5.80993,-5.52177
123.70000,5.63802,-5.53636
123.71000,5.85556,-5.37871
123.72000,5.65742,-5.92687
123.73000,5.66958,-5.47290
123.74000,5.79559,-5.52694
123.75000,5.84951,-5.88251
123.76000,5.69964,-5.60424
123.77000,5.85714,-5.31089
123.78000,5.50653,-5.84853
123.79000,5.43138,-5.85101
123.80000,5.57996,-5.66034
123.81000,5.51341,-5.63488
123.82000,5.27232,-5.91264
123.83000,5.48239,-6.28993
123.84000,5.09973,-5.31964
123.85000,5.58056,-5.88072
123.86000,5.12981,-6.18314
123.87000,4.94415,-5.87822
123.88000,5.14984,-5.95502
123.89000,5.24639,-6.30259
123.90000,4.87603,-5.90666
123.91000,5.00143,-6.47652
123.92000,5.22486,-6.43862
123.93000,5.13198,-6.10776
123.94000,4.61067,-6.30260
123.95000,4.74326,-6.21558
123.96000,4.64820,-6.82666
123.97000,4.91251,-6.42532
123.98000,5.07689,-6.68936
123.99000,4.71674,-6.51675
124.00000,4.69240,-6.61562
124.01000,4.52951,-6.39709
124.02000,4.77146,-6.72787
124.03000,4.74969,-6.49818
124.04000,4.58102,-6.50354
124.05000,4.53481,-6.51900
124.06000,4.53238,-6.78199
124.07000,4.20299,-6.56530
124.08000,4.43486,-6.59330
124.09000,4.36563,-6.88719
124.10000,4.51914,-7.01923
124.11000,4.18203,-6.75862
124.12000,4.15994,-7.18397
124.13000,4.11549,-6.68750
124.14000,3.91680,-6.97922
124.15000,4.18128,-6.72538
124.16000,4.14349,-6.88700
124.17000,4.25821,-7.12489
124.18000,3.70409,-6.78237
124.19000,3.59104,-6.94491
124.20000,3.85949,-7.42720
124.21000,3.94295,-6.64761
124.22000,3.84525,-6.90609
124.23000,3.81383,-7.04711
124.24000,3.33574,-7.11276
124.25000,3.55271,-7.25869
124.26000,3.67051,-6.94496
124.27000,3.54764,-7.45729
124.28000,3.80273,-7.06015
124.29000,3.30959,-7.45837
124.30000,3.14697,-7.30047
124.31000,3.09472,-7.11666
124.32000,3.10164,-7.54991
124.33000,3.41459,-7.12051
124.34000,2.92292,-7.29857
124.35000,2.84675,-7.36888
124.36000,3.14998,-7.08994
124.37000,3.22735,-7.64215
124.38000,2.96825,-7.15942
124.39000,2.92783,-7.49764
124.40000,2.86481,-6.94055
124.41000,3.09605,-7.59935
124.42000,2.94638,-7.32202
124.43000,2.75874,-7.19826
124.44000,2.43475,-7.87031
124.45000,3.03753,-7.49457
124.46000,2.66194,-7.44596
124.47000,2.48876,-7.81031
124.48000,2.01676,-7.49698
124.49000,2.33461,-7.56824
124.50000,2.85069,-8.02651
124.51000,2.46144,-7.76040
124.52000,2.37151,-7.54419
124.53000,2.53134,-7.55000
124.54000,2.39601,-7.54526
124.55000,2.21123,-7.69090
124.56000,2.38190,-7.76350
124.57000,2.03539,-7.78862
124.58000,1.99500,-7.54963
124.59000,1.99977,-7.45782
124.60000,2.04328,-8.29539
124.61000,1.82080,-7.69037
124.62000,1.57314,-7.81317
124.63000,1.89770,-7.98824
124.64000,1.59794,-7.71588
124.65000,1.76557,-8.00047
124.66000,1.67915,-7.81320
124.67000,1.70381,-7.75748
124.68000,1.40164,-7.76627
124.69000,1.44553,-7.76445
124.70000,1.16134,-7.89404
124.71000,1.26035,-7.88999
124.72000,1.30005,-7.95317
124.73000,1.19595,-8.01591
124.74000,1.44399,-8.04258
124.75000,1.05455,-8.12147
124.76000,1.29094,-8.04900
124.77000,1.27058,-8.00426
124.78000,1.11534,-7.85742
124.79000,1.13675,-7.79584
124.80000,1.41451,-8.07898
124.81000,0.77520,-8.46328
124.82000,0.96678,-8.11102
124.83000,0.81745,-7.69625
124.84000,0.84320,-7.86024
124.85000,0.59423,-7.96865
124.86000,0.68021,-8.27113
124.87000,0.45540,-8.17538
124.88000,0.56753,-8.13417
124.89000,1.00298,-7.96941
124.90000,0.10677,-7.73693
124.91000,0.51330,-8.13119
124.92000,0.19142,-8.04980
124.93000,0.69888,-8.16470
124.94000,0.49998,-7.84194
124.95000,0.05620,-8.39158
124.96000,0.08964,-7.65282
124.97000,0.18206,-8.42030
124.98000,-0.23629,-7.94759
124.99000,-0.16446,-8.07219
125.00000,0.40322,-7.87231
125.01000,-0.06951,-8.11002
125.02000,-0.32936,-8.12668
125.03000,-0.30406,-8.19851
125.04000,-0.12374,-8.08803
125.05000,-0.14715,-7.91526
125.06000,-0.11295,-8.02217
125.07000,-0.04378,-7.86277
125.08000,-0.09234,-8.22238
125.09000,-0.32879,-7.91086
125.10000,-0.77719,-7.89386
125.11000,-0.73963,-7.72201
125.12000,-0.66493,-8.12940
125.13000,-0.79442,-7.75963
125.14000,-0.78733,-7.94995
125.15000,-0.69857,-7.99714
125.16000,-0.47402,-7.77630
125.17000,-1.06004,-8.17710
125.18000,-1.26798,-7.47941
125.19000,-0.91236,-8.04272
125.20000,-1.11198,-7.87132
125.21000,-0.90729,-7.97820
125.22000,-1.17150,-8.21369
125.23000,-1.21438,-7.62412
125.24000,-1.21125,-7.53806
125.25000,-1.20477,-8.25151
125.26000,-1.36851,-7.73249
125.27000,-1.15626,-7.82982
125.28000,-1.18193,-7.70829
125.29000,-1.53500,-7.71437
125.30000,-1.11778,-8.08093
125.31000,-1.37070,-7.87636
125.32000,-1.76948,-8.33060
125.33000,-1.85066,-7.91807
125.34000,-1.35197,-7.52781
125.35000,-1.87238,-7.92387
125.36000,-1.79892,-7.65640
125.37000,-1.78584,-7.58475
125.38000,-1.87041,-7.62006
125.39000,-1.77274,-7.56955
125.40000,-1.78961,-7.57504
125.41000,-2.11794,-7.84501
125.42000,-1.84952,-7.54071
125.43000,-2.41412,-7.64975
125.44000,-2.19847,-7.25554
125.45000,-2.62926,-7.78943
125.46000,-2.31988,-7.39199
125.47000,-2.44775,-7.65022
125.48000,-2.53463,-7.58210
125.49000,-2.57868,-7.53111
125.50000,-2.46709,-7.58867
125.51000,-2.71389,-7.39451
125.52000,-2.82635,-7.78260
125.53000,-2.53438,-7.69377
125.54000,-2.89202,-7.54745
125.55000,-2.78816,-7.57928
125.56000,-2.93597,-7.57948
125.57000,-2.71134,-7.41501
125.58000,-2.96043,-7.61530
125.59000,-2.60517,-7.57815
125.60000,-2.97157,-7.66520
125.61000,-3.20233,-7.62052
125.62000,-3.09527,-7.33431
125.63000,-3.22995,-7.31106
125.64000,-3.13130,-7.33144
125.65000,-3.10599,-7.11129
125.66000,-3.31693,-7.10100
125.67000,-3.42353,-7.17149
125.68000,-3.26357,-7.40315
125.69000,-3.33637,-7.18464
125.70000,-3.24974,-7.34502
125.71000,-3.71003,-7.07082
125.72000,-3.41608,-7.36386
125.73000,-3.73803,-7.19306
125.74000,-3.95774,-7.09643
125.75000,-3.39897,-7.28245
125.76000,-3.65573,-6.90987
125.77000,-3.61030,-7.35476
125.78000,-3.95436,-7.41078
125.79000,-3.66705,-7.28097
125.80000,-3.90263,-7.17321
125.81000,-3.97369,-6.83371
125.82000,-4.37698,-7.12678
125.83000,-3.93681,-6.93831
125.84000,-3.92997,-6.80215
125.85000,-3.96205,-6.69261
125.86000,-4.06376,-7.00319
125.87000,-4.54630,-6.65744
125.88000,-3.89371,-6.92655
125.89000,-4.24617,-6.86770
125.90000,-4.45834,-6.77382
125.91000,-4.37630,-6.67796
125.92000,-4.44025,-6.59493
125.93000,-4.76987,-6.62211
125.94000,-4.45775,-6.52424
125.95000,-4.36170,-6.69981
125.96000,-4.85518,-6.83748
125.97000,-4.36316,-6.62186
125.98000,-4.45620,-6.34953
125.99000,-4.69095,-6.71829
126.00000,-4.46645,-6.58241
126.01000,-4.53742,-6.37603
126.02000,-4.74040,-6.33023
126.03000,-4.68648,-6.41333
126.04000,-4.88240,-6.43974
126.05000,-4.83883,-6.25677
126.06000,-5.05769,-6.40375
126.07000,-5.01990,-6.30580
126.08000,-4.99098,-5.96231
126.09000,-4.78135,-6.38930
126.10000,-5.28380,-6.20922
126.11000,-5.25328,-5.97677
126.12000,-5.17814,-6.04797
126.13000,-5.13863,-6.04895
126.14000,-5.26538,-6.00899
126.15000,-5.23718,-5.97540
126.16000,-5.34215,-5.95127
126.17000,-5.23738,-5.87479
126.18000,-5.71197,-6.08348
126.19000,-5.30335,-5.97910
126.20000,-5.37594,-5.76515
126.21000,-5.36545,-6.00346
126.22000,-5.79529,-5.71540
126.23000,-5.62962,-5.60544
126.24000,-5.76659,-5.70417
126.25000,-5.29098,-5.48187
126.26000,-5.67524,-5.90201
126.27000,-5.53681,-5.72966
126.28000,-5.55058,-5.52632
126.29000,-5.88380,-5.63914
126.30000,-5.89217,-5.71001
126.31000,-5.52109,-5.63012
126.32000,-5.84446,-5.70257
126.33000,-5.85782,-5.35250
126.34000,-6.21169,-5.41894
126.35000,-6.03715,-5.18370
126.36000,-6.11845,-5.27126
126.37000,-6.00914,-4.81882
126.38000,-5.85539,-5.26150
126.39000,-5.93896,-5.26231
126.40000,-6.03418,-5.31381
126.41000,-6.04225,-4.83794
126.42000,-5.98682,-5.15777
126.43000,-6.11622,-4.92114
126.44000,-6.26934,-4.86257
126.45000,-6.47746,-4.81489
126.46000,-6.42049,-4.83023
126.47000,-6.24654,-4.87579
126.48000,-6.39516,-4.69652
126.49000,-6.21880,-4.63525
126.50000,-6.57803,-4.73205
126.51000,-6.39105,-4.81754
126.52000,-6.46745,-4.52419
126.53000,-6.62586,-4.35532
126.54000,-6.37245,-4.73542
126.55000,-6.37526,-4.56719
126.56000,-6.61515,-4.64700
126.57000,-6.75838,-4.59754
126.58000,-6.64533,-4.47279
126.59000,-6.70958,-4.39397
126.60000,-6.75521,-4.47932
126.61000,-6.98832,-4.25170
126.62000,-6.72122,-4.09902
126.63000,-6.57028,-4.02660
126.64000,-7.01342,-4.11608
126.65000,-6.72430,-4.49864
126.66000,-6.71584,-4.27735
126.67000,-6.91977,-3.84506
126.68000,-7.00499,-4.05995
126.69000,-7.05337,-3.55336
126.70000,-6.93938,-3.85271
126.71000,-7.11796,-4.08247
126.72000,-7.07136,-3.61686
126.73000,-6.78209,-3.66822
126.74000,-7.20821,-4.03898
126.75000,-7.00406,-3.58466
126.76000,-7.52191,-3.72402
126.77000,-7.23852,-3.33374
126.78000,-7.11109,-3.87335
126.79000,-6.89198,-3.34727
126.80000,-7.31344,-3.09221
126.81000,-7.25333,-3.48080
126.82000,-7.33968,-3.58519
126.83000,-7.45441,-3.36146
126.84000,-7.20027,-2.89697
126.85000,-7.20710,-2.89596
126.86000,-7.13670,-3.22950
126.87000,-7.27107,-3.30176
126.88000,-7.48626,-3.12473
126.89000,-7.08758,-2.75133
126.90000,-7.55500,-3.25613
126.91000,-7.39433,-2.91083
126.92000,-7.34509,-2.87569
126.93000,-6.99998,-2.81301
126.94000,-7.56524,-2.71631
126.95000,-7.48058,-2.60535
126.96000,-7.46999,-2.77808
126.97000,-7.59791,-2.78432
126.98000,-7.63207,-2.44713
126.99000,-7.67397,-2.47489
127.00000,-7.79714,-2.34079
127.01000,-7.90732,-2.50927
127.02000,-7.49999,-2.54954
127.03000,-7.67627,-2.46201
127.04000,-7.52427,-2.31466
127.05000,-7.84190,-2.23195
127.06000,-7.62271,-2.13753
127.07000,-7.56124,-2.12770
127.08000,-7.92218,-1.97427
127.09000,-7.30838,-2.14965
127.10000,-7.51139,-1.90303
127.11000,-7.67162,-2.17181
127.12000,-8.06456,-2.01061
127.13000,-7.72394,-1.89605
127.14000,-7.96739,-1.65907
127.15000,-8.04556,-1.57277
127.16000,-7.93579,-1.93694
127.17000,-7.68320,-1.66716
127.18000,-7.43252,-1.46375
127.19000,-7.93736,-1.98290
127.20000,-8.16057,-1.63529
127.21000,-7.67376,-1.44786
127.22000,-7.96745,-1.65238
127.23000,-7.76976,-1.23598
127.24000,-7.77556,-1.17366
127.25000,-8.01607,-0.92777
127.26000,-7.78794,-0.88250
127.27000,-7.96112,-1.00565
127.28000,-7.76317,-1.13430
127.29000,-7.99927,-0.98427
127.30000,-8.09342,-1.19124
127.31000,-8.00306,-0.86715
127.32000,-7.69502,-0.73905
127.33000,-8.16042,-0.98260
127.34000,-7.79049,-0.69792
127.35000,-7.75012,-0.68478
127.36000,-7.86070,-0.50790
127.37000,-7.99625,-0.65826
127.38000,-7.78761,-0.78002
127.39000,-7.96414,-0.53262
127.40000,-8.32868,-0.64049
127.41000,-7.85559,-0.56221
127.42000,-7.94033,-0.59148
127.43000,-7.86180,-0.29955
127.44000,-7.69299,-0.18212
127.45000,-8.16713,-0.19714
127.46000,-8.27025,-0.13024
127.47000,-7.58660,-0.02073
127.48000,-8.04821,-0.05188
127.49000,-7.97115,-0.11717
127.50000,-7.78349,0.26225
127.51000,-7.96834,-0.44786
127.52000,-8.04040,0.21091
127.53000,-7.85703,0.15569
127.54000,-8.06799,0.14614
127.55000,-8.14708,0.03579
127.56000,-7.86516,0.45074
127.57000,-8.05972,0.00107
127.58000,-7.79539,0.52346
127.59000,-8.21853,0.55340
127.60000,-8.09590,0.58175
127.61000,-7.82595,0.28323
127.62000,-8.07904,0.62357
127.63000,-8.04744,0.80522
127.64000,-7.86244,0.82637
127.65000,-7.89497,0.88084
127.66000,-7.60034,0.72318
127.67000,-8.07903,0.74137
127.68000,-8.13635,1.24808
127.69000,-8.26816,0.69736
127.70000,-7.98623,0.60558
127.71000,-8.19340,1.13414
127.72000,-7.92992,1.46883
127.73000,-7.91329,1.00739
127.74000,-8.10311,1.19287
127.75000,-7.99338,1.13361
127.76000,-7.93932,1.25790
127.77000,-7.47922,1.39425
127.78000,-7.82643,1.50915
127.79000,-7.49889,1.34504
127.80000,-7.85406,1.54287
127.81000,-7.78411,1.73256
127.82000,-7.77855,1.83860
127.83000,-7.57511,1.54762
127.84000,-7.50732,1.64243
127.85000,-7.89122,1.99429
127.86000,-7.64812,2.04367
127.87000,-7.91616,2.07218
127.88000,-7.81730,1.70190
127.89000,-7.86798,1.79959
127.90000,-7.70620,1.86619
127.91000,-7.64017,1.88145
127.92000,-7.96454,1.95704
127.93000,-7.54284,1.98249
127.94000,-7.56440,2.13972
127.95000,-7.78476,2.20098
127.96000,-7.54125,2.57803
127.97000,-7.80837,2.31686
127.98000,-7.36744,2.69059
127.99000,-7.79352,2.42305
128.00000,-7.81774,2.43733
128.01000,-7.63825,2.50423
128.02000,-7.56235,2.41491
128.03000,-7.54085,2.77342
128.04000,-7.55831,2.43230
128.05000,-7.82607,2.71863
128.06000,-7.57046,2.87875
128.07000,-7.39327,2.61700
128.08000,-7.54694,3.03774
128.09000,-7.77705,2.85605
128.10000,-7.61798,2.54342
128.11000,-7.13772,3.07997
128.12000,-7.53550,3.07547
128.13000,-7.54595,3.28521
128.14000,-7.48037,3.12853
128.15000,-7.38695,3.22382
128.16000,-7.13673,3.01659
128.17000,-7.10201,3.02875
128.18000,-7.16612,3.35360
128.19000,-7.18857,3.48721
128.20000,-7.19709,3.34255
128.21000,-7.16917,3.45484
128.22000,-7.10897,3.50420
128.23000,-7.58493,3.53416
128.24000,-7.06086,3.47587
128.25000,-7.27201,3.96640
128.26000,-7.03390,3.36132
128.27000,-7.23821,3.62153
128.28000,-6.91497,3.70325
128.29000,-7.04833,3.97620
128.30000,-7.10954,3.80986
128.31000,-7.02076,3.90257
128.32000,-6.99182,4.09350
128.33000,-6.83484,4.08144
128.34000,-7.10456,3.86031
128.35000,-6.69914,3.87136
128.36000,-6.93067,4.08551
128.37000,-6.77788,4.27283
128.38000,-6.77136,4.04780
128.39000,-6.82582,4.09288
128.40000,-6.80606,4.14154
128.41000,-6.56244,4.28054
128.42000,-6.62009,4.53363
128.43000,-6.35579,4.32269
128.44000,-6.69549,4.55731
128.45000,-6.60467,4.20431
128.46000,-6.46847,4.41460
128.47000,-6.28501,4.65720
128.48000,-6.56936,4.73289
128.49000,-6.51116,4.91261
128.50000,-6.46084,4.87064
128.51000,-6.40929,4.88453
128.52000,-6.27205,4.70746
128.53000,-6.71029,4.71946
128.54000,-6.19448,4.93080
128.55000,-6.57348,4.73872
128.56000,-6.62026,5.15321
128.57000,-6.07810,5.04372
128.58000,-6.07306,5.00740
128.59000,-6.55093,5.08260
128.60000,-5.87858,5.09641
128.61000,-6.33635,5.16722
128.62000,-5.90892,5.39524
128.63000,-6.20738,5.31630
128.64000,-5.69273,5.42151
128.65000,-6.19160,5.59210
128.66000,-6.05235,5.29765
128.67000,-6.03056,5.18579
128.68000,-6.15997,5.42964
128.69000,-5.79042,5.21539
128.70000,-5.83552,5.63200
128.71000,-5.58899,5.11842
128.72000,-5.89662,5.70426
128.73000,-5.94438,5.56095
128.74000,-5.71959,5.44772
128.75000,-5.39686,5.89310
128.76000,-5.45801,5.18612
128.77000,-5.37834,5.77849
128.78000,-5.78004,5.87457
128.79000,-5.39692,5.71156
128.80000,-5.35099,6.07841
128.81000,-5.19230,5.72245
128.82000,-5.35646,5.91088
128.83000,-5.19565,6.28824
128.84000,-5.13457,5.47437
128.85000,-5.46060,6.32734
128.86000,-5.18631,6.40591
128.87000,-5.45825,6.10954
128.88000,-5.22035,6.25480
128.89000,-5.10643,6.24596
128.90000,-4.90279,6.17487
128.91000,-5.21985,6.07772
128.92000,-4.80183,6.18034
128.93000,-4.65473,6.38771
128.94000,-5.07313,6.29864
128.95000,-4.76864,6.23496
128.96000,-4.68192,6.58948
128.97000,-4.81947,6.39003
128.98000,-4.90431,6.60939
128.99000,-4.97948,6.84588
129.00000,-4.90931,6.49998
129.01000,-4.59641,6.46172
129.02000,-4.47668,6.46314
129.03000,-4.34527,6.17230
129.04000,-4.61376,6.37712
129.05000,-4.42058,6.70078
129.06000,-4.43647,6.65451
129.07000,-4.25024,6.75656
129.08000,-4.40867,6.93448
129.09000,-3.97340,6.89669
129.10000,-4.08612,6.83076
129.11000,-3.99107,6.62553
129.12000,-4.38309,6.61727
129.13000,-4.34279,6.70881
129.14000,-4.34131,6.74909
129.15000,-3.94488,6.66355
129.16000,-4.05773,6.73802
129.17000,-4.14906,6.61210
129.18000,-4.12526,6.92239
129.19000,-4.01441,6.47026
129.20000,-4.10257,6.81927
129.21000,-3.77399,7.05090
129.22000,-3.80282,7.12417
129.23000,-3.48534,7.36890
129.24000,-3.73624,6.88556
129.25000,-3.48967,7.02384
129.26000,-3.64087,7.34788
129.27000,-3.66815,6.92554
129.28000,-3.23347,7.38159
129.29000,-3.31343,7.27342
129.30000,-3.19214,7.29646
129.31000,-3.35515,7.36688
129.32000,-3.36850,7.22051
129.33000,-3.51572,7.65809
129.34000,-3.24132,7.45302
129.35000,-3.78995,7.41885
129.36000,-3.12543,7.28890
129.37000,-3.33798,6.91633
129.38000,-2.96730,7.32686
129.39000,-3.06726,7.77343
129.40000,-3.43622,7.42542
129.41000,-2.51254,7.30808
129.42000,-2.61809,7.67021
129.43000,-2.82966,7.39567
129.44000,-2.69085,7.63140
129.45000,-2.21293,7.46175
129.46000,-2.25769,7.44768
129.47000,-2.66236,7.59428
129.48000,-2.66952,7.60297
129.49000,-2.64619,7.78909
129.50000,-2.32751,7.72197
129.51000,-2.33614,7.63491
129.52000,-2.53777,7.61064
129.53000,-1.97165,7.89275
129.54000,-2.53114,7.55925
129.55000,-2.27492,7.12270
129.56000,-2.16627,7.66450
129.57000,-2.03889,8.06995
129.58000,-2.00611,7.61397
129.59000,-1.77839,7.64535
129.60000,-2.17264,7.68755
129.61000,-2.00469,7.57833
129.62000,-2.07790,7.94766
129.63000,-1.69161,8.05276
129.64000,-1.94236,7.79329
129.65000,-1.55317,7.49691
129.66000,-1.35044,7.73260
129.67000,-1.68125,7.80152
129.68000,-1.36508,7.89503
129.69000,-1.63701,8.22832
129.70000,-1.50792,8.04555
129.71000,-1.29805,7.69743
129.72000,-1.31631,8.24376
129.73000,-1.49348,8.04824
129.74000,-1.10967,7.79087
129.75000,-1.41847,7.73112
129.76000,-1.33733,7.94304
129.77000,-1.45403,7.51588
129.78000,-0.89344,8.12120
129.79000,-1.08875,7.97224
129.80000,-0.73300,7.98711
129.81000,-0.88533,7.83733
129.82000,-1.03867,7.83794
129.83000,-0.89460,7.84419
129.84000,-0.52483,7.82526
129.85000,-0.58984,8.10548
129.86000,-0.94710,8.06537
129.87000,-0.82885,7.70106
129.88000,-0.75921,8.18292
129.89000,-0.29978,8.26922
129.90000,-0.64594,8.33275
129.91000,-0.31457,7.84955
129.92000,-0.63631,8.06941
129.93000,-0.34735,8.03202
129.94000,-0.29757,7.94648
129.95000,-0.39875,8.27531
129.96000,0.02661,8.18459
129.97000,0.10704,8.09296
129.98000,-0.13566,8.05133
129.99000,0.01109,8.04590
130.00000,-0.00758,8.23853
130.01000,0.01353,7.90293
130.02000,0.20558,7.87896
130.03000,0.16200,8.09845
130.04000,-0.01251,8.15976
130.05000,0.37501,7.94124
130.06000,0.55679,7.81120
130.07000,0.46399,8.22162
130.08000,0.34264,7.68339
130.09000,0.79648,7.97975
130.10000,0.08726,8.03573
130.11000,0.36692,8.10235
130.12000,0.57278,8.18906
130.13000,0.43926,8.13498
130.14000,0.44136,7.90524
130.15000,0.58437,7.91625
130.16000,0.45102,8.19712
130.17000,0.63888,7.89137
130.18000,0.85522,8.25701
130.19000,0.84077,8.07625
130.20000,1.17125,8.11669
130.21000,1.03614,8.16639
130.22000,0.96375,8.06172
130.23000,1.20339,7.67123
130.24000,1.10139,8.12149
130.25000,1.23013,8.02505
130.26000,1.35342,7.72647
130.27000,1.63376,7.85359
130.28000,1.38293,7.54385
130.29000,1.59409,7.78311
130.30000,1.56658,8.09625
130.31000,1.36484,7.89781
130.32000,1.52083,7.77266
130.33000,1.65070,7.55393
130.34000,1.57918,7.90049
130.35000,1.90887,7.71162
130.36000,1.95930,7.61593
130.37000,1.76441,7.74662
130.38000,1.77959,7.71734
130.39000,1.79118,7.54385
130.40000,1.91355,8.03987
130.41000,2.13171,7.41555
130.42000,2.01727,7.96609
130.43000,2.52397,7.73457
130.44000,2.51617,7.67394
130.45000,2.44016,7.77993
130.46000,2.16522,7.45820
130.47000,2.61732,7.61422
130.48000,2.36143,7.56499
130.49000,2.52589,7.92062
130.50000,2.64921,7.49799
130.51000,2.34382,7.37217
130.52000,2.53549,7.45973
130.53000,2.47114,7.86642
130.54000,2.75089,7.44005
130.55000,2.71795,7.29456
130.56000,2.93890,7.11867
130.57000,2.80816,7.60487
130.58000,2.81992,7.54295
130.59000,3.12098,7.39944
130.60000,2.94356,7.61047
130.61000,2.73703,7.20823
130.62000,3.04145,7.18504
130.63000,2.87935,6.90269
130.64000,3.01268,7.12119
130.65000,3.15179,7.22516
130.66000,3.28577,7.49657
130.67000,3.38328,7.30136
130.68000,3.33911,7.45894
130.69000,3.28291,7.30298
130.70000,3.41594,7.43230
130.71000,3.21144,7.43117
130.72000,3.75219,7.36609
130.73000,3.49064,6.95653
130.74000,3.90381,7.36183
130.75000,3.74244,7.26308
130.76000,3.57975,6.90872
130.77000,3.53960,7.14052
130.78000,4.01847,6.80277
130.79000,3.74448,7.13048
130.80000,3.70737,7.13561
130.81000,4.12096,6.57347
130.82000,3.91802,6.92240
130.83000,3.89050,6.97223
130.84000,4.04715,6.91565
130.85000,4.06144,6.92781
130.86000,4.19754,6.93908
130.87000,4.26393,7.01606
130.88000,4.21543,6.74478
130.89000,4.17249,6.77124
130.90000,4.33995,6.97354
130.91000,4.32908,6.48248
130.92000,4.28985,6.93750
130.93000,4.40374,7.22544
130.94000,4.43071,6.40337
130.95000,4.28595,6.65088
130.96000,4.55058,6.53810
130.97000,4.52025,6.64572
130.98000,4.39484,6.35278
130.99000,4.71518,6.75791
131.00000,4.76218,6.53983
131.01000,4.87728,6.35967
131.02000,5.17353,6.27859
131.03000,4.53678,6.23235
131.04000,4.70573,5.98337
131.05000,4.84054,6.14284
131.06000,5.03672,6.21223
131.07000,4.93294,6.47812
131.08000,4.57310,6.31193
131.09000,5.30924,6.16892
131.10000,5.17214,6.16623
131.11000,5.19435,5.97537
131.12000,5.13366,6.19268
131.13000,4.99529,6.12517
131.14000,5.03788,5.53209
131.15000,5.13607,6.21362
131.16000,5.68932,5.95655
131.17000,5.60554,5.54585
131.18000,5.40393,5.53242
131.19000,5.32861,6.05292
131.20000,5.66098,6.10653
131.21000,5.60733,5.55661
131.22000,5.40179,5.58292
131.23000,5.86106,5.93373
131.24000,5.64764,5.77267
131.25000,5.78782,5.59217
131.26000,5.80847,5.62166
131.27000,5.66650,5.50351
131.28000,5.80991,5.68204
131.29000,5.59359,5.45059
131.30000,5.34688,5.49421
131.31000,5.97089,5.17953
131.32000,5.91582,5.52875
131.33000,6.13501,5.59485
131.34000,5.91413,5.47285
131.35000,5.89972,5.17204
131.36000,6.30367,5.41263
131.37000,5.99454,5.15723
131.38000,5.91826,5.58816
131.39000,6.26363,5.49868
131.40000,6.32867,5.36117
131.41000,6.38045,4.81999
131.42000,6.15525,4.85458
131.43000,6.03620,5.23575
131.44000,6.14346,4.82066
131.45000,6.34284,5.10114
131.46000,6.53174,5.05402
131.47000,6.33689,4.91212
131.48000,6.60532,4.76048
131.49000,6.38467,4.55955
131.50000,6.46774,4.78808
131.51000,6.55744,4.54066
131.52000,6.82324,4.52814
131.53000,6.49792,4.73945
131.54000,6.45189,4.48342
131.55000,6.41936,4.62454
131.56000,6.93190,4.30972
131.57000,6.91790,4.29643
131.58000,6.46017,4.46294
131.59000,6.50985,4.23808
131.60000,6.68872,4.53303
131.61000,6.97146,4.18993
131.62000,6.93908,3.92197
131.63000,6.79868,4.10752
131.64000,7.14479,3.86609
131.65000,6.70688,3.59433
131.66000,6.70899,3.86388
131.67000,6.53086,4.00661
131.68000,6.75798,3.62329
131.69000,6.77957,4.09801
131.70000,7.08810,3.43190
131.71000,7.14129,3.45031
131.72000,6.96458,3.72992
131.73000,7.17251,3.61652
131.74000,7.15430,3.72662
131.75000,7.00377,3.49691
131.76000,7.14435,3.79650
131.77000,7.03418,3.66536
131.78000,7.24535,3.60639
131.79000,7.30456,3.54097
131.80000,7.20812,3.56296
131.81000,7.44766,3.47120
131.82000,7.45459,3.61394
131.83000,7.41435,3.49102
131.84000,7.44251,3.12244
131.85000,7.44682,3.26815
131.86000,7.47915,2.95899
131.87000,7.32160,2.97504
131.88000,7.70819,3.29207
131.89000,7.62345,2.77980
131.90000,7.33644,2.80218
131.91000,7.25485,2.88385
131.92000,7.64150,2.68225
131.93000,7.67453,2.78074
131.94000,7.72698,2.72256
131.95000,7.61264,2.60138
131.96000,7.58467,2.81102
131.97000,7.40332,2.23974
131.98000,7.57309,2.82402
131.99000,7.78827,2.74213
132.00000,7.46857,2.42683
132.01000,7.75605,2.68101
132.02000,7.80847,2.51135
132.03000,7.54479,2.11450
132.04000,7.83471,2.37773
132.05000,7.61972,2.14547
132.06000,7.63145,2.25480
132.07000,7.63413,2.28785
132.08000,7.98529,1.96029
132.09000,7.91803,2.23425
132.10000,7.74340,1.94203
132.11000,7.74932,1.89929
132.12000,7.91378,1.84245
132.13000,7.50641,1.81678
132.14000,7.80475,1.64508
132.15000,7.72072,1.58034
132.16000,8.06816,1.34070
132.17000,7.86421,1.57133
132.18000,7.83880,1.23638
132.19000,7.92439,1.59957
132.20000,8.07134,1.33285
132.21000,8.06484,1.35151
132.22000,7.84997,1.30820
132.23000,7.72017,1.19631
132.24000,7.91390,1.32829
132.25000,7.92365,1.54874
132.26000,7.83234,1.28901
132.27000,7.97465,1.22346
132.28000,8.02500,1.33003
132.29000,7.74641,1.39237
132.30000,7.74705,1.36723
132.31000,7.85994,0.84630
132.32000,7.99717,0.72702
132.33000,7.76560,0.59743
132.34000,7.98994,0.73961
132.35000,7.89260,0.95166
132.36000,7.90293,0.98844
132.37000,8.16102,0.81506
132.38000,8.04073,0.69525
132.39000,8.11217,0.58736
132.40000,7.86344,0.63625
132.41000,8.23498,0.08112
132.42000,7.90906,0.41097
132.43000,7.83151,0.35774
132.44000,8.13010,0.40680
132.45000,7.99971,-0.08102
132.46000,7.98361,0.34632
132.47000,8.15136,-0.16625
132.48000,8.14590,0.28138
132.49000,8.08667,0.17385
132.50000,8.00149,0.19350
132.51000,7.92526,-0.13818
132.52000,7.66870,0.01935
132.53000,8.01697,0.02285
132.54000,7.78574,-0.13610
132.55000,8.08521,-0.17709
132.56000,8.25100,-0.34394
132.57000,7.93651,-0.56019
132.58000,7.65800,-0.40628
132.59000,8.15025,-0.43312
132.60000,7.73518,-0.54455
132.61000,8.10732,-0.12496
132.62000,8.04854,-0.56144
132.63000,7.92217,-0.64769
132.64000,7.97645,-0.44203
132.65000,7.74927,-0.85236
132.66000,8.18064,-0.83113
132.67000,7.88368,-0.67429
132.68000,8.06303,-0.63378
132.69000,8.20792,-1.06103
132.70000,8.18433,-1.14457
132.71000,7.83758,-0.87154
132.72000,7.67297,-0.89955
132.73000,8.04560,-1.03520
132.74000,7.89952,-1.38524
132.75000,7.70676,-1.25158
132.76000,7.74733,-1.58880
132.77000,8.09031,-1.44837
132.78000,7.65203,-1.46109
132.79000,7.95228,-1.62759
132.80000,8.22943,-1.24689
132.81000,7.78494,-1.39522
132.82000,8.08331,-1.28345
132.83000,7.98730,-1.44054
132.84000,8.01369,-1.57710
132.85000,7.83829,-1.24529
132.86000,7.65372,-1.43026
132.87000,8.25592,-1.85938
132.88000,7.70541,-1.95311
132.89000,7.61299,-1.62013
132.90000,7.56793,-1.94570
132.91000,7.80204,-1.83182
132.92000,7.77546,-1.94685
132.93000,7.79357,-2.07597
132.94000,7.61979,-2.14031
132.95000,7.69317,-2.43914
132.96000,7.49531,-2.66746
132.97000,7.90016,-1.85612
132.98000,7.63005,-2.05494
132.99000,7.68066,-2.33221
133.00000,7.83334,-2.50167
133.01000,7.61301,-2.84790
133.02000,7.71405,-2.40048
133.03000,7.55737,-2.76201
133.04000,7.73050,-2.64045
133.05000,7.41152,-2.82541
133.06000,7.20719,-2.73366
133.07000,7.75232,-2.84064
133.08000,7.44740,-3.08220
133.09000,7.43306,-2.86059
133.10000,7.31475,-2.91373
133.11000,7.39461,-3.34801
133.12000,7.16120,-3.10302
133.13000,7.36676,-2.84597
133.14000,7.49697,-3.00309
133.15000,7.20673,-3.02667
133.16000,7.42026,-2.98590
133.17000,7.21579,-3.26713
133.18000,7.21308,-3.37294
133.19000,7.05311,-3.35703
133.20000,7.28688,-3.28462
133.21000,7.18840,-3.66675
133.22000,6.90673,-3.50661
133.23000,6.90018,-3.24913
133.24000,6.87573,-3.75142
133.25000,7.05702,-3.70624
133.26000,7.24725,-3.67442
133.27000,6.98700,-3.64400
133.28000,7.13024,-3.61095
133.29000,7.02717,-3.83296
133.30000,6.98087,-3.90482
133.31000,6.97897,-3.96802
133.32000,6.89374,-3.95862
133.33000,6.85304,-3.68425
133.34000,6.86910,-4.09193
133.35000,6.99472,-4.35224
133.36000,6.34403,-3.97389
133.37000,6.72665,-4.12550
133.38000,6.16504,-4.18255
133.39000,6.43598,-4.46704
133.40000,6.64463,-4.08428
133.41000,6.43833,-4.35401
133.42000,6.59709,-4.73960
133.43000,6.63063,-4.38682
133.44000,6.20786,-4.66506
133.45000,6.42860,-4.55476
133.46000,6.42672,-4.37393
133.47000,6.58264,-4.76035
133.48000,6.34946,-4.70276
133.49000,6.34498,-4.58122
133.50000,6.23446,-4.48927
133.51000,6.20443,-4.71377
133.52000,6.35474,-4.67387
133.53000,6.48505,-4.82301
133.54000,6.34000,-5.04477
133.55000,6.19616,-4.80805
133.56000,6.46958,-4.81965
133.57000,6.13943,-5.05359
133.58000,5.94721,-4.83620
133.59000,6.11031,-5.04987
133.60000,6.10728,-5.08196
133.61000,6.09494,-5.30521
133.62000,6.08210,-4.76353
133.63000,6.39380,-4.90143
133.64000,6.18218,-4.93697
133.65000,5.75826,-5.34317
133.66000,5.73467,-5.72593
133.67000,5.72004,-5.20984
133.68000,5.97439,-5.15880
133.69000,5.87088,-5.60804
133.70000,5.62309,-5.56120
133.71000,5.88029,-5.67332
133.72000,5.47673,-5.39678
133.73000,5.72373,-5.59022
133.74000,5.71753,-5.73328
133.75000,5.32736,-5.38480
133.76000,5.80719,-6.22779
133.77000,5.47732,-5.57890
133.78000,5.53922,-5.79467
133.79000,5.61193,-5.90802
133.80000,5.77509,-5.70124
133.81000,5.32102,-5.95175
133.82000,5.41689,-6.16883
133.83000,5.30878,-5.76863
133.84000,5.17363,-5.74704
133.85000,5.33328,-6.54975
133.86000,5.15647,-6.11824
133.87000,5.13799,-6.02908
133.88000,5.27292,-6.30301
133.89000,4.90355,-6.03144
133.90000,4.95317,-6.45362
133.91000,5.25811,-6.11190
133.92000,5.15534,-6.58704
133.93000,4.96757,-6.22151
133.94000,4.83215,-6.35137
133.95000,4.85941,-6.28607
133.96000,4.88621,-6.09138
133.97000,4.80936,-6.20015
133.98000,4.97207,-6.84222
133.99000,4.85766,-6.10945
134.00000,4.71868,-6.59884
134.01000,4.76593,-6.98298
134.02000,4.15431,-6.68246
134.03000,4.83099,-6.51131
134.04000,4.76764,-6.68171
134.05000,4.35440,-6.46209
134.06000,4.27368,-6.51923
134.07000,4.51685,-6.49463
134.08000,4.65201,-6.86835
134.09000,4.10047,-6.52023
134.10000,4.19298,-6.71584
134.11000,3.96752,-6.95472
134.12000,4.37784,-6.92453
134.13000,3.93248,-6.92816
134.14000,4.24615,-6.97228
134.15000,4.10059,-6.87844
134.16000,4.33139,-6.82556
134.17000,4.06683,-7.05851
134.18000,3.97050,-7.17096
134.19000,4.05738,-6.70099
134.20000,3.94619,-6.97213
134.21000,3.73267,-6.89007
134.22000,3.51569,-7.11876
134.23000,3.72319,-7.34683
134.24000,3.66652,-7.05386
134.25000,3.68939,-7.16398
134.26000,3.64261,-7.21103
134.27000,3.51574,-6.95423
134.28000,3.46249,-7.48292
134.29000,3.45536,-7.31340
134.30000,3.45287,-7.39983
134.31000,3.23101,-7.10656
134.32000,3.22610,-7.20394
134.33000,3.17256,-7.25608
134.34000,3.00553,-7.47788
134.35000,3.27461,-7.55007
134.36000,3.31516,-7.22338
134.37000,3.25546,-7.32096
134.38000,3.10491,-7.49809
134.39000,2.92316,-7.51348
134.40000,2.67932,-7.05729
134.41000,2.65330,-7.54584
134.42000,3.05305,-7.73133
134.43000,3.07022,-7.18732
134.44000,2.41400,-7.75752
134.45000,2.64090,-7.54533
134.46000,2.65362,-7.98947
134.47000,2.59540,-7.45988
134.48000,2.68185,-7.55700
134.49000,2.43301,-7.52368
134.50000,2.57579,-7.72980
134.51000,2.20485,-7.82754
134.52000,2.49808,-7.66598
134.53000,2.41997,-7.50756
134.54000,2.13985,-7.61295
134.55000,2.19991,-7.71555
134.56000,2.46875,-8.05120
134.57000,2.17229,-7.78910
134.58000,1.89799,-7.97631
134.59000,2.23100,-8.08815
134.60000,1.97015,-7.75410
134.61000,1.70026,-7.97213
134.62000,2.06015,-7.76479
134.63000,1.63582,-7.69424
134.64000,1.85782,-7.51988
134.65000,1.89338,-7.91185
134.66000,1.79956,-8.00167
134.67000,1.59908,-7.69432
134.68000,1.74657,-7.74227
134.69000,1.52882,-7.91139
134.70000,1.34941,-7.99747
134.71000,1.32847,-8.07524
134.72000,1.44985,-7.62337
134.73000,1.42714,-7.76337
134.74000,1.31923,-7.82651
134.75000,1.14543,-7.91170
134.76000,1.45030,-7.76432
134.77000,0.94525,-8.03792
134.78000,0.87341,-7.98944
134.79000,0.97924,-7.96478
134.80000,1.11159,-7.93682
134.81000,0.71626,-8.20827
134.82000,0.80382,-7.96590
134.83000,0.87562,-7.95843
134.84000,0.89832,-8.14226
134.85000,1.01432,-7.84431
134.86000,0.77923,-8.20102
134.87000,0.87778,-7.84956
134.88000,0.67349,-8.09632
134.89000,0.48057,-7.81890
134.90000,0.30751,-7.96753
134.91000,0.37230,-7.79758
134.92000,0.39659,-8.17440
134.93000,0.50075,-8.23017
134.94000,0.55646,-8.09596
134.95000,0.14672,-8.23944
134.96000,0.11840,-7.97166
134.97000,0.27187,-8.18980
134.98000,0.37493,-7.76138
134.99000,0.31424,-7.78372
135.00000,-0.17550,-8.18765
135.01000,-0.14685,-7.63624
135.02000,-0.27918,-8.17738
135.03000,-0.03582,-7.95932
135.04000,-0.14202,-8.06468
135.05000,0.01012,-7.98449
135.06000,-0.60803,-8.10014
135.07000,-0.30948,-8.09099
135.08000,-0.53080,-7.86550
135.09000,-0.48236,-8.24361
135.10000,-0.60946,-8.21960
135.11000,-1.06156,-7.74126
135.12000,-0.35108,-7.99995
135.13000,-0.83604,-8.08794
135.14000,-0.82022,-8.27409
135.15000,-0.88179,-8.26414
135.16000,-0.82913,-8.00200
135.17000,-0.46050,-7.94711
135.18000,-0.93899,-8.00894
135.19000,-0.94287,-8.03604
135.20000,-0.89450,-8.12675
135.21000,-1.11228,-7.95203
135.22000,-1.46303,-8.11758
135.23000,-1.29817,-7.67884
135.24000,-1.39167,-8.07253
135.25000,-1.25455,-7.96107
135.26000,-1.13333,-7.87035
135.27000,-1.48653,-7.74861
135.28000,-0.88833,-7.65846
135.29000,-1.72365,-7.77525
135.30000,-1.44256,-7.86584
135.31000,-1.59707,-7.88662
135.32000,-1.73872,-7.63354
135.33000,-1.79756,-7.87057
135.34000,-1.94155,-7.77259
135.35000,-1.91696,-7.58431
135.36000,-1.42691,-7.81208
135.37000,-1.83544,-7.78827
135.38000,-1.81691,-7.74685
135.39000,-1.73825,-7.55290
135.40000,-1.41690,-7.60463
135.41000,-1.86184,-7.74301
135.42000,-1.95482,-7.63977
135.43000,-1.93377,-7.57020
135.44000,-2.33929,-7.46099
135.45000,-2.48890,-7.83556
135.46000,-2.37558,-7.44899
135.47000,-2.41803,-7.68630
135.48000,-2.70082,-7.61392
135.49000,-2.19602,-7.49720
135.50000,-2.30293,-7.57518
135.51000,-2.69974,-7.50031
135.52000,-2.71561,-7.39044
135.53000,-2.56834,-7.65235
135.54000,-2.47839,-7.36880
135.55000,-2.59517,-7.31767
135.56000,-2.61879,-7.89878
135.57000,-3.07562,-7.28241
135.58000,-2.75993,-7.61940
135.59000,-2.82465,-7.42005
135.60000,-3.12371,-7.56591
135.61000,-2.93979,-7.54413
135.62000,-3.10158,-7.43046
135.63000,-3.07894,-7.25931
135.64000,-3.21311,-7.20650
135.65000,-3.23896,-7.66302
135.66000,-3.41622,-7.19574
135.67000,-3.16725,-7.21715
135.68000,-3.25009,-7.43670
135.69000,-3.34448,-7.59062
135.70000,-3.20178,-7.00214
135.71000,-3.36732,-7.16260
135.72000,-3.29803,-7.14671
135.73000,-3.18635,-7.30287
135.74000,-3.57580,-7.20468
135.75000,-3.70847,-7.65473
135.76000,-3.69325,-7.20530
135.77000,-3.67938,-7.23599
135.78000,-3.74522,-7.47825
135.79000,-3.70600,-7.22439
135.80000,-3.64418,-6.94177
135.81000,-3.73890,-6.61447
135.82000,-4.05566,-7.14336
135.83000,-4.06245,-6.83786
135.84000,-3.91096,-6.92351
135.85000,-4.36794,-6.59257
135.86000,-4.06112,-7.04578
135.87000,-4.04939,-6.61845
135.88000,-4.12940,-6.90513
135.89000,-4.13965,-6.84535
135.90000,-4.33413,-6.49454
135.91000,-4.71971,-6.51344
135.92000,-4.32577,-7.09151
135.93000,-4.38320,-6.63395
135.94000,-4.13126,-6.73338
135.95000,-4.45330,-6.63957
135.96000,-4.19830,-6.68496
135.97000,-4.56021,-6.68583
135.98000,-4.73592,-6.42317
135.99000,-4.62150,-6.45184
136.00000,-4.42866,-6.41636
136.01000,-4.62449,-6.79364
136.02000,-4.63173,-6.35642
136.03000,-4.69032,-6.19249
136.04000,-4.96707,-6.38587
136.05000,-4.81685,-6.21880
136.06000,-4.75301,-6.53890
136.07000,-4.83122,-6.12503
136.08000,-5.28316,-6.47960
136.09000,-5.16581,-5.90521
136.10000,-5.18519,-6.08609
136.11000,-5.05209,-6.16207
136.12000,-4.95570,-6.45061
136.13000,-5.15285,-5.84753
136.14000,-5.18196,-6.14974
136.15000,-5.57802,-5.91797
136.16000,-5.44771,-5.70575
136.17000,-5.51082,-6.12427
136.18000,-5.64757,-5.99368
136.19000,-5.42732,-6.02728
136.20000,-5.20497,-6.07636
136.21000,-5.46718,-5.87994
136.22000,-5.35729,-5.60635
136.23000,-5.57587,-5.68530
136.24000,-5.53800,-5.82980
136.25000,-5.28843,-5.54497
136.26000,-5.62054,-5.73154
136.27000,-5.68367,-5.69066
136.28000,-5.61233,-5.62612
136.29000,-5.88972,-5.54351
136.30000,-6.07292,-5.32166
136.31000,-5.61579,-5.19710
136.32000,-5.98896,-5.55635
136.33000,-6.28990,-5.53287
136.34000,-5.63321,-5.28633
136.35000,-5.93548,-5.35042
136.36000,-5.93013,-5.02975
136.37000,-6.07121,-5.24482
136.38000,-6.18088,-5.53038
136.39000,-5.89641,-5.05162
136.40000,-6.13307,-5.39207
136.41000,-5.91133,-4.91790
136.42000,-6.19093,-5.02276
136.43000,-6.27898,-5.03580
136.44000,-6.02236,-4.94177
136.45000,-5.99310,-5.19110
136.46000,-6.51656,-5.09188
136.47000,-6.34808,-4.68627
136.48000,-6.89036,-4.66644
136.49000,-6.53274,-4.95021
136.50000,-6.32659,-4.21598
136.51000,-6.67286,-4.72230
136.52000,-7.03044,-4.45132
136.53000,-6.23407,-4.45961
136.54000,-6.58963,-4.69410
136.55000,-6.38203,-4.78972
136.56000,-6.69156,-4.59765
136.57000,-6.78153,-4.31154
136.58000,-6.58324,-4.68545
136.59000,-6.42150,-4.11338
136.60000,-6.78596,-3.93457
136.61000,-6.85335,-4.04047
136.62000,-6.96047,-3.94506
136.63000,-6.63628,-4.35569
136.64000,-6.83538,-4.11235
136.65000,-6.83113,-4.32418
136.66000,-6.68638,-3.81763
136.67000,-6.91928,-3.94113
136.68000,-6.96138,-4.18403
136.69000,-6.92865,-3.96866
136.70000,-6.72360,-4.09105
136.71000,-7.21701,-3.50852
136.72000,-7.24988,-3.72050
136.73000,-7.11858,-3.61859
136.74000,-7.18752,-3.43992
136.75000,-7.11221,-3.64092
136.76000,-7.06501,-3.47976
136.77000,-7.28540,-3.72754
136.78000,-7.41608,-3.40446
136.79000,-7.25743,-3.01808
136.80000,-7.20071,-3.34813
136.81000,-7.57374,-3.40374
136.82000,-7.06087,-3.57268
136.83000,-7.29679,-3.15566
136.84000,-7.20056,-3.44409
136.85000,-7.37628,-3.13293
136.86000,-7.62368,-2.91747
136.87000,-7.45656,-3.61074
136.88000,-7.36027,-3.36266
136.89000,-7.43977,-2.85608
136.90000,-7.81197,-2.85073
136.91000,-7.84611,-3.05896
136.92000,-7.18428,-2.94374
136.93000,-7.44223,-2.73908
136.94000,-7.71094,-2.65927
136.95000,-7.21464,-3.07134
136.96000,-7.21583,-2.39104
136.97000,-7.51874,-2.62709
136.98000,-7.52327,-2.65352
136.99000,-7.67895,-2.45733
137.00000,-7.53754,-2.66255
137.01000,-7.66073,-2.39717
137.02000,-7.66906,-2.71467
137.03000,-7.47881,-2.37947
137.04000,-7.47823,-2.41577
137.05000,-7.80667,-2.49444
137.06000,-7.45960,-2.35810
137.07000,-7.66179,-2.10468
137.08000,-7.63130,-1.85936
137.09000,-7.82855,-2.18412
137.10000,-7.55077,-1.75119
137.11000,-7.86864,-1.92251
137.12000,-7.81006,-2.00202
137.13000,-7.91076,-1.74239
137.14000,-7.82898,-2.01884
137.15000,-7.87566,-1.54863
137.16000,-8.27209,-1.85795
137.17000,-7.89632,-1.67053
137.18000,-7.86116,-1.80812
137.19000,-7.76817,-1.61106
137.20000,-7.74578,-1.59483
137.21000,-8.02370,-0.98225
137.22000,-7.80570,-1.56694
137.23000,-7.91870,-1.33094
137.24000,-7.83413,-1.03907
137.25000,-8.05121,-1.46022
137.26000,-7.88895,-1.23057
137.27000,-8.00355,-1.24678
137.28000,-7.91514,-0.76739
137.29000,-7.69475,-0.95252
137.30000,-8.24832,-0.74695
137.31000,-7.80489,-0.88405
137.32000,-7.99214,-0.99643
137.33000,-8.04403,-0.71441
137.34000,-8.11934,-0.60431
137.35000,-8.14846,-0.69835
137.36000,-7.91022,-0.59531
137.37000,-7.74856,-0.47640
137.38000,-8.04464,-1.06210
137.39000,-7.98742,-0.19121
137.40000,-8.32806,-0.38839
137.41000,-7.67938,-0.76811
137.42000,-8.09418,-0.55308
137.43000,-8.10596,-0.64537
137.44000,-7.74332,-0.19957
137.45000,-8.21670,-0.30044
137.46000,-7.78273,-0.26595
137.47000,-7.81493,-0.30743
137.48000,-7.74466,-0.13904
137.49000,-7.87945,-0.30092
137.50000,-8.03275,0.30231
137.51000,-7.87883,0.20748
137.52000,-8.02630,0.19864
137.53000,-8.13970,0.52390
137.54000,-8.19339,0.24651
137.55000,-7.89908,0.25480
137.56000,-7.91941,-0.05177
137.57000,-7.79947,0.16387
137.58000,-8.26180,0.05236
137.59000,-8.13250,0.36999
137.60000,-7.88572,0.30812
137.61000,-8.12547,0.79376
137.62000,-7.86958,0.65141
137.63000,-7.82349,0.58939
137.64000,-8.28176,0.65350
137.65000,-7.92330,0.76349
137.66000,-8.05492,0.85226
137.67000,-8.07885,0.73345
137.68000,-8.01017,0.91365
137.69000,-7.86214,0.88338
137.70000,-8.16976,0.97887
137.71000,-7.81871,0.86902
137.72000,-8.04969,1.42173
137.73000,-7.75873,1.08476
137.74000,-8.03074,1.01203
137.75000,-7.83926,1.18393
137.76000,-8.23901,1.22854
137.77000,-7.85831,1.20254
137.78000,-8.30957,1.21434
137.79000,-7.86843,1.44267
137.80000,-7.97949,1.35778
137.81000,-7.93640,1.27318
137.82000,-7.79627,1.80786
137.83000,-7.65601,1.59503
137.84000,-7.80922,1.68030
137.85000,-7.68660,1.65871
137.86000,-8.16214,2.13915
137.87000,-8.15508,1.78317
137.88000,-7.75747,1.61312
137.89000,-8.02184,1.72406
137.90000,-7.80187,1.97142
137.91000,-7.56825,1.96020
137.92000,-8.08700,2.11453
137.93000,-8.12953,2.21170
137.94000,-7.48825,2.19705
137.95000,-8.05373,2.23100
137.96000,-8.03422,2.45393
137.97000,-7.81929,2.25612
137.98000,-7.39878,2.40061
137.99000,-7.59287,2.46470
138.00000,-7.64183,2.31304
138.01000,-7.27956,2.34151
138.02000,-7.69797,2.53168
138.03000,-7.64412,2.25665
138.04000,-7.43635,2.61222
138.05000,-7.63318,2.85017
138.06000,-7.55174,2.73707
138.07000,-7.76439,2.83977
138.08000,-7.59934,2.88420
138.09000,-7.68840,2.75523
138.10000,-7.52385,2.70244
138.11000,-7.24454,3.46283
138.12000,-7.37242,3.21376
138.13000,-7.15909,3.10265
138.14000,-7.22965,3.37459
138.15000,-7.03092,2.94521
138.16000,-7.29780,2.89250
138.17000,-7.32876,3.22108
138.18000,-7.17973,3.13394
138.19000,-7.17807,3.17265
138.20000,-7.13529,3.46536
138.21000,-7.27254,3.23141
138.22000,-7.08251,3.33187
138.23000,-7.01813,3.90206
138.24000,-6.98818,3.57646
138.25000,-7.28949,3.90647
138.26000,-7.31747,3.64988
138.27000,-6.89880,3.87406
138.28000,-7.01037,3.80591
138.29000,-7.17368,4.02592
138.30000,-6.76034,3.96071
138.31000,-7.12002,4.01493
138.32000,-6.78450,3.93816
138.33000,-7.31283,4.06265
138.34000,-6.80892,4.34910
138.35000,-7.02668,3.88209
138.36000,-6.86477,4.08496
138.37000,-6.97992,4.29107
138.38000,-6.86723,4.02093
138.39000,-6.65829,4.31547
138.40000,-6.57620,4.33273
138.41000,-6.69622,4.33923
138.42000,-6.76348,4.15324
138.43000,-6.61070,4.43695
138.44000,-6.52483,4.50911
138.45000,-6.71256,4.55175
138.46000,-6.20595,4.82772
138.47000,-6.53379,4.73860
138.48000,-6.56973,5.15551
138.49000,-6.79387,4.71702
138.50000,-6.55536,4.49488
138.51000,-6.49260,4.98917
138.52000,-6.37377,4.92303
138.53000,-6.60372,4.86849
138.54000,-6.51951,4.81017
138.55000,-6.57645,4.76288
138.56000,-6.30513,4.87481
138.57000,-6.29481,5.03591
138.58000,-6.03173,5.17579
138.59000,-6.07113,4.98209
138.60000,-6.38539,5.03490
138.61000,-6.28880,5.11821
138.62000,-6.18832,5.08702
138.63000,-6.01089,5.22552
138.64000,-6.23775,5.33881
138.65000,-6.00967,5.28904
138.66000,-6.01043,5.32371
138.67000,-5.51404,5.65951
138.68000,-5.59585,5.38996
138.69000,-5.88248,5.41876
138.70000,-5.68971,5.63840
138.71000,-5.64300,5.30097
138.72000,-5.90098,5.49382
138.73000,-5.60027,5.54915
138.74000,-5.90314,5.53997
138.75000,-5.80871,5.52910
138.76000,-5.61404,5.90407
138.77000,-5.69680,6.08306
138.78000,-5.44597,5.80049
138.79000,-5.70183,5.84131
138.80000,-5.29219,6.00744
138.81000,-5.61766,6.02635
138.82000,-5.38152,6.01163
138.83000,-5.57281,5.98987
138.84000,-5.51131,6.03856
138.85000,-5.44269,6.13463
138.86000,-5.09647,6.32329
138.87000,-5.19095,6.02925
138.88000,-4.88509,5.78212
138.89000,-5.04748,6.27270
138.90000,-5.09392,6.50080
138.91000,-5.01782,6.04013
138.92000,-5.27991,6.72506
138.93000,-4.90306,6.44646
138.94000,-5.04530,6.21610
138.95000,-4.73144,6.65876
138.96000,-5.03425,6.42714
138.97000,-5.01416,6.23162
138.98000,-4.67900,6.59289
138.99000,-5.01001,6.37442
139.00000,-4.42952,6.40292
139.01000,-4.80486,6.70077
139.02000,-4.56423,6.49833
139.03000,-4.18434,6.37356
139.04000,-4.46538,6.61733
139.05000,-4.10704,6.55186
139.06000,-4.27497,7.00659
139.07000,-4.44937,6.54610
139.08000,-4.33803,6.74871
139.09000,-4.38996,6.88025
139.10000,-4.29655,6.65164
139.11000,-4.18399,6.50871
139.12000,-4.24784,6.76917
139.13000,-4.20506,6.79791
139.14000,-4.31574,7.20490
139.15000,-4.11687,7.04736
139.16000,-3.86254,7.09922
139.17000,-3.96200,6.57021
139.18000,-3.97728,6.82740
139.19000,-3.73458,7.09479
139.20000,-4.12262,7.26933
139.21000,-3.68894,6.95550
139.22000,-3.59497,6.77643
139.23000,-3.71375,6.78545
139.24000,-3.87418,7.11731
139.25000,-3.68165,7.09276
139.26000,-3.73937,7.24285
139.27000,-3.63197,7.25718
139.28000,-3.51180,7.06800
139.29000,-3.42699,7.28521
139.30000,-3.25127,6.80607
139.31000,-3.30708,7.04496
139.32000,-3.62573,6.94947
139.33000,-3.37729,7.63313
139.34000,-3.04321,7.34416
139.35000,-3.25801,7.24846
139.36000,-3.15780,7.45025
139.37000,-3.52078,7.17752
139.38000,-3.22915,7.19946
139.39000,-3.25361,7.36764
139.40000,-2.97015,7.57859
139.41000,-3.08215,7.30175
139.42000,-3.25383,7.71344
139.43000,-3.13292,7.67848
139.44000,-2.80098,7.41550
139.45000,-2.73296,7.41868
139.46000,-2.67925,7.55713
139.47000,-2.62251,7.59171
139.48000,-2.73873,7.43294
139.49000,-2.49352,7.69875
139.50000,-2.54015,7.53876
139.51000,-2.30004,7.88284
139.52000,-2.90494,7.88778
139.53000,-2.54478,7.59652
139.54000,-2.28625,7.44474
139.55000,-2.04668,8.08998
139.56000,-2.34231,7.88947
139.57000,-1.78087,7.43449
139.58000,-2.09187,8.02055
139.59000,-1.92449,7.68462
139.60000,-1.94553,7.81607
139.61000,-1.83274,7.55934
139.62000,-2.20454,7.76144
139.63000,-1.64137,7.76840
139.64000,-1.87860,7.50684
139.65000,-1.62990,7.77942
139.66000,-1.50470,7.93571
139.67000,-1.68007,7.98264
139.68000,-1.56941,7.74447
139.69000,-2.06721,7.77582
139.70000,-1.09829,7.78675
139.71000,-1.30372,7.78889
139.72000,-1.33364,8.03386
139.73000,-1.39176,7.86099
139.74000,-1.15521,8.11682
139.75000,-1.43558,7.94795
139.76000,-1.17356,8.11918
139.77000,-1.16795,8.20482
139.78000,-1.23347,8.32764
139.79000,-0.85582,7.94222
139.80000,-0.81541,7.81826
139.81000,-0.83000,7.92226
139.82000,-0.92882,7.79652
139.83000,-0.87699,8.27472
139.84000,-0.64817,8.04722
139.85000,-0.52489,8.00551
139.86000,-0.54750,7.80699
139.87000,-0.96542,7.97824
139.88000,-0.75134,8.10778
139.89000,-0.91263,8.08244
139.90000,-0.59930,8.04376
139.91000,-0.42851,8.01668
139.92000,-0.23360,8.17765
139.93000,-0.63332,8.21635
139.94000,-0.49180,7.76182
139.95000,-0.03382,7.94710
139.96000,-0.38446,8.13547
139.97000,-0.01488,8.04671
139.98000,-0.14271,8.15243
139.99000,-0.01586,8.39164
140.00000,-0.33547,7.84698
140.01000,-0.19549,7.75349
140.02000,0.03985,7.82260
140.03000,0.02878,8.03428
140.04000,0.12811,7.96027
140.05000,0.37926,8.22139
140.06000,0.59517,7.98198
140.07000,-0.01399,7.85730
140.08000,0.56236,8.14514
140.09000,0.44966,7.78121
140.10000,0.64115,8.00698
140.11000,0.83152,7.75839
140.12000,0.59444,7.50304
140.13000,0.48808,7.87990
140.14000,0.48790,8.06151
140.15000,0.69084,7.96283
140.16000,0.65817,7.62331
140.17000,0.80018,7.54453
140.18000,1.09734,7.88447
140.19000,0.94303,7.76093
140.20000,1.02182,8.00246
140.21000,0.72827,7.88715
140.22000,0.94274,8.03788
140.23000,0.90380,7.98298
140.24000,1.29111,7.78163
140.25000,1.13472,7.75349
140.26000,1.32571,8.05639
140.27000,1.71256,7.87622
140.28000,1.59155,8.05624
140.29000,1.30685,8.10811
140.30000,1.80630,7.67145
140.31000,1.32799,7.65716
140.32000,1.47979,7.53571
140.33000,1.82573,7.63211
140.34000,1.59088,7.89135
140.35000,1.79854,7.54782
140.36000,1.40994,7.67082
140.37000,2.03149,7.91216
140.38000,1.91695,7.86259
140.39000,2.12320,7.64805
140.40000,1.88635,7.91501
140.41000,2.08020,7.83706
140.42000,2.31575,7.62665
140.43000,1.98465,7.55050
140.44000,2.10019,7.69177
140.45000,2.52740,7.92315
140.46000,2.20264,8.01018
140.47000,2.74891,7.57125
140.48000,2.47924,7.73832
140.49000,2.47295,7.31610
140.50000,2.56805,7.43458
140.51000,2.80724,7.43590
140.52000,2.60261,7.60338
140.53000,2.67395,7.81670
140.54000,2.81207,7.33014
140.55000,2.76464,7.76350
140.56000,2.92361,7.45184
140.57000,2.75914,7.54393
140.58000,2.67529,7.61680
140.59000,2.38741,7.35095
140.60000,2.69493,7.48243
140.61000,3.03750,7.37527
140.62000,2.94815,7.47054
140.63000,3.13717,7.25213
140.64000,3.04592,7.32008
140.65000,3.08515,7.63883
140.66000,3.14193,7.46919
140.67000,3.09186,7.49380
140.68000,3.20967,7.49126
140.69000,3.22099,7.10724
140.70000,3.32430,7.15734
140.71000,3.53459,7.06942
140.72000,3.81449,7.13924
140.73000,3.63817,7.34045
140.74000,3.39715,7.13554
140.75000,3.86589,7.00226
140.76000,3.97019,7.13539
140.77000,3.51550,7.16138
140.78000,3.17290,7.19075
140.79000,3.89487,7.19230
140.80000,3.91477,6.95256
140.81000,4.02707,6.84460
140.82000,3.98915,6.96217
140.83000,3.81714,7.09689
140.84000,3.99522,6.94777
140.85000,4.06153,6.68891
140.86000,3.93824,6.83778
140.87000,3.66563,6.67012
140.88000,4.32536,6.98086
140.89000,4.47179,6.82964
140.90000,4.04770,6.85329
140.91000,4.17960,6.83547
140.92000,4.05693,6.59519
140.93000,4.27992,6.88968
140.94000,4.77044,6.64010
140.95000,4.46898,6.69451
140.96000,4.44073,6.56241
140.97000,4.68076,6.52256
140.98000,4.61705,6.53214
140.99000,4.76807,6.48846
141.00000,4.88084,6.27063
141.01000,5.05967,6.47554
141.02000,4.85170,6.36040
141.03000,4.84604,6.49656
141.04000,4.61642,6.50213
141.05000,5.21892,6.49438
141.06000,5.11627,6.14939
141.07000,5.04543,6.38995
141.08000,4.56033,6.12605
141.09000,5.47407,6.62370
141.10000,4.87549,6.01529
141.11000,5.38677,5.89624
141.12000,5.43872,5.91036
141.13000,5.20408,6.32976
141.14000,5.28105,6.12148
141.15000,5.27349,6.26172
141.16000,5.11926,5.98515
141.17000,5.58138,5.69426
141.18000,5.48955,5.88052
141.19000,5.50896,6.00400
141.20000,5.69006,5.74160
141.21000,5.59238,6.01525
141.22000,5.56546,5.91709
141.23000,5.74006,5.72282
141.24000,5.70770,5.70780
141.25000,5.55018,5.51078
141.26000,5.40597,5.56288
141.27000,5.71836,5.48758
141.28000,5.80901,5.71679
141.29000,5.80736,5.24991
141.30000,5.78275,5.27936
141.31000,6.12481,5.42151
141.32000,5.90252,5.70962
141.33000,5.89920,5.39546
141.34000,5.73225,5.48086
141.35000,5.90102,5.36853
141.36000,6.15577,5.42807
141.37000,6.44921,5.40870
141.38000,6.15656,5.18239
141.39000,6.03481,4.88865
141.40000,6.35356,5.03513
141.41000,6.11238,5.18293
141.42000,6.42514,5.11969
141.43000,6.50354,4.91914
141.44000,6.02005,4.96794
141.45000,6.29797,4.74599
141.46000,6.21429,4.78286
141.47000,6.15492,4.95770
141.48000,6.53356,4.98685
141.49000,6.28565,4.79799
141.50000,6.23558,4.78938
141.51000,6.52794,4.52727
141.52000,6.62649,4.51915
141.53000,6.51839,4.76676
141.54000,6.73918,4.53261
141.55000,6.70083,4.19810
141.56000,6.64821,4.51987
141.57000,6.67502,4.43254
141.58000,6.37039,4.13656
141.59000,6.78611,4.23526
141.60000,6.63766,4.64147
141.61000,6.59139,4.10651
141.62000,6.70664,4.36448
141.63000,6.83798,4.18039
141.64000,7.00422,3.91878
141.65000,6.96563,3.76441
141.66000,7.03508,3.77664
141.67000,7.00306,3.85205
141.68000,6.94875,4.13338
141.69000,7.11929,3.94281
141.70000,6.85601,3.86093
141.71000,7.40939,3.82528
141.72000,7.10470,3.76717
141.73000,7.25770,3.68565
141.74000,7.17009,3.73996
141.75000,6.80530,3.58357
141.76000,7.10469,3.56451
141.77000,7.33723,3.37875
141.78000,7.16279,3.48390
141.79000,7.40492,3.46074
141.80000,7.13053,3.43782
141.81000,7.25603,3.65192
141.82000,7.47017,3.39122
141.83000,7.41999,3.36638
141.84000,7.27797,3.16178
141.85000,7.17237,3.18821
141.86000,7.46471,3.00684
141.87000,7.56887,3.04438
141.88000,7.43867,2.91128
141.89000,7.28412,2.88213
141.90000,7.37080,2.95836
141.91000,7.37397,2.53576
141.92000,7.45233,2.87625
141.93000,7.22501,2.76081
141.94000,7.77585,2.58947
141.95000,7.53014,2.43995
141.96000,7.38111,2.58790
141.97000,7.60864,2.76896
141.98000,7.61822,2.78715
141.99000,7.57282,2.62164
142.00000,7.81783,2.53505
142.01000,7.64401,2.43003
142.02000,7.76024,2.17118
142.03000,7.57133,2.16029
142.04000,7.54235,2.31519
142.05000,7.35862,2.00846
142.06000,7.69395,2.00521
142.07000,7.79785,2.14801
142.08000,7.68212,2.22265
142.09000,7.87808,1.97819
142.10000,7.91503,1.92737
142.11000,7.89292,1.99083
142.12000,7.71625,1.98544
142.13000,7.72739,1.81285
142.14000,7.84854,1.83637
142.15000,7.88272,1.41567
142.16000,7.79669,1.55149
142.17000,8.02289,1.54455
142.18000,7.77426,1.98496
142.19000,7.56568,1.63124
142.20000,7.84962,1.61162
142.21000,7.94770,1.60501
142.22000,8.02502,1.57996
142.23000,8.02533,1.45551
142.24000,8.08533,1.45419
142.25000,8.02091,1.26383
142.26000,7.46839,1.13244
142.27000,7.76705,1.02718
142.28000,7.99805,1.24535
142.29000,7.80579,0.66968
142.30000,8.01499,0.88797
142.31000,7.86801,1.22179
142.32000,8.04701,0.98771
142.33000,7.92913,1.20035
142.34000,7.92934,0.84840
142.35000,7.83650,0.66687
142.36000,8.00553,0.75896
142.37000,8.14480,0.94419
142.38000,7.66601,0.68117
142.39000,7.95999,0.42131
142.40000,7.87862,0.84994
142.41000,8.14739,0.51202
142.42000,8.10401,0.52497
142.43000,8.38416,0.27451
142.44000,8.02844,0.08618
142.45000,8.08433,0.17770
142.46000,7.94504,0.48086
142.47000,8.00413,0.23165
142.48000,8.45522,-0.06025
142.49000,7.89530,0.07363
142.50000,7.86509,0.00064
142.51000,8.08642,-0.32326
142.52000,7.98722,-0.11686
142.53000,8.00065,-0.00692
142.54000,8.17398,-0.12588
142.55000,7.64905,-0.51538
142.56000,7.99844,-0.38784
142.57000,7.84633,-0.44515
142.58000,7.87009,-0.47752
142.59000,7.93172,-0.24334
142.60000,7.58523,-0.24373
142.61000,7.91944,-0.45535
142.62000,7.89666,-0.53189
142.63000,7.87127,-0.74894
142.64000,7.87904,-0.39881
142.65000,7.99165,-0.38342
142.66000,8.05388,-0.77217
142.67000,7.78117,-1.08335
142.68000,7.99669,-1.06640
142.69000,8.16016,-0.79307
142.70000,8.06404,-1.01025
142.71000,7.83328,-1.36823
142.72000,7.80769,-0.99361
142.73000,7.49940,-1.04737
142.74000,7.84501,-1.21228
142.75000,8.19265,-1.01108
142.76000,7.92226,-1.31930
142.77000,7.94310,-1.32404
142.78000,7.95625,-1.28873
142.79000,8.13995,-1.58983
142.80000,7.94860,-1.65975
142.81000,7.80797,-1.76482
142.82000,7.74721,-1.74444
142.83000,7.82655,-1.71816
142.84000,8.03137,-1.58249
142.85000,8.06882,-1.52204
142.86000,7.74236,-1.74610
142.87000,7.56652,-1.74884
142.88000,7.63855,-1.72065
142.89000,7.37019,-2.06834
142.90000,7.72086,-2.17359
142.91000,7.79454,-2.09479
142.92000,7.56750,-2.30644
142.93000,7.78426,-1.96692
142.94000,7.58888,-1.98970
142.95000,7.85990,-2.17632
142.96000,7.62327,-2.27918
142.97000,7.64923,-2.38055
142.98000,7.51295,-2.38644
142.99000,7.22952,-2.78950
143.00000,7.34189,-2.40476
143.01000,7.70803,-2.89038
143.02000,7.39397,-2.45741
143.03000,7.51141,-2.54261
143.04000,7.62560,-2.48000
143.05000,7.85986,-2.62406
143.06000,7.25210,-2.70117
143.07000,7.39808,-2.68686
143.08000,7.56728,-2.78952
143.09000,7.78293,-2.93589
143.10000,7.48593,-3.26823
143.11000,7.13638,-2.92113
143.12000,6.87812,-3.02661
143.13000,7.88059,-2.98815
143.14000,7.49649,-3.27591
143.15000,7.31994,-3.25558
143.16000,7.39608,-3.43626
143.17000,7.51624,-3.42271
143.18000,7.09614,-3.04187
143.19000,7.45948,-3.28931
143.20000,7.29167,-3.36449
143.21000,6.99944,-3.40097
143.22000,7.21169,-3.21165
143.23000,6.87470,-3.45262
143.24000,7.05303,-3.57285
143.25000,6.93224,-3.46328
143.26000,7.42980,-3.65145
143.27000,7.06712,-3.74069
143.28000,7.23802,-3.84948
143.29000,7.44613,-3.45696
143.30000,7.03568,-3.78277
143.31000,6.89092,-4.02153
143.32000,6.60653,-3.89272
143.33000,6.85716,-4.40740
143.34000,6.96543,-3.92778
143.35000,7.16033,-3.95171
143.36000,6.61559,-4.15141
143.37000,6.90679,-3.88126
143.38000,6.69917,-4.09529
143.39000,6.72208,-3.78452
143.40000,6.64429,-4.28617
143.41000,6.66458,-3.89381
143.42000,6.65067,-4.34706
143.43000,6.60345,-4.18798
143.44000,6.65105,-4.18763
143.45000,6.45397,-4.48447
143.46000,6.80332,-4.41781
143.47000,6.75232,-4.73184
143.48000,6.45374,-4.76010
143.49000,6.25660,-4.55366
143.50000,6.35227,-4.62415
143.51000,6.69899,-4.94405
143.52000,6.10670,-4.79080
143.53000,6.66464,-5.06504
143.54000,6.40694,-5.04920
143.55000,6.48391,-4.74872
143.56000,6.40516,-4.83841
143.57000,6.20569,-5.31785
143.58000,6.43266,-4.67511
143.59000,6.19888,-4.89377
143.60000,6.28971,-5.04650
143.61000,6.27681,-5.15604
143.62000,5.96407,-5.13755
143.63000,6.14934,-4.93413
143.64000,6.09021,-5.41981
143.65000,5.97152,-5.66105
143.66000,6.05791,-5.36125
143.67000,5.88149,-5.42914
143.68000,5.89129,-5.53140
143.69000,6.25686,-5.44726
143.70000,6.02605,-5.60558
143.71000,5.79484,-5.55836
143.72000,5.87742,-5.40884
143.73000,5.90937,-5.37947
143.74000,5.62478,-5.38857
143.75000,5.70425,-5.99981
143.76000,5.51557,-5.81869
143.77000,5.61323,-5.47496
143.78000,5.31880,-5.83907
143.79000,5.21103,-5.65185
143.80000,5.32937,-6.09731
143.81000,5.70964,-5.70441
143.82000,5.47589,-6.08258
143.83000,5.38772,-5.55651
143.84000,5.33318,-5.89089
143.85000,5.42709,-5.81721
143.86000,5.10322,-5.86795
143.87000,5.24937,-6.31110
143.88000,5.00436,-6.16281
143.89000,5.16457,-6.11783
143.90000,4.98543,-6.26225
143.91000,4.91350,-6.47636
143.92000,5.06286,-6.29738
143.93000,5.04746,-6.01296
143.94000,4.75719,-6.17400
143.95000,4.64924,-6.05339
143.96000,4.93330,-6.63290
143.97000,4.73503,-6.39544
143.98000,4.63468,-6.55741
143.99000,4.60235,-6.25506
144.00000,4.71504,-6.39722
144.01000,5.05088,-5.94983
144.02000,4.62093,-6.79542
144.03000,4.84439,-6.44140
144.04000,4.84186,-6.39702
144.05000,4.71396,-6.65141
144.06000,4.72164,-6.59633
144.07000,4.35631,-6.95937
144.08000,4.39565,-6.61250
144.09000,4.28980,-6.93470
144.10000,4.46883,-6.44362
144.11000,4.23650,-6.59929
144.12000,4.01021,-6.73955
144.13000,4.11302,-6.55888
144.14000,4.21465,-6.89445
144.15000,4.26331,-6.90221
144.16000,4.26985,-6.87651
144.17000,3.72436,-6.82198
144.18000,4.01874,-6.79121
144.19000,3.92119,-6.83740
144.20000,3.94025,-7.05086
144.21000,4.27468,-6.90940
144.22000,3.74783,-6.95763
144.23000,3.77784,-6.90448
144.24000,3.81386,-6.61820
144.25000,3.82645,-6.97144
144.26000,3.25570,-6.94733
144.27000,3.24940,-6.90737
144.28000,3.58540,-7.26586
144.29000,3.55036,-7.21372
144.30000,3.21663,-7.58873
144.31000,3.22948,-7.31534
144.32000,3.12428,-7.33152
144.33000,3.10892,-7.58299
144.34000,3.39733,-7.43093
144.35000,3.33136,-7.26693
144.36000,3.27555,-7.52486
144.37000,3.30618,-6.88935
144.38000,2.94980,-7.38625
144.39000,3.07838,-7.27224
144.40000,2.59194,-7.65568
144.41000,2.98698,-7.55378
144.42000,2.92439,-7.61346
144.43000,2.64948,-7.47800
144.44000,2.69494,-7.42872
144.45000,2.75755,-7.55460
144.46000,2.63036,-7.62853
144.47000,2.30976,-7.64407
144.48000,2.78108,-7.68803
144.49000,2.45718,-7.62470
144.50000,2.24446,-7.32927
144.51000,2.58719,-7.67546
144.52000,2.15798,-7.77451
144.53000,2.31826,-7.58404
144.54000,2.39690,-7.92187
144.55000,2.45593,-7.54446
144.56000,1.92244,-7.68137
144.57000,1.81402,-7.48407
144.58000,2.16453,-8.15150
144.59000,1.63508,-7.57995
144.60000,2.06840,-7.94416
144.61000,1.57074,-7.90859
144.62000,1.75998,-8.07202
144.63000,1.73723,-7.65123
144.64000,1.56297,-7.61136
144.65000,1.76673,-7.92494
144.66000,1.45758,-8.15228
144.67000,1.92296,-7.99948
144.68000,1.54578,-7.94105
144.69000,1.13792,-7.75357
144.70000,1.64192,-7.90094
144.71000,1.21422,-8.07706
144.72000,1.26669,-8.00223
144.73000,0.92477,-7.62893
144.74000,1.31076,-7.80884
144.75000,1.35938,-7.41706
144.76000,0.80156,-7.96185
144.77000,1.44635,-8.55180
144.78000,1.00764,-7.77307
144.79000,1.29670,-7.88153
144.80000,1.12506,-8.23235
144.81000,0.93034,-8.01157
144.82000,0.91316,-8.23919
144.83000,0.78149,-8.12944
144.84000,0.78092,-7.95270
144.85000,0.68762,-8.19386
144.86000,0.77717,-8.11609
144.87000,0.73822,-7.82571
144.88000,0.42211,-7.81575
144.89000,0.49048,-7.62624
144.90000,0.27471,-7.67544
144.91000,0.74947,-8.39322
144.92000,0.43184,-7.92882
144.93000,0.57814,-7.86257
144.94000,0.24313,-8.07795
144.95000,0.48090,-8.16596
144.96000,0.03556,-8.01602
144.97000,0.36380,-8.01953
144.98000,0.09322,-8.05022
144.99000,0.15435,-7.89947
145.00000,-0.14794,-7.96705
145.01000,-0.13089,-8.32763
145.02000,-0.28799,-7.90097
145.03000,-0.32433,-7.96928
145.04000,-0.45435,-8.06132
145.05000,-0.37991,-7.99259
145.06000,-0.37078,-7.94836
145.07000,-0.28034,-8.06213
145.08000,-0.27342,-8.19989
145.09000,-0.54299,-8.09534
145.10000,-0.47203,-7.87226
145.11000,-0.76099,-7.90067
145.12000,-0.38044,-8.20826
145.13000,-0.53718,-7.72815
145.14000,-0.81723,-7.94584
145.15000,-0.85947,-7.93226
145.16000,-0.91834,-8.27387
145.17000,-0.56858,-8.16323
145.18000,-0.64203,-8.14804
145.19000,-0.41445,-8.20580
145.20000,-1.15512,-7.96084
145.21000,-1.25848,-7.75260
145.22000,-1.09430,-7.71148
145.23000,-1.17029,-7.75664
145.24000,-1.33729,-7.72236
145.25000,-1.34203,-7.67045
145.26000,-1.20456,-8.16343
145.27000,-1.63932,-8.34396
145.28000,-1.52757,-8.07369
145.29000,-1.45005,-7.94953
145.30000,-1.40250,-8.13691
145.31000,-1.82912,-7.80225
145.32000,-1.63510,-7.89207
145.33000,-1.40359,-7.99075
145.34000,-1.38656,-7.78034
145.35000,-2.09679,-7.56879
145.36000,-1.88235,-7.84512
145.37000,-2.06516,-7.75001
145.38000,-1.53916,-7.76941
145.39000,-2.04158,-7.60106
145.40000,-2.02841,-7.77071
145.41000,-2.05628,-7.63599
145.42000,-2.31795,-7.73715
145.43000,-1.80051,-7.69936
145.44000,-1.81759,-7.83024
145.45000,-2.24469,-7.93135
145.46000,-2.44182,-7.52501
145.47000,-2.36554,-7.56905
145.48000,-2.32668,-7.61457
145.49000,-2.62540,-7.50304
145.50000,-2.33407,-7.61281
145.51000,-2.59188,-7.86299
145.52000,-2.71951,-7.66749
145.53000,-2.85751,-7.21467
145.54000,-2.65275,-7.62740
145.55000,-2.58655,-7.99801
145.56000,-2.70842,-7.76294
145.57000,-3.07240,-7.32595
145.58000,-3.19538,-7.72895
145.59000,-2.99141,-7.35122
145.60000,-2.62726,-7.18858
145.61000,-3.08651,-6.96788
145.62000,-3.00082,-7.49230
145.63000,-3.32846,-7.74465
145.64000,-3.09007,-7.46853
145.65000,-3.05974,-7.65962
145.66000,-3.39177,-6.95310
145.67000,-3.05248,-7.37312
145.68000,-3.19138,-7.37406
145.69000,-3.52541,-7.21143
145.70000,-3.36637,-7.38534
145.71000,-3.45104,-7.09091
145.72000,-3.67676,-6.88755
145.73000,-3.63368,-6.89580
145.74000,-3.63325,-7.43617
145.75000,-3.31134,-7.25495
145.76000,-3.86498,-7.20586
145.77000,-3.33140,-7.09908
145.78000,-4.04698,-6.86448
145.79000,-3.49076,-7.15756
145.80000,-4.11689,-7.27752
145.81000,-4.06947,-6.79045
145.82000,-4.12213,-7.26040
145.83000,-3.70793,-6.74178
145.84000,-4.24290,-6.88068
145.85000,-4.21160,-6.88598
145.86000,-4.41278,-6.72588
145.87000,-4.16126,-6.82378
145.88000,-4.36711,-6.52195
145.89000,-4.31972,-6.71091
145.90000,-4.39314,-7.09101
145.91000,-4.24030,-6.48643
145.92000,-4.29538,-6.80379
145.93000,-4.75485,-6.54268
145.94000,-4.38002,-6.61063
145.95000,-4.11894,-6.56347
145.96000,-4.59165,-6.88800
145.97000,-4.90996,-6.22301
145.98000,-4.92804,-6.48798
145.99000,-4.52328,-6.48591
146.00000,-4.40440,-6.30144
146.01000,-4.28415,-6.47152
146.02000,-4.86356,-6.39420
146.03000,-5.09059,-6.41774
146.04000,-4.66590,-6.35371
146.05000,-4.68924,-6.45390
146.06000,-4.77076,-6.10790
146.07000,-4.99820,-6.20150
146.08000,-5.14150,-6.29236
146.09000,-5.02680,-5.97823
146.10000,-5.32068,-6.21344
146.11000,-5.35413,-6.01612
146.12000,-5.07302,-5.78008
146.13000,-5.05453,-5.55901
146.14000,-5.17364,-6.15601
146.15000,-5.49793,-6.00054
146.16000,-5.35538,-5.86027
146.17000,-5.25984,-5.66356
146.18000,-5.39886,-5.98694
146.19000,-5.46802,-5.79235
146.20000,-5.52550,-5.72104
146.21000,-5.32533,-5.81709
146.22000,-5.32004,-6.04039
146.23000,-5.52145,-5.75915
146.24000,-5.76682,-5.52862
146.25000,-5.55378,-5.61167
146.26000,-5.64363,-5.60360
146.27000,-5.58092,-5.65234
146.28000,-5.80716,-5.42562
146.29000,-5.76710,-5.44653
146.30000,-5.68736,-5.53856
146.31000,-5.80548,-5.50771
146.32000,-5.91849,-5.23713
146.33000,-5.88026,-5.27405
146.34000,-5.70961,-5.47220
146.35000,-5.72255,-5.40845
146.36000,-6.10986,-5.35517
146.37000,-5.98682,-5.24423
146.38000,-5.95457,-5.13158
146.39000,-6.63173,-5.17597
146.40000,-5.93098,-5.28538
146.41000,-6.52798,-4.75880
146.42000,-6.35052,-4.98067
146.43000,-5.91816,-5.22831
146.44000,-5.75381,-5.03915
146.45000,-6.61442,-4.83639
146.46000,-6.41159,-4.70401
146.47000,-6.26746,-5.01732
146.48000,-6.32804,-4.57838
146.49000,-6.15869,-4.87030
146.50000,-6.65241,-4.92824
146.51000,-6.41648,-4.85560
146.52000,-6.89399,-4.55271
146.53000,-6.65386,-4.39011
146.54000,-6.40020,-4.17486
146.55000,-6.62868,-4.65464
146.56000,-6.31548,-4.58991
146.57000,-6.55299,-4.28184
146.58000,-6.60245,-4.69126
146.59000,-6.43677,-4.37290
146.60000,-6.59063,-4.64807
146.61000,-6.58905,-4.10692
146.62000,-7.06340,-4.17588
146.63000,-6.99911,-4.05795
146.64000,-6.50898,-3.64721
146.65000,-7.00813,-4.12582
146.66000,-7.07420,-4.18033
146.67000,-6.91096,-3.66443
146.68000,-6.96071,-4.02459
146.69000,-7.16308,-4.18335
146.70000,-6.75624,-3.64306
146.71000,-6.92029,-3.86716
146.72000,-6.95662,-3.54470
146.73000,-7.28015,-3.59022
146.74000,-7.02312,-3.95468
146.75000,-7.16530,-3.75346
146.76000,-6.70712,-3.50159
146.77000,-7.41256,-3.72010
146.78000,-7.30853,-3.31940
146.79000,-7.08281,-3.54143
146.80000,-7.26465,-3.51545
146.81000,-7.55192,-3.13766
146.82000,-7.35092,-3.63160
146.83000,-7.42388,-3.57688
146.84000,-7.33237,-3.04598
146.85000,-7.33842,-3.41314
146.86000,-7.45679,-3.01101
146.87000,-7.10987,-2.84239
146.88000,-7.21199,-3.09862
146.89000,-7.19625,-3.12715
146.90000,-7.23574,-3.05301
146.91000,-7.38712,-2.92497
146.92000,-7.33368,-2.62866
146.93000,-7.32998,-2.82507
146.94000,-7.59708,-2.85290
146.95000,-7.56016,-2.74465
146.96000,-7.41382,-2.75506
146.97000,-7.52571,-2.79402
146.98000,-7.81198,-2.53328
146.99000,-7.81441,-2.75061
147.00000,-7.80247,-2.36040
147.01000,-7.70840,-2.17281
147.02000,-7.49833,-2.41435
147.03000,-7.64630,-2.65454
147.04000,-7.82408,-2.39621
147.05000,-7.68888,-2.24254
147.06000,-7.55704,-2.29751
147.07000,-7.68287,-2.23367
147.08000,-7.81214,-1.71411
147.09000,-7.94689,-1.85468
147.10000,-7.55223,-2.33704
147.11000,-7.59909,-2.22405
147.12000,-7.42916,-1.92355
147.13000,-7.95000,-2.04069
147.14000,-7.56863,-1.82057
147.15000,-7.84223,-1.56062
147.16000,-8.03403,-1.88194
147.17000,-7.83439,-1.72601
147.18000,-7.70483,-1.46129
147.19000,-7.83331,-1.64354
147.20000,-7.93160,-1.62957
147.21000,-7.68929,-1.44338
147.22000,-7.83934,-1.47778
147.23000,-7.89951,-1.29847
147.24000,-7.87884,-1.43308
147.25000,-8.07537,-1.58470
147.26000,-7.85908,-1.17238
147.27000,-7.87689,-1.06566
147.28000,-7.91582,-0.94837
147.29000,-7.98877,-1.17277
147.30000,-8.47288,-0.86567
147.31000,-8.15162,-0.92862
147.32000,-8.04359,-0.37394
147.33000,-7.69471,-0.96220
147.34000,-7.80678,-0.91136
147.35000,-8.08070,-0.65603
147.36000,-8.00431,-0.82672
147.37000,-8.05629,-0.63161
147.38000,-7.81155,-0.51939
147.39000,-7.94441,-0.35021
147.40000,-8.17052,-0.52238
147.41000,-8.39503,-0.38669
147.42000,-7.72100,-0.39079
147.43000,-8.02459,-0.29449
147.44000,-8.16383,-0.33662
147.45000,-7.75598,0.02164
147.46000,-7.69629,-0.12566
147.47000,-7.73863,-0.17731
147.48000,-7.58742,-0.01812
147.49000,-7.73125,0.05653
147.50000,-7.76268,0.25233
147.51000,-8.08349,-0.08401
147.52000,-8.05178,0.04825
147.53000,-8.14077,0.35053
147.54000,-8.14245,0.18101
147.55000,-7.79031,-0.02193
147.56000,-7.83952,0.49498
147.57000,-8.15494,0.33516
147.58000,-8.03170,0.45036
147.59000,-8.17223,0.61781
147.60000,-7.89472,0.22184
147.61000,-7.66573,0.74597
147.62000,-8.09144,0.61185
147.63000,-7.94595,0.59921
147.64000,-7.69106,0.54346
147.65000,-7.39721,0.98829
147.66000,-7.70250,0.78152
147.67000,-8.12417,0.73841
147.68000,-7.94876,0.93842
147.69000,-7.66672,0.85659
147.70000,-7.85123,1.18237
147.71000,-7.83690,1.04382
147.72000,-7.80788,1.16429
147.73000,-7.92328,1.05444
147.74000,-7.74176,1.16265
147.75000,-8.14462,1.10362
147.76000,-7.90281,1.45338
147.77000,-8.15532,1.30242
147.78000,-7.78245,1.34350
147.79000,-7.93954,1.47727
147.80000,-7.75594,1.68059
147.81000,-7.84933,1.93259
147.82000,-8.01103,1.25697
147.83000,-7.80219,1.54827
147.84000,-7.44115,1.61736
147.85000,-7.77977,1.67427
147.86000,-7.75377,1.75584
147.87000,-7.73504,2.13524
147.88000,-7.77998,1.96156
147.89000,-7.87479,2.24302
147.90000,-7.77763,2.01053
147.91000,-7.85248,2.20635
147.92000,-7.87139,1.95509
147.93000,-7.99365,1.91342
147.94000,-7.80496,2.14709
147.95000,-7.92108,2.33439
147.96000,-7.76886,2.54764
147.97000,-7.57623,2.19888
147.98000,-7.49063,2.34864
147.99000,-7.56702,2.61894
148.00000,-7.72772,2.79515
148.01000,-7.40562,2.38385
148.02000,-7.77118,2.43961
148.03000,-7.86895,2.80508
148.04000,-7.76778,2.58175
148.05000,-7.96220,2.67683
148.06000,-7.56937,2.92209
148.07000,-7.38483,2.98999
148.08000,-7.90248,3.00144
148.09000,-7.49779,3.11801
148.10000,-7.32510,3.30903
148.11000,-7.14085,3.22084
148.12000,-7.52577,2.86510
148.13000,-7.26524,3.08632
148.14000,-7.68791,2.95326
148.15000,-7.17978,3.08351
148.16000,-7.31657,3.14367
148.17000,-7.13393,3.17972
148.18000,-7.44750,3.40027
148.19000,-7.35035,3.47015
148.20000,-7.32394,3.54297
148.21000,-7.34504,3.57294
148.22000,-6.90876,3.19849
148.23000,-7.25730,3.30883
148.24000,-7.16796,3.76491
148.25000,-7.16833,3.40431
148.26000,-7.13821,3.90244
148.27000,-6.82493,3.45599
148.28000,-7.17166,3.55418
148.29000,-7.02772,3.88787
148.30000,-6.99965,3.86499
148.31000,-6.97254,3.73261
148.32000,-6.94562,3.95542
148.33000,-6.73123,3.98201
148.34000,-7.14622,4.34766
148.35000,-6.94605,4.05995
148.36000,-6.56002,3.97515
148.37000,-6.94954,4.11759
148.38000,-7.02428,4.10810
148.39000,-6.57948,4.23771
148.40000,-6.51390,4.52441
148.41000,-6.57236,4.38832
148.42000,-6.56216,4.40361
148.43000,-6.64097,4.67790
148.44000,-6.58553,4.44673
148.45000,-6.85211,4.60044
148.46000,-6.58298,4.79746
148.47000,-6.60205,4.42323
148.48000,-6.75182,4.35755
148.49000,-6.44075,4.48884
148.50000,-6.35585,4.46486
148.51000,-6.52372,4.84659
148.52000,-6.78670,4.70063
148.53000,-6.40619,4.60453
148.54000,-6.60905,4.81165
148.55000,-6.41210,5.08687
148.56000,-6.37149,4.99934
148.57000,-6.16680,4.95535
148.58000,-6.08609,5.07790
148.59000,-6.36118,4.80243
148.60000,-6.17240,4.83537
148.61000,-5.77216,4.84845
148.62000,-6.30863,5.18895
148.63000,-5.74401,5.13438
148.64000,-6.20509,5.11410
148.65000,-6.11019,5.21496
148.66000,-6.01799,5.37148
148.67000,-5.52117,5.31312
148.68000,-5.86464,5.28376
148.69000,-5.81248,5.05892
148.70000,-5.92541,5.35545
148.71000,-5.83250,5.43771
148.72000,-5.90730,5.51830
148.73000,-5.53941,5.32214
148.74000,-5.76694,5.42350
148.75000,-5.71916,5.89864
148.76000,-5.77072,5.70333
148.77000,-5.67080,6.10135
148.78000,-5.45187,5.76803
148.79000,-5.30729,6.03489
148.80000,-5.96327,5.91177
148.81000,-5.32869,5.90246
148.82000,-5.50306,5.40691
148.83000,-5.27471,5.90035
148.84000,-5.26021,6.11553
148.85000,-5.58079,5.90093
148.86000,-4.96676,6.29010
148.87000,-5.38969,6.14135
148.88000,-5.33780,6.34032
148.89000,-5.12715,6.00747
148.90000,-5.18615,6.17255
148.91000,-5.17045,5.68554
148.92000,-5.07179,6.03554
148.93000,-4.94617,6.20635
148.94000,-4.93768,6.21966
148.95000,-4.84622,6.38557
148.96000,-5.04964,6.45812
148.97000,-4.49847,6.24517
148.98000,-4.54402,6.18182
148.99000,-4.68121,6.41354
149.00000,-4.36429,6.56488
149.01000,-4.65749,6.41701
149.02000,-4.51590,6.82083
149.03000,-4.50353,6.66534
149.04000,-4.17154,6.51146
149.05000,-4.43766,6.65459
149.06000,-4.43047,6.85548
149.07000,-4.46016,6.96008
149.08000,-4.15687,6.42550
149.09000,-4.50633,6.56920
149.10000,-4.11802,6.72554
149.11000,-4.10774,6.57064
149.12000,-4.16914,6.50678
149.13000,-4.43093,6.67935
149.14000,-4.50486,6.94109
149.15000,-4.11120,6.75892
149.16000,-4.21267,6.72797
149.17000,-3.93106,7.04714
149.18000,-3.75128,7.23638
149.19000,-3.59464,7.27718
149.20000,-4.04937,7.07908
149.21000,-3.88520,7.07858
149.22000,-3.68667,7.16452
149.23000,-3.63290,7.17211
149.24000,-3.45353,7.18703
149.25000,-3.49928,6.74658
149.26000,-3.64184,7.11071
149.27000,-3.43896,7.55877
149.28000,-3.29728,6.89361
149.29000,-3.44515,6.94613
149.30000,-3.30237,7.28996
149.31000,-3.15777,7.32250
149.32000,-3.52359,7.01162
149.33000,-3.96015,7.22682
149.34000,-3.14102,7.24881
149.35000,-3.00610,7.17259
149.36000,-3.07386,7.14739
149.37000,-2.69685,7.32954
149.38000,-3.29261,7.45532
149.39000,-3.33226,7.38944
149.40000,-3.10825,7.19041
149.41000,-3.17904,7.62284
149.42000,-2.95277,7.33316
149.43000,-2.98825,7.47362
149.44000,-2.62896,7.34665
149.45000,-2.77908,7.58737
149.46000,-2.68365,7.49059
149.47000,-2.53780,7.65704
149.48000,-2.62564,7.58989
149.49000,-2.93438,7.71016
149.50000,-2.64178,7.49052
149.51000,-2.11955,7.66720
149.52000,-2.14795,7.35744
149.53000,-2.27015,7.83196
149.54000,-2.28441,7.75433
149.55000,-2.54049,7.52187
149.56000,-2.14401,7.71276
149.57000,-2.30659,7.38114
149.58000,-2.09924,7.48725
149.59000,-1.96666,7.95348
149.60000,-1.65006,7.69110
149.61000,-1.83258,7.96332
149.62000,-1.74201,7.79068
149.63000,-1.96769,7.74707
149.64000,-1.94452,7.79211
149.65000,-1.64839,7.93971
149.66000,-1.64139,7.88343
149.67000,-1.70545,8.14355
149.68000,-1.77793,7.76085
149.69000,-1.49283,7.77130
149.70000,-1.31894,7.77959
149.71000,-1.40989,7.60890
149.72000,-1.06487,8.29558
149.73000,-1.22057,8.01463
149.74000,-1.62404,7.83153
149.75000,-1.09678,8.30707
149.76000,-1.23331,8.41984
149.77000,-1.21401,7.93947
149.78000,-0.73945,8.12814
149.79000,-0.85655,7.64085
149.80000,-1.20753,8.18222
149.81000,-0.76292,7.75868
149.82000,-0.94267,8.07986
149.83000,-0.82672,7.73917
149.84000,-0.97241,8.02359
149.85000,-0.70252,7.86342
149.86000,-0.57106,7.80547
149.87000,-0.54772,8.13736
149.88000,-0.35066,7.90490
149.89000,-0.66935,7.78227
149.90000,-0.51728,7.93591
149.91000,-0.33556,8.22283
149.92000,-0.28240,8.05715
149.93000,-0.45855,8.02630
149.94000,-0.52305,8.05869
149.95000,-0.32226,8.06460
149.96000,-0.12450,7.99056
149.97000,-0.31276,7.71574
149.98000,-0.05398,8.21593
149.99000,0.01851,7.86905
150.00000,-0.12219,8.20278
150.01000,0.42826,8.02521
150.02000,0.10604,8.21912
150.03000,0.27366,7.72030
150.04000,0.15340,8.17570
150.05000,0.11668,7.99114
150.06000,0.34505,7.79056
150.07000,0.20511,7.96498
150.08000,0.20785,8.23143
150.09000,0.27676,7.78689
150.10000,0.60343,7.78006
150.11000,0.37687,8.45374
150.12000,0.33833,7.94499
150.13000,0.52970,8.14665
150.14000,0.71243,7.72591
150.15000,0.84033,7.51028
150.16000,0.68116,7.90871
150.17000,0.78722,8.09615
150.18000,1.11453,8.01996
150.19000,1.23499,7.73212
150.20000,1.01949,7.93578
150.21000,1.52028,7.92918
150.22000,1.34118,8.07989
150.23000,1.54299,7.79516
150.24000,1.22319,8.02316
150.25000,1.05132,8.19698
150.26000,0.91564,8.08144
150.27000,1.12544,7.67673
150.28000,1.36816,7.89065
150.29000,1.44357,8.08871
150.30000,1.30430,8.16165
150.31000,1.30210,7.69064
150.32000,1.29580,7.89158
150.33000,1.30959,7.97254
150.34000,1.83331,7.62428
150.35000,1.72823,7.70184
150.36000,1.67240,7.84256
150.37000,1.93947,7.68600
150.38000,1.75698,7.64127
150.39000,1.96287,7.81378
150.40000,2.06527,7.41836
150.41000,1.95508,7.31889
150.42000,1.96792,7.54552
150.43000,1.97763,7.87379
150.44000,2.52454,7.51468
150.45000,2.14917,7.47526
150.46000,2.13538,7.65292
150.47000,1.98538,7.53171
150.48000,2.21260,7.58482
150.49000,2.75857,7.47863
150.50000,2.32810,7.66250
150.51000,2.41213,7.78072
150.52000,2.89462,7.59477
150.53000,2.72031,7.87007
150.54000,2.83526,7.59132
150.55000,2.77559,7.39428
150.56000,2.59610,7.64679
150.57000,2.68778,7.51789
150.58000,2.82826,7.51307
150.59000,3.00188,7.57584
150.60000,3.08334,7.47828
150.61000,2.83957,7.31213
150.62000,2.96408,7.54839
150.63000,3.40672,7.32173
150.64000,3.48327,7.24887
150.65000,3.23681,6.99687
150.66000,3.13333,7.25988
150.67000,3.63124,7.33729
150.68000,3.22637,7.25422
150.69000,3.41139,7.32683
150.70000,3.66420,6.99364
150.71000,3.47528,7.06739
150.72000,3.60528,7.21364
150.73000,3.81418,7.26701
150.74000,3.46788,7.36569
150.75000,3.51961,7.15876
150.76000,3.75062,6.93002
150.77000,3.81021,6.84576
150.78000,3.89723,6.85606
150.79000,4.03257,7.17023
150.80000,3.81634,6.69789
150.81000,4.01346,6.98603
150.82000,3.72806,6.86847
150.83000,4.17932,6.96773
150.84000,4.13984,7.00283
150.85000,4.27987,6.73146
150.86000,4.37873,6.87293
150.87000,4.35130,6.75836
150.88000,3.81191,7.08630
150.89000,4.16195,6.89170
150.90000,4.38665,7.05681
150.91000,4.25350,6.76342
150.92000,4.55720,6.81495
150.93000,4.28631,6.85523
150.94000,4.21050,6.69423
150.95000,4.83584,6.56977
150.96000,4.46367,6.98118
150.97000,4.42615,6.59489
150.98000,5.05644,6.69194
150.99000,4.71221,6.61693
151.00000,4.66292,6.55776
151.01000,4.72470,6.40188
151.02000,4.72786,6.71200
151.03000,4.84404,6.37559
151.04000,4.86451,6.17808
151.05000,5.03975,6.25422
151.06000,5.05616,6.15075
151.07000,4.96244,6.03907
151.08000,5.02291,6.07719
151.09000,5.04512,6.05240
151.10000,4.96058,6.28761
151.11000,5.21219,6.16661
151.12000,4.90230,6.28820
151.13000,4.94164,5.98445
151.14000,5.38789,5.74298
151.15000,5.27619,5.90020
151.16000,5.09986,6.10462
151.17000,5.52081,6.06445
151.18000,5.21178,5.97034
151.19000,5.20084,5.82411
151.20000,5.43093,5.98669
151.21000,5.67959,5.98731
151.22000,5.39234,5.61372
151.23000,5.61214,5.61435
151.24000,5.81863,5.70236
151.25000,5.55627,5.85473
151.26000,5.49722,5.67608
151.27000,5.82440,5.79801
151.28000,5.73937,5.54962
151.29000,5.98151,5.31443
151.30000,5.50845,5.66867
151.31000,6.20628,5.74688
151.32000,5.81295,5.64339
151.33000,5.97229,5.18901
151.34000,6.06733,5.40992
151.35000,5.98830,5.20059
151.36000,6.20321,5.39290
151.37000,6.01212,5.02367
151.38000,6.14995,4.78121
151.39000,6.26196,4.80914
151.40000,6.21614,5.05386
151.41000,6.24377,5.04707
151.42000,6.57542,5.12177
151.43000,6.29554,5.09205
151.44000,6.28421,5.01255
151.45000,6.17240,4.75614
151.46000,6.62611,4.72937
151.47000,6.45383,5.27271
151.48000,6.36040,4.67280
151.49000,6.65362,4.39207
151.50000,6.53569,4.68546
151.51000,6.67838,4.59263
151.52000,6.47836,4.53347
151.53000,6.69279,4.70410
151.54000,6.58276,4.94352
151.55000,6.67330,4.60947
151.56000,6.45337,4.05285
151.57000,6.54896,4.42488
151.58000,6.78127,4.16129
151.59000,6.79680,4.29210
151.60000,6.85151,4.21125
151.61000,6.76258,4.04511
151.62000,6.82201,4.31049
151.63000,6.78938,4.35566
151.64000,6.60580,4.12134
151.65000,6.93804,4.06894
151.66000,6.96825,3.92134
151.67000,6.76932,4.17227
151.68000,7.17149,3.93824
151.69000,7.07024,3.96804
151.70000,6.80990,3.70853
151.71000,6.94693,3.79658
151.72000,7.09797,3.98439
151.73000,6.85311,3.50706
151.74000,7.17862,3.38398
151.75000,6.99425,3.32872
151.76000,7.02703,3.54231
151.77000,7.10450,3.61590
151.78000,7.30529,3.39564
151.79000,6.81577,3.53971
151.80000,7.57762,3.25198
151.81000,7.34417,3.23288
151.82000,7.04889,3.40377
151.83000,7.34002,3.15920
151.84000,7.47077,3.22988
151.85000,7.12190,3.35763
151.86000,7.75245,3.21378
151.87000,7.48612,3.44834
151.88000,7.05309,3.01241
151.89000,7.54603,3.10860
151.90000,7.37705,2.87887
151.91000,7.30781,2.77222
151.92000,7.63548,2.64586
151.93000,7.06433,2.51817
151.94000,7.50861,2.83161
151.95000,7.39247,2.50809
151.96000,7.89619,2.93063
151.97000,7.78287,2.70608
151.98000,7.40228,2.53285
151.99000,7.77165,2.94936
152.00000,7.39433,2.42137
152.01000,7.51120,2.41201
152.02000,7.56115,2.50402
152.03000,7.51390,2.30503
152.04000,7.72913,2.45406
152.05000,7.78393,2.35742
152.06000,7.49534,2.36848
152.07000,7.81855,2.18589
152.08000,7.71250,1.96137
152.09000,7.98370,1.74465
152.10000,7.58358,1.79105
152.11000,7.84855,1.68163
152.12000,8.02702,2.18870
152.13000,7.96715,2.13460
152.14000,7.81463,2.27237
152.15000,7.81822,1.77005
152.16000,7.97180,1.57239
152.17000,7.72371,1.61309
152.18000,7.68369,1.37205
152.19000,7.83595,1.45688
152.20000,7.70948,1.56160
152.21000,7.42713,1.49845
152.22000,7.86975,1.32024
152.23000,8.02396,1.01089
152.24000,7.87093,1.34733
152.25000,7.75991,1.31131
152.26000,7.86483,0.98739
152.27000,7.84436,1.04912
152.28000,8.11568,1.06860
152.29000,8.01750,1.27010
152.30000,7.94461,1.02217
152.31000,7.97353,0.82576
152.32000,7.89912,0.72084
152.33000,8.12143,1.10724
152.34000,8.17583,0.84683
152.35000,7.79522,0.63315
152.36000,8.24024,0.78774
152.37000,7.97116,0.69743
152.38000,7.96295,0.85788
152.39000,7.87515,0.58928
152.40000,8.39866,0.71201
152.41000,7.75241,0.50437
152.42000,8.41741,0.46158
152.43000,8.07495,0.24989
152.44000,7.65458,0.18356
152.45000,7.74717,0.40414
152.46000,7.88043,0.28647
152.47000,7.74145,0.37489
152.48000,8.22311,-0.13583
152.49000,7.96599,0.06874
152.50000,7.67971,0.22299
152.51000,7.89538,-0.32691
152.52000,7.92742,-0.33087
152.53000,7.90032,-0.30088
152.54000,7.77746,-0.13971
152.55000,8.02535,-0.37626
152.56000,7.98586,-0.25624
152.57000,7.79874,-0.22806
152.58000,8.23942,0.10539
152.59000,7.79657,-0.35654
152.60000,7.84138,-0.47531
152.61000,7.83069,-0.53781
152.62000,7.93347,-0.59760
152.63000,7.89178,-0.49887
152.64000,8.10049,-0.70137
152.65000,8.26676,-0.90515
152.66000,7.95680,-0.84968
152.67000,7.80605,-0.95968
152.68000,8.12850,-0.96320
152.69000,7.85256,-0.80133
152.70000,7.83787,-1.10429
152.71000,7.80609,-1.32311
152.72000,7.78639,-0.91717
152.73000,7.89007,-1.25283
152.74000,7.75369,-1.19670
152.75000,8.24337,-1.49731
152.76000,8.01205,-1.40299
152.77000,7.82809,-1.31520
152.78000,8.00457,-1.43147
152.79000,7.96960,-1.28859
152.80000,8.10139,-1.55255
152.81000,7.50592,-1.58118
152.82000,7.46127,-1.78525
152.83000,7.86421,-1.79770
152.84000,7.90367,-1.90429
152.85000,7.90621,-1.92498
152.86000,7.75952,-1.68314
152.87000,7.85452,-1.94773
152.88000,7.49176,-1.97231
152.89000,7.92902,-1.79238
152.90000,7.57119,-1.60158
152.91000,7.88897,-2.50563
152.92000,7.77337,-2.10734
152.93000,7.70844,-1.81026
152.94000,7.88843,-2.26987
152.95000,7.43392,-2.09882
152.96000,7.48208,-2.57996
152.97000,7.94205,-2.01183
152.98000,7.28956,-2.38388
152.99000,7.48352,-2.42835
153.00000,7.42575,-2.64026
153.01000,7.60167,-2.60862
153.02000,7.55770,-2.43799
153.03000,7.45644,-2.82106
153.04000,7.63780,-2.69034
153.05000,7.42109,-2.47923
153.06000,7.74964,-2.91744
153.07000,7.25220,-2.86900
153.08000,7.39552,-2.90570
153.09000,7.23582,-2.83177
153.10000,6.99955,-2.93049
153.11000,7.51226,-3.29411
153.12000,7.47144,-2.65594
153.13000,7.37046,-3.14966
153.14000,7.38248,-3.31214
153.15000,7.48845,-3.28610
153.16000,7.42044,-3.00250
153.17000,7.59078,-3.30351
153.18000,7.31267,-3.60724
153.19000,7.44666,-3.22480
153.20000,7.08424,-3.29215
153.21000,7.09468,-3.57703
153.22000,7.46609,-3.54276
153.23000,7.15026,-3.72313
153.24000,7.17057,-3.73631
153.25000,6.99965,-3.61544
153.26000,6.97996,-3.38275
153.27000,6.98270,-3.79807
153.28000,6.46890,-3.53746
153.29000,7.16002,-3.80244
153.30000,7.10761,-4.15550
153.31000,7.15367,-3.87823
153.32000,7.00651,-4.09840
153.33000,6.95418,-4.02947
153.34000,7.02330,-3.93325
153.35000,6.51322,-3.97237
153.36000,6.84573,-4.04587
153.37000,6.62967,-4.05387
153.38000,6.89628,-4.17421
153.39000,6.63603,-4.28750
153.40000,6.69465,-4.48306
153.41000,6.91125,-4.37339
153.42000,7.10491,-4.25007
153.43000,6.59675,-4.53547
153.44000,6.55966,-4.40951
153.45000,6.87260,-4.40660
153.46000,6.56053,-4.46450
153.47000,6.54938,-4.40087
153.48000,6.44517,-4.52234
153.49000,6.72255,-4.60366
153.50000,6.34024,-4.90238
153.51000,6.64106,-4.69201
153.52000,6.42612,-4.72913
153.53000,6.09073,-4.40139
153.54000,6.41851,-4.36156
153.55000,6.05941,-5.09805
153.56000,5.95755,-5.00485
153.57000,6.27205,-4.83007
153.58000,6.35912,-4.60836
153.59000,6.18121,-5.14461
153.60000,5.87718,-5.25774
153.61000,5.93220,-4.99623
153.62000,6.02568,-4.99573
153.63000,6.21780,-5.59601
153.64000,5.76480,-5.27454
153.65000,6.07195,-5.35570
153.66000,6.11424,-5.30870
153.67000,6.12473,-5.43868
153.68000,5.76928,-5.57938
153.69000,5.58445,-5.43184
153.70000,5.79825,-5.15187
153.71000,5.94402,-5.25944
153.72000,5.65463,-5.55744
153.73000,5.62949,-5.55233
153.74000,5.60097,-5.54182
153.75000,5.65788,-5.69092
153.76000,5.82786,-5.57457
153.77000,5.48996,-5.86759
153.78000,5.30300,-5.79055
153.79000,5.48675,-5.66344
153.80000,5.49258,-5.66141
153.81000,5.55520,-5.99498
153.82000,5.46652,-6.10506
153.83000,5.07956,-5.84455
153.84000,5.42285,-6.06132
153.85000,5.60111,-6.09150
153.86000,5.33907,-5.71567
153.87000,5.24859,-6.21685
153.88000,5.05983,-6.39708
153.89000,5.03906,-5.95098
153.90000,4.80646,-6.30155
153.91000,5.27746,-6.31736
153.92000,5.46171,-6.55544
153.93000,4.96277,-6.84507
153.94000,5.03057,-6.56209
153.95000,4.77379,-5.95753
153.96000,4.79475,-6.30466
153.97000,4.59914,-6.38023
153.98000,4.75346,-6.13097
153.99000,4.55789,-6.24387
154.00000,4.93784,-6.31470
154.01000,4.72025,-6.58223
154.02000,4.65378,-6.90147
154.03000,4.62970,-6.85302
154.04000,4.65686,-6.73842
154.05000,4.34166,-6.66290
154.06000,4.52965,-6.77379
154.07000,4.27818,-6.55743
154.08000,4.46410,-6.79674
154.09000,4.18051,-6.76907
154.10000,4.10855,-6.45430
154.11000,4.40981,-6.46956
154.12000,4.13909,-6.56408
154.13000,4.09443,-7.24175
154.14000,4.11482,-7.10968
154.15000,3.96549,-6.87952
154.16000,3.97299,-6.85062
154.17000,4.20002,-6.80651
154.18000,3.79132,-6.79324
154.19000,3.77429,-7.28146
154.20000,4.01024,-7.31714
154.21000,3.79847,-6.89542
154.22000,3.78230,-6.72583
154.23000,3.48637,-6.83012
154.24000,3.91579,-6.85750
154.25000,3.60312,-7.02941
154.26000,3.82948,-7.22616
154.27000,3.34575,-7.15850
154.28000,3.77588,-7.18460
154.29000,3.51016,-7.13931
154.30000,3.65257,-6.89961
154.31000,3.06792,-7.33982
154.32000,3.45842,-7.32533
154.33000,3.26740,-7.29570
154.34000,3.36650,-7.33081
154.35000,2.88098,-6.95986
154.36000,3.07255,-7.21722
154.37000,3.09887,-7.60350
154.38000,3.20449,-7.60559
154.39000,2.83279,-7.21072
154.40000,2.57737,-7.84321
154.41000,2.64099,-7.34678
154.42000,2.75883,-7.00970
154.43000,2.69625,-7.18717
154.44000,2.76200,-7.50345
154.45000,2.64288,-7.40578
154.46000,2.50067,-7.85532
154.47000,3.01637,-7.66384
154.48000,2.25678,-7.62875
154.49000,2.63416,-7.52611
154.50000,2.27145,-7.77936
154.51000,2.29805,-7.61541
154.52000,2.56150,-7.88106
154.53000,1.89867,-7.82090
154.54000,2.44817,-7.94356
154.55000,2.02812,-7.67062
154.56000,2.03373,-7.80611
154.57000,2.29821,-7.59973
154.58000,2.25038,-7.75343
154.59000,1.76533,-8.03768
154.60000,2.08408,-7.99670
154.61000,1.90679,-7.98302
154.62000,1.87973,-7.92648
154.63000,1.97097,-8.05816
154.64000,1.58102,-8.13327
154.65000,1.91815,-7.75724
154.66000,1.84522,-8.14490
154.67000,1.49488,-7.59405
154.68000,1.92580,-7.76736
154.69000,1.32009,-7.90807
154.70000,1.34964,-7.94250
154.71000,1.52431,-7.95984
154.72000,1.23477,-7.68817
154.73000,1.23684,-8.00954
154.74000,1.11438,-7.95966
154.75000,1.19100,-8.18040
154.76000,1.18577,-7.86508
154.77000,1.16243,-8.10860
154.78000,1.04024,-7.91568
154.79000,0.81765,-8.02561
154.80000,1.09770,-7.94308
154.81000,1.00462,-8.23447
154.82000,0.84016,-7.60387
154.83000,0.65842,-8.24978
154.84000,1.30269,-7.83811
154.85000,0.71175,-7.83337
154.86000,0.88866,-8.02316
154.87000,0.87798,-8.39221
154.88000,1.02208,-7.99047
154.89000,0.66240,-7.90128
154.90000,0.53565,-8.06548
154.91000,0.27842,-8.20869
154.92000,0.18424,-8.15074
154.93000,0.39301,-8.28480
154.94000,-0.04713,-7.96294
154.95000,0.40247,-7.80525
154.96000,0.47273,-7.64861
154.97000,0.41002,-7.89531
154.98000,0.38169,-8.10244
154.99000,-0.08516,-8.16500
155.00000,-0.06087,-7.68939
155.01000,-0.22748,-8.01929
155.02000,-0.04461,-8.00322
155.03000,0.00387,-7.83324
155.04000,-0.06684,-8.01364
155.05000,-0.58869,-7.61245
155.06000,-0.15933,-7.92880
155.07000,-0.32933,-7.81393
155.08000,-0.46636,-7.99011
155.09000,-0.53746,-8.11780
155.10000,-0.36016,-8.07083
155.11000,-0.32174,-7.97096
155.12000,-0.45090,-7.97874
155.13000,-0.53932,-7.98037
155.14000,-0.59615,-7.96858
155.15000,-0.40471,-7.88808
155.16000,-0.78154,-7.99165
155.17000,-0.86875,-7.86098
155.18000,-0.94423,-7.79245
155.19000,-0.79836,-7.98461
155.20000,-0.83748,-7.99953
155.21000,-0.99211,-8.15391
155.22000,-1.20030,-7.71080
155.23000,-1.15876,-7.68821
155.24000,-1.24381,-7.60096
155.25000,-1.04800,-7.95925
155.26000,-1.47145,-7.61752
155.27000,-1.27154,-7.81098
155.28000,-1.48990,-7.67129
155.29000,-1.37620,-7.41935
155.30000,-1.38756,-7.57693
155.31000,-1.59244,-7.99772
155.32000,-1.70454,-7.95951
155.33000,-1.71163,-7.88460
155.34000,-1.46447,-8.18904
155.35000,-1.77822,-7.84202
155.36000,-2.29026,-7.44948
155.37000,-2.01896,-7.56437
155.38000,-2.12013,-7.53831
155.39000,-1.82420,-7.63938
155.40000,-1.87476,-7.96559
155.41000,-1.98632,-7.59708
155.42000,-2.09454,-7.75162
155.43000,-2.43203,-7.64925
155.44000,-1.99084,-7.63402
155.45000,-2.08482,-7.35348
155.46000,-2.39443,-7.86760
155.47000,-2.32885,-7.81281
155.48000,-2.57656,-7.51063
155.49000,-2.28196,-7.74514
155.50000,-2.51026,-7.93778
155.51000,-2.66923,-7.57309
155.52000,-2.51170,-7.50193
155.53000,-2.55736,-7.35437
155.54000,-2.91788,-7.51422
155.55000,-2.61099,-7.49656
155.56000,-2.35880,-7.22599
155.57000,-2.48507,-7.42849
155.58000,-2.82609,-7.64219
155.59000,-3.14426,-7.37407
155.60000,-2.88108,-7.17097
155.61000,-2.86536,-7.32116
155.62000,-2.85220,-7.25132
155.63000,-2.88558,-7.21653
155.64000,-3.32914,-7.74947
155.65000,-3.27712,-7.18788
155.66000,-3.12954,-7.12980
155.67000,-3.52686,-7.22633
155.68000,-3.04102,-7.39215
155.69000,-3.39084,-7.14235
155.70000,-3.38492,-7.02773
155.71000,-3.39709,-7.12791
155.72000,-3.39466,-6.82039
155.73000,-3.72870,-7.33359
155.74000,-3.42747,-7.28809
155.75000,-3.36890,-7.37239
155.76000,-3.68148,-7.16967
155.77000,-3.50490,-7.12110
155.78000,-3.87769,-7.17958
155.79000,-3.78999,-7.08441
155.80000,-3.45880,-6.81466
155.81000,-3.75428,-6.94233
155.82000,-4.11105,-6.89694
155.83000,-3.88639,-6.67692
155.84000,-3.91338,-6.97229
155.85000,-3.83604,-6.84984
155.86000,-4.33771,-6.60715
155.87000,-4.11178,-6.76323
155.88000,-4.14485,-6.92918
155.89000,-4.23917,-6.84430
155.90000,-3.91579,-6.98169
155.91000,-4.43463,-6.76520
155.92000,-4.58153,-6.59832
155.93000,-4.37338,-6.63387
155.94000,-4.47673,-6.49667
155.95000,-4.74751,-6.02324
155.96000,-4.31691,-6.71358
155.97000,-4.44111,-6.54677
155.98000,-5.04672,-6.37121
155.99000,-4.54296,-6.73962
156.00000,-4.61573,-6.37408
156.01000,-4.63880,-6.51212
156.02000,-4.96999,-6.51377
156.03000,-4.52240,-6.37530
156.04000,-5.13768,-6.61189
156.05000,-5.22229,-6.45668
156.06000,-4.89627,-6.62958
156.07000,-4.89898,-6.45484
156.08000,-4.83531,-6.27575
156.09000,-4.59765,-6.11450
156.10000,-5.15157,-5.76670
156.11000,-5.23948,-6.31735
156.12000,-5.20573,-6.11969
156.13000,-5.22362,-6.04920
156.14000,-5.28371,-5.73852
156.15000,-5.25320,-5.92162
156.16000,-5.14026,-6.33592
156.17000,-5.09795,-5.93908
156.18000,-5.25543,-5.82781
156.19000,-5.47058,-6.05501
156.20000,-5.11578,-6.11554
156.21000,-5.29937,-6.06499
156.22000,-5.29173,-5.65092
156.23000,-5.54841,-5.76986
156.24000,-5.56366,-5.93545
156.25000,-5.88276,-5.70430
156.26000,-5.89037,-5.51181
156.27000,-5.36045,-5.56437
156.28000,-5.74289,-5.66364
156.29000,-6.05284,-5.62476
156.30000,-5.69640,-5.63756
156.31000,-5.82398,-5.25784
156.32000,-6.03962,-5.58981
156.33000,-5.96206,-5.14129
156.34000,-6.06226,-4.87208
156.35000,-5.55873,-5.31182
156.36000,-5.76200,-5.30539
156.37000,-5.79842,-5.13064
156.38000,-6.17768,-5.33601
156.39000,-6.00210,-5.22177
156.40000,-6.32451,-5.45412
156.41000,-6.19160,-5.06302
156.42000,-6.15354,-5.21611
156.43000,-6.08786,-4.99688
156.44000,-6.15842,-5.33754
156.45000,-6.31278,-4.79849
156.46000,-6.20007,-5.15833
156.47000,-6.75171,-4.76139
156.48000,-6.41955,-4.79761
156.49000,-6.36384,-4.49973
156.50000,-6.30480,-4.51705
156.51000,-6.46103,-4.74397
156.52000,-7.02753,-4.33490
156.53000,-6.56072,-4.91017
156.54000,-6.55046,-4.33952
156.55000,-6.41897,-4.64887
156.56000,-6.73664,-4.35599
156.57000,-6.64107,-4.57010
156.58000,-6.77050,-4.16906
156.59000,-6.79697,-4.48340
156.60000,-6.72826,-4.28066
156.61000,-6.89635,-4.17431
156.62000,-6.86831,-4.31215
156.63000,-6.67942,-4.46194
156.64000,-6.94577,-4.17834
156.65000,-6.85157,-3.75060
156.66000,-6.73999,-4.01016
156.67000,-7.19296,-3.73832
156.68000,-6.98555,-4.05095
156.69000,-7.04258,-4.00614
156.70000,-7.40475,-4.00053
156.71000,-6.90713,-4.02775
156.72000,-6.93818,-3.66811
156.73000,-6.97791,-3.86265
156.74000,-7.42790,-3.64439
156.75000,-7.22828,-3.77365
156.76000,-7.07463,-3.38490
156.77000,-7.32281,-3.61206
156.78000,-6.99358,-3.27294
156.79000,-7.14519,-3.38804
156.80000,-7.10328,-3.45660
156.81000,-7.11550,-3.13722
156.82000,-7.43549,-3.27234
156.83000,-7.48639,-3.49465
156.84000,-7.18117,-3.49044
156.85000,-7.65661,-2.93958
156.86000,-7.08454,-3.23375
156.87000,-7.63524,-3.18472
156.88000,-7.26733,-2.94886
156.89000,-7.63580,-3.06408
156.90000,-7.27034,-2.86724
156.91000,-7.78363,-2.69174
156.92000,-7.46402,-2.99487
156.93000,-7.40814,-2.92634
156.94000,-7.12125,-2.71128
156.95000,-7.63651,-2.60779
156.96000,-7.59742,-2.57450
156.97000,-7.54513,-2.14904
156.98000,-7.41506,-2.41213
156.99000,-7.76582,-2.36482
157.00000,-7.33900,-2.43188
157.01000,-7.50425,-2.31193
157.02000,-7.75081,-2.34211
157.03000,-7.36453,-2.32483
157.04000,-7.60153,-1.97056
157.05000,-7.52847,-2.09974
157.06000,-7.51533,-2.54812
157.07000,-7.57608,-1.94175
157.08000,-7.93027,-2.35065
157.09000,-7.46904,-2.08340
157.10000,-7.92383,-2.04410
157.11000,-7.63435,-1.69195
157.12000,-7.71303,-2.10921
157.13000,-7.79638,-2.37573
157.14000,-7.76214,-1.80534
157.15000,-7.64126,-1.85250
157.16000,-8.16224,-1.94934
157.17000,-7.82777,-1.46352
157.18000,-7.89373,-1.35385
157.19000,-7.74528,-1.84353
157.20000,-7.79788,-1.75892
157.21000,-8.02865,-1.54525
157.22000,-8.03458,-1.48643
157.23000,-7.90963,-1.19311
157.24000,-8.10408,-1.31823
157.25000,-8.16357,-0.96385
157.26000,-7.92923,-1.12336
157.27000,-7.80614,-1.13137
157.28000,-7.97446,-0.85628
157.29000,-7.79744,-0.89738
157.30000,-7.94581,-0.97298
157.31000,-8.06732,-1.14324
157.32000,-8.18804,-1.24748
157.33000,-8.01111,-1.12739
157.34000,-7.72895,-0.87989
157.35000,-8.05348,-0.69142
157.36000,-7.92029,-0.82653
157.37000,-8.05128,-0.38530
157.38000,-7.90894,-0.77179
157.39000,-8.10545,-0.53242
157.40000,-7.94770,-0.44254
157.41000,-7.79376,-0.39989
157.42000,-7.79220,-0.53332
157.43000,-7.87704,-0.50313
157.44000,-7.88989,-0.41357
157.45000,-8.01169,-0.18030
157.46000,-8.04903,-0.06665
157.47000,-7.84306,-0.21936
157.48000,-8.00155,-0.33888
157.49000,-7.85549,-0.24651
157.50000,-8.17959,0.09187
157.51000,-8.14179,0.01870
157.52000,-8.17340,-0.18808
157.53000,-8.00959,-0.12873
157.54000,-7.74884,-0.06713
157.55000,-7.72625,0.29784
157.56000,-7.81030,0.78404
157.57000,-7.88263,0.18991
157.58000,-8.00839,0.35104
157.59000,-7.75292,0.46528
157.60000,-8.15038,0.70776
157.61000,-7.99454,0.43172
157.62000,-7.67111,0.67736
157.63000,-7.77714,0.47127
157.64000,-7.72249,0.71073
157.65000,-7.95892,0.82216
157.66000,-7.84629,0.77177
157.67000,-7.93684,0.68273
157.68000,-8.04308,0.66746
157.69000,-7.80522,0.64651
157.70000,-8.04761,1.23099
157.71000,-7.99302,1.06935
157.72000,-7.75057,1.15786
157.73000,-8.08557,1.08672
157.74000,-7.82185,1.28287
157.75000,-7.96418,1.21064
157.76000,-7.70713,1.33103
157.77000,-7.75554,1.41647
157.78000,-7.86826,1.50905
157.79000,-8.09374,1.37087
157.80000,-8.24180,1.63498
157.81000,-7.58379,1.32014
157.82000,-7.94662,1.46158
157.83000,-7.82606,1.70147
157.84000,-8.01931,1.74154
157.85000,-7.79543,1.61907
157.86000,-7.99084,1.53610
157.87000,-7.69305,1.71519
157.88000,-8.00316,1.97037
157.89000,-7.58492,1.65521
157.90000,-7.59389,1.95554
157.91000,-7.84345,1.95727
157.92000,-7.69300,2.54205
157.93000,-7.74064,1.95727
157.94000,-7.41909,2.33557
157.95000,-7.73392,2.23575
157.96000,-7.74645,2.66274
157.97000,-7.41618,2.22185
157.98000,-7.54749,2.52413
157.99000,-7.82579,2.51835
158.00000,-7.33950,2.34016
158.01000,-7.54141,2.44538
158.02000,-7.73890,2.64136
158.03000,-7.44377,2.68895
158.04000,-7.76691,2.71635
158.05000,-7.72277,2.55063
158.06000,-7.37776,2.46102
158.07000,-7.16558,3.05687
158.08000,-7.81350,3.26033
158.09000,-7.57404,3.03174
158.10000,-7.37187,2.70727
158.11000,-7.49374,3.29640
158.12000,-7.49608,3.02102
158.13000,-7.16839,3.09317
158.14000,-7.68992,3.14467
158.15000,-7.28215,3.00426
158.16000,-7.44447,3.18222
158.17000,-7.00495,3.13251
158.18000,-7.26526,3.40102
158.19000,-6.97435,3.47514
158.20000,-7.41192,3.04175
158.21000,-7.11048,3.47206
158.22000,-6.95248,3.48633
158.23000,-7.29261,3.38433
158.24000,-7.18290,3.35887
158.25000,-6.99491,3.58354
158.26000,-7.21201,3.79664
158.27000,-7.11796,3.83543
158.28000,-7.33529,3.67068
158.29000,-7.30022,3.77130
158.30000,-7.11956,3.77497
158.31000,-6.72916,3.96029
158.32000,-6.82961,3.87043
158.33000,-6.64306,4.32679
158.34000,-6.86402,4.01179
158.35000,-6.68829,4.10954
158.36000,-6.67450,4.40215
158.37000,-6.94264,3.77020
158.38000,-6.88410,4.57947
158.39000,-6.89178,4.02318
158.40000,-6.92432,4.37501
158.41000,-6.73634,4.55960
158.42000,-6.86498,4.42293
158.43000,-6.58334,4.44497
158.44000,-6.84629,4.33832
158.45000,-6.59097,4.37630
158.46000,-6.53439,4.57765
158.47000,-6.82557,4.22733
158.48000,-6.53195,4.66090
158.49000,-6.21947,4.85781
158.50000,-6.63820,4.93983
158.51000,-6.31367,4.54916
158.52000,-6.47957,4.82667
158.53000,-6.31326,4.63659
158.54000,-6.35335,4.32168
158.55000,-6.43256,4.85038
158.56000,-6.39854,4.71980
158.57000,-6.28007,5.08421
158.58000,-5.99223,4.88282
158.59000,-6.19291,5.11968
158.60000,-6.23896,5.22556
158.61000,-5.73135,5.10414
158.62000,-5.97516,5.26605
158.63000,-6.10986,5.18931
158.64000,-6.21053,5.29068
158.65000,-6.21389,5.49222
158.66000,-5.87422,5.02318
158.67000,-5.99994,5.39269
158.68000,-5.99678,5.47501
158.69000,-5.99890,5.49600
158.70000,-5.97858,5.61033
158.71000,-5.75236,5.42256
158.72000,-5.76452,6.01881
158.73000,-5.46778,5.47378
158.74000,-6.03126,6.01563
158.75000,-5.68754,5.70139
158.76000,-5.37261,5.72338
158.77000,-5.68247,5.72236
158.78000,-5.00864,5.58431
158.79000,-5.38901,5.52578
158.80000,-5.20021,5.55700
158.81000,-5.63164,5.85846
158.82000,-5.15534,5.76105
158.83000,-5.44082,5.83280
158.84000,-5.22968,5.93697
158.85000,-4.96786,6.14752
158.86000,-5.09512,5.95813
158.87000,-5.14154,5.91892
158.88000,-5.16787,5.95531
158.89000,-5.40021,6.09149
158.90000,-5.17001,6.50670
158.91000,-5.11095,6.53994
158.92000,-5.15132,6.37024
158.93000,-4.77846,6.25173
158.94000,-4.82934,6.26313
158.95000,-4.89109,6.29287
158.96000,-5.22494,6.52827
158.97000,-5.03971,6.54031
158.98000,-4.71709,6.28304
158.99000,-4.85900,6.35422
159.00000,-4.54782,6.38176
159.01000,-4.57156,6.45822
159.02000,-4.46534,6.27508
159.03000,-4.59295,6.68051
159.04000,-4.65134,6.47645
159.05000,-4.96798,6.70389
159.06000,-4.60284,6.54809
159.07000,-3.84501,6.93660
159.08000,-4.21518,7.01648
159.09000,-4.46473,6.74715
159.10000,-4.04959,6.85630
159.11000,-4.16417,6.95339
159.12000,-4.19155,6.85133
159.13000,-4.24573,6.70179
159.14000,-4.41498,6.86730
159.15000,-3.94519,6.87930
159.16000,-4.08347,6.99056
159.17000,-3.78268,6.88944
159.18000,-3.92750,7.02133
159.19000,-3.92974,7.16842
159.20000,-4.01985,7.07938
159.21000,-3.92328,7.04213
159.22000,-3.28905,7.14221
159.23000,-3.75411,7.10938
159.24000,-3.48731,6.94357
159.25000,-3.56256,7.20187
159.26000,-3.36105,7.41292
159.27000,-3.31351,7.04312
159.28000,-3.43006,7.13099
159.29000,-3.49199,7.43351
159.30000,-3.60220,7.26214
159.31000,-3.80363,7.14343
159.32000,-3.31431,7.26084
159.33000,-3.16595,7.35793
159.34000,-2.87237,7.12414
159.35000,-3.06547,7.42892
159.36000,-3.04274,7.01650
159.37000,-3.29602,7.48433
159.38000,-3.00345,7.20812
159.39000,-2.88646,7.39533
159.40000,-2.89957,7.39416
159.41000,-3.12412,7.59936
159.42000,-2.55085,7.06782
159.43000,-2.91296,7.74785
159.44000,-2.56277,7.58532
159.45000,-2.91742,7.44526
159.46000,-2.76893,6.92797
159.47000,-2.41463,7.51792
159.48000,-2.46847,7.35292
159.49000,-2.53451,7.70379
159.50000,-2.55335,7.69539
159.51000,-2.18641,7.47758
159.52000,-2.29629,7.68689
159.53000,-1.95294,7.77605
159.54000,-2.23725,7.46829
159.55000,-2.64787,7.62420
159.56000,-2.29104,7.70073
159.57000,-2.04698,7.48726
159.58000,-2.45085,7.74973
159.59000,-2.13923,7.81679
159.60000,-2.00985,7.54580
159.61000,-2.03010,7.78178
159.62000,-1.95916,7.81398
159.63000,-2.08832,7.66239
159.64000,-1.63832,7.77769
159.65000,-1.72419,7.69751
159.66000,-1.53966,7.78705
159.67000,-2.00077,7.78444
159.68000,-1.58019,7.64830
159.69000,-1.60102,7.86027
159.70000,-1.40177,7.76899
159.71000,-1.34949,7.94654
159.72000,-1.50666,7.77031
159.73000,-1.12035,7.93406
159.74000,-0.89089,8.01734
159.75000,-1.23833,7.93499
159.76000,-1.31585,7.99531
159.77000,-1.03303,7.91424
159.78000,-1.18719,8.33647
159.79000,-1.05403,8.12928
159.80000,-0.84371,7.82895
159.81000,-1.16947,7.94058
159.82000,-0.66413,7.88211
159.83000,-0.69596,8.08412
159.84000,-0.97831,7.90317
159.85000,-0.81385,8.12486
159.86000,-0.48959,7.89941
159.87000,-0.55018,7.70752
159.88000,-0.64461,8.02897
159.89000,-0.52675,8.06171
159.90000,-0.39122,8.13617
159.91000,-0.54792,7.98137
159.92000,-0.50716,7.81750
159.93000,-0.38453,8.06509
159.94000,-0.05308,7.85774
159.95000,-0.10537,7.96591
159.96000,-0.43337,7.89466
159.97000,-0.18373,8.03923
159.98000,0.20859,7.94908
159.99000,-0.49748,8.13424
160.00000,-0.06565,7.97774
160.01000,0.11019,7.99224
160.02000,-0.08499,7.75258
160.03000,0.06189,7.93524
160.04000,0.25401,8.04389
160.05000,0.21614,7.96848
160.06000,0.19171,7.77543
160.07000,0.21605,8.26746
160.08000,0.36628,8.02117
160.09000,0.60190,8.13004
160.10000,0.34711,7.73357
160.11000,0.61612,8.00542
160.12000,0.61698,7.95493
160.13000,0.41403,7.97603
160.14000,0.45851,7.99452
160.15000,0.54495,8.10621
160.16000,0.47633,8.02487
160.17000,0.94499,7.80988
160.18000,1.02442,7.78507
160.19000,0.96931,7.89127
160.20000,0.97421,7.92258
160.21000,1.20592,7.73121
160.22000,0.85544,8.25573
160.23000,1.41038,7.94036
160.24000,1.03936,7.58960
160.25000,1.10948,7.85608
160.26000,1.28991,7.80615
160.27000,1.40062,7.84838
160.28000,1.46577,7.83386
160.29000,1.67765,7.86700
160.30000,1.39846,7.87711
160.31000,1.60836,7.99243
160.32000,1.48933,7.73087
160.33000,2.18498,7.97596
160.34000,1.71503,7.78717
160.35000,1.95495,7.63048
160.36000,2.05908,7.74525
160.37000,1.69419,7.48019
160.38000,1.97522,7.85934
160.39000,1.96592,7.81780
160.40000,1.90403,7.65004
160.41000,2.05232,7.82480
160.42000,2.36043,8.12458
160.43000,2.18985,7.45409
160.44000,2.16896,7.57054
160.45000,2.01074,7.27357
160.46000,2.07503,7.91221
160.47000,2.41948,7.69363
160.48000,2.71600,7.80900
160.49000,2.08621,7.66210
160.50000,2.38700,7.57883
160.51000,2.31158,7.44567
160.52000,2.44782,7.61888
160.53000,2.27563,7.26744
160.54000,2.47302,7.68722
160.55000,2.54087,7.57897
160.56000,2.67176,7.28415
160.57000,2.77982,7.44241
160.58000,2.76453,7.55737
160.59000,2.94796,7.50397
160.60000,3.06665,7.12665
160.61000,2.85047,7.40685
160.62000,3.43650,7.47665
160.63000,3.01790,7.30774
160.64000,3.40123,7.11165
160.65000,3.10926,7.14844
160.66000,3.29217,7.71451
160.67000,3.07540,7.75497
160.68000,3.22603,7.72392
160.69000,3.54576,7.37017
160.70000,3.46602,7.09018
160.71000,3.48161,7.19665
160.72000,3.28639,7.42637
160.73000,3.47045,7.05206
160.74000,3.83368,6.97356
160.75000,3.66777,7.26492
160.76000,3.79025,7.12698
160.77000,3.36733,7.22913
160.78000,3.93461,7.28861
160.79000,3.27164,7.35887
160.80000,3.74494,7.20103
160.81000,4.07374,6.90277
160.82000,3.74151,7.23148
160.83000,4.26204,6.95189
160.84000,4.11813,6.91003
160.85000,4.28423,7.21604
160.86000,4.19088,7.18138
160.87000,4.52126,6.76907
160.88000,4.49496,6.51263
160.89000,4.10131,6.75396
160.90000,3.84054,6.79552
160.91000,4.24283,6.76382
160.92000,4.30748,6.78881
160.93000,4.38555,6.70538
160.94000,4.29575,6.49643
160.95000,4.49628,6.30690
160.96000,4.54776,6.71760
160.97000,4.65104,6.53636
160.98000,4.72795,6.50798
160.99000,4.78693,6.68817
161.00000,4.79724,6.52348
161.01000,4.81448,6.24023
161.02000,4.83941,6.47619
161.03000,4.65084,6.50441
161.04000,4.68306,6.54798
161.05000,4.65303,6.42179
161.06000,5.03056,6.22405
161.07000,5.29480,6.43342
161.08000,4.98809,6.61914
161.09000,5.17249,6.33231
161.10000,4.82435,6.48272
161.11000,5.33430,6.35986
161.12000,5.28160,5.67625
161.13000,5.13955,6.35401
161.14000,5.24302,5.89582
161.15000,5.49187,6.11661
161.16000,5.19695,6.00833
161.17000,5.49047,6.00076
161.18000,5.25907,6.01885
161.19000,5.36782,5.75259
161.20000,5.49299,5.73067
161.21000,5.47137,6.35360
161.22000,5.24804,5.92139
161.23000,5.49022,5.97876
161.24000,5.44887,5.63025
161.25000,5.50621,5.61129
161.26000,5.51439,5.85278
161.27000,5.78463,5.60726
161.28000,5.70585,5.10547
161.29000,5.84141,5.37326
161.30000,6.08891,5.84579
161.31000,5.75581,5.29830
161.32000,6.21079,5.57650
161.33000,6.22380,5.06476
161.34000,6.07505,5.45735
161.35000,6.06174,5.35166
161.36000,6.24315,5.18166
161.37000,6.18488,5.37113
161.38000,6.02081,5.21555
161.39000,6.05439,5.61334
161.40000,6.39969,5.37398
161.41000,5.97826,4.97618
161.42000,6.10468,4.71655
161.43000,6.27175,4.95886
161.44000,6.51667,4.70521
161.45000,6.41124,5.04733
161.46000,5.99673,4.86485
161.47000,6.36787,4.92927
161.48000,6.17795,4.80416
161.49000,6.12251,4.74821
161.50000,6.54887,4.89153
161.51000,6.42557,4.50061
161.52000,6.32921,4.61598
161.53000,6.27294,4.50364
161.54000,6.41701,4.64469
161.55000,6.42099,4.49021
161.56000,6.56418,4.57987
161.57000,6.68768,4.29515
161.58000,6.68606,4.43107
161.59000,6.77328,4.16925
161.60000,6.76337,4.45768
161.61000,6.72947,4.17204
161.62000,7.07521,4.18928
161.63000,7.05003,4.17662
161.64000,6.95280,4.16239
161.65000,6.65026,4.19868
161.66000,6.70155,4.11480
161.67000,6.90055,4.25426
161.68000,6.55157,3.81972
161.69000,7.09778,3.83653
161.70000,6.86434,3.51469
161.71000,6.97887,3.97066
161.72000,7.20757,3.70099
161.73000,7.33119,3.50048
161.74000,7.16909,3.77365
161.75000,6.72512,3.56763
161.76000,6.94746,3.36658
161.77000,7.11650,3.43015
161.78000,7.17365,3.32264
161.79000,7.24222,3.54583
161.80000,7.31406,3.62247
161.81000,7.18251,3.30658
161.82000,7.38012,3.16114
161.83000,7.09828,3.34506
161.84000,7.36772,3.13966
161.85000,7.27480,3.35854
161.86000,7.25078,3.19848
161.87000,7.49360,2.88931
161.88000,7.49689,3.31970
161.89000,7.14569,3.26907
161.90000,7.36851,2.87024
161.91000,7.37580,2.96807
161.92000,7.32526,2.82395
161.93000,7.70223,2.95312
161.94000,7.43140,2.68235
161.95000,7.54508,2.82139
161.96000,7.55710,2.32574
161.97000,7.70217,2.39992
161.98000,7.62788,2.42559
161.99000,7.53603,2.11035
162.00000,7.51650,2.45205
162.01000,7.38122,2.21046
162.02000,7.48625,2.66539
162.03000,7.50074,2.29134
162.04000,7.62728,2.22127
162.05000,7.80202,2.31402
162.06000,7.70336,2.28040
162.07000,7.73352,2.01391
162.08000,7.63201,2.16761
162.09000,7.63434,2.14737
162.10000,7.64342,1.89810
162.11000,7.88153,1.57146
162.12000,7.62863,2.01026
162.13000,7.71707,1.89054
162.14000,7.84107,2.01894
162.15000,8.09953,1.84682
162.16000,8.16651,1.47052
162.17000,7.99182,1.38190
162.18000,8.04653,1.47526
162.19000,7.89490,1.33733
162.20000,8.04736,1.23906
162.21000,8.02189,1.46927
162.22000,7.93595,1.63267
162.23000,8.03857,1.25822
162.24000,7.75463,1.48923
162.25000,7.76699,0.88002
162.26000,8.14168,0.93666
162.27000,7.73888,0.93174
162.28000,7.79855,1.30271
162.29000,7.89669,1.02684
162.30000,7.87839,1.10013
162.31000,7.91023,1.18921
162.32000,8.21787,0.97590
162.33000,8.01249,0.58164
162.34000,7.97966,0.62090
162.35000,8.03656,0.57941
162.36000,7.94956,0.59418
162.37000,7.63954,0.99524
162.38000,7.78195,0.44284
162.39000,7.55610,0.39216
162.40000,7.94412,0.13171
162.41000,7.72154,0.65223
162.42000,7.97040,0.33434
162.43000,7.91842,0.20146
162.44000,7.93425,0.38437
162.45000,8.00875,0.54516
162.46000,8.20766,0.04029
162.47000,7.84179,0.02207
162.48000,8.10514,-0.11532
162.49000,7.77746,0.29542
162.50000,7.79175,-0.03422
162.51000,7.89946,-0.24797
162.52000,7.76790,0.05854
162.53000,7.45643,-0.17203
162.54000,8.14069,-0.07852
162.55000,7.81648,-0.17501
162.56000,8.07476,-0.10400
162.57000,7.97774,-0.18491
162.58000,8.28921,-0.54332
162.59000,7.83175,-0.10089
162.60000,8.14845,-0.78911
162.61000,7.92041,-0.52554
162.62000,8.20210,-0.53994
162.63000,7.93612,-0.75393
162.64000,7.66849,-0.94007
162.65000,7.93917,-0.97208
162.66000,7.89471,-0.73862
162.67000,7.96777,-0.71688
162.68000,7.74086,-1.01234
162.69000,8.05273,-0.83162
162.70000,8.17350,-1.00091
162.71000,7.89826,-0.69193
162.72000,7.88413,-1.29797
162.73000,7.71763,-1.22932
162.74000,7.76862,-1.26799
162.75000,7.94621,-1.51740
162.76000,7.73014,-1.53591
162.77000,7.80753,-1.12680
162.78000,7.69800,-1.34940
162.79000,7.67884,-1.44743
162.80000,7.84369,-1.64155
162.81000,8.20334,-1.23137
162.82000,7.61413,-1.42558
162.83000,7.77994,-1.84247
162.84000,7.53759,-1.64532
162.85000,7.84316,-1.71583
162.86000,7.82963,-1.89569
162.87000,7.62074,-2.14686
162.88000,7.64048,-1.76165
162.89000,7.57797,-2.11372
162.90000,7.80112,-1.72253
162.91000,7.70420,-2.26228
162.92000,7.69751,-1.70517
162.93000,7.68549,-2.28608
162.94000,7.45251,-1.93760
162.95000,7.79130,-2.20725
162.96000,7.97920,-2.30984
162.97000,7.56012,-2.48974
162.98000,7.55156,-2.61488
162.99000,7.53854,-2.38365
163.00000,7.35084,-2.27933
163.01000,7.63796,-2.59191
163.02000,7.65297,-2.36138
163.03000,7.72032,-2.78602
163.04000,7.66885,-2.66724
163.05000,7.19918,-2.65651
163.06000,7.68016,-2.85732
163.07000,7.16509,-2.84492
163.08000,7.34377,-2.85122
163.09000,7.49962,-3.16715
163.10000,7.37732,-2.74885
163.11000,7.58943,-2.90001
163.12000,7.17365,-3.04385
163.13000,7.27026,-2.97828
163.14000,7.21399,-2.92723
163.15000,7.45001,-3.78217
163.16000,7.24519,-3.36090
163.17000,7.20458,-3.37551
163.18000,7.14771,-3.22073
163.19000,6.97990,-3.20721
163.20000,7.03133,-3.32774
163.21000,7.24707,-3.37200
163.22000,7.26810,-3.45241
163.23000,7.13768,-3.35559
163.24000,6.89219,-3.57545
163.25000,7.17997,-3.78610
163.26000,7.15000,-3.81307
163.27000,7.35345,-3.78530
163.28000,7.07187,-3.84539
163.29000,7.15929,-3.86040
163.30000,7.21470,-3.86819
163.31000,7.01592,-3.60862
163.32000,6.84090,-3.92024
163.33000,7.25095,-3.93409
163.34000,6.84988,-3.87503
163.35000,6.70331,-3.74528
163.36000,7.03773,-4.03606
163.37000,7.18505,-4.34978
163.38000,6.96776,-4.14276
163.39000,6.91265,-4.06483
163.40000,6.67858,-4.28425
163.41000,6.84127,-4.22582
163.42000,6.47370,-4.31072
163.43000,6.47847,-4.32709
163.44000,6.46137,-4.50940
163.45000,6.45442,-4.60982
163.46000,6.65345,-4.41885
163.47000,6.66559,-4.81663
163.48000,6.58408,-4.74008
163.49000,6.65498,-4.31284
163.50000,6.58328,-5.17183
163.51000,6.60419,-4.49847
163.52000,6.41007,-4.88947
163.53000,6.66330,-4.88850
163.54000,6.25008,-4.57191
163.55000,6.25333,-4.90691
163.56000,6.20487,-4.81728
163.57000,6.45810,-4.89193
163.58000,6.38661,-5.08008
163.59000,6.37805,-4.87319
163.60000,6.39230,-4.96292
163.61000,5.88415,-4.97176
163.62000,5.82734,-5.04605
163.63000,6.26025,-5.11187
163.64000,6.25064,-5.18351
163.65000,6.15167,-5.24859
163.66000,5.90643,-5.23984
163.67000,5.81730,-5.21663
163.68000,6.06663,-5.26793
163.69000,5.74181,-5.22476
163.70000,5.93465,-5.37140
163.71000,5.88600,-5.41498
163.72000,5.67190,-5.18456
163.73000,5.89959,-5.73053
163.74000,5.71174,-5.81848
163.75000,5.57432,-5.65416
163.76000,5.50507,-5.67400
163.77000,5.41413,-5.52217
163.78000,5.29521,-6.00770
163.79000,5.47135,-6.06771
163.80000,5.45050,-5.90775
163.81000,5.39068,-5.86805
163.82000,5.15610,-6.41433
163.83000,5.73186,-5.83103
163.84000,5.64213,-5.95591
163.85000,5.39397,-5.89280
163.86000,5.35353,-5.95546
163.87000,5.32943,-6.25801
163.88000,5.30542,-6.32718
163.89000,5.39947,-6.29084
163.90000,4.97898,-6.27769
163.91000,4.76916,-6.11187
163.92000,4.97525,-6.19833
163.93000,5.09077,-6.44324
163.94000,4.64923,-6.08533
163.95000,5.24763,-6.22843
163.96000,4.83321,-6.46486
163.97000,4.94977,-6.47889
163.98000,4.67829,-6.46750
163.99000,4.58204,-6.38557
164.00000,4.97681,-6.45745
164.01000,4.87793,-6.31537
164.02000,4.67787,-6.50622
164.03000,4.57965,-6.45240
164.04000,4.49784,-6.62649
164.05000,4.32129,-6.55349
164.06000,4.67419,-6.95846
164.07000,4.72207,-6.92591
164.08000,4.21486,-6.63225
164.09000,4.17733,-6.82510
164.10000,4.83346,-6.34993
164.11000,4.33688,-6.67584
164.12000,4.19984,-6.88984
164.13000,4.31295,-6.92297
164.14000,4.21356,-6.79542
164.15000,4.21840,-6.83450
164.16000,3.98535,-7.12435
164.17000,4.03244,-6.99456
164.18000,3.55106,-7.13661
164.19000,3.99236,-7.13382
164.20000,3.76946,-6.94073
164.21000,4.07792,-6.86466
164.22000,3.69327,-7.18122
164.23000,3.60573,-6.67181
164.24000,3.55156,-7.16509
164.25000,3.43353,-7.17943
164.26000,3.53171,-6.80289
164.27000,3.67570,-7.28323
164.28000,3.31116,-7.15643
164.29000,3.33451,-7.42007
164.30000,3.55174,-7.31905
164.31000,3.21816,-7.22727
164.32000,3.27411,-7.13522
164.33000,3.03611,-7.33450
164.34000,2.87603,-7.39928
164.35000,3.52272,-7.05527
164.36000,3.03561,-7.70654
164.37000,3.01421,-7.59911
164.38000,2.82980,-7.22055
164.39000,3.13359,-7.37956
164.40000,2.88903,-7.11519
164.41000,3.08384,-7.70448
164.42000,2.61451,-7.46573
164.43000,2.85137,-7.42418
164.44000,2.85813,-7.50464
164.45000,2.96933,-7.36888
164.46000,2.60200,-7.29261
164.47000,3.05993,-7.58064
164.48000,2.38633,-7.56407
164.49000,2.26862,-7.36357
164.50000,2.54233,-7.61181
164.51000,2.27685,-7.62695
164.52000,2.34045,-7.71583
164.53000,2.31760,-7.80603
164.54000,2.11344,-7.97028
164.55000,2.17713,-7.80695
164.56000,2.00836,-7.31196
164.57000,2.28877,-7.79902
164.58000,2.14391,-7.71356
164.59000,1.91212,-7.61196
164.60000,1.97198,-7.48128
164.61000,2.26114,-7.40244
164.62000,2.08458,-7.54024
164.63000,1.46625,-7.90127
164.64000,1.52573,-7.71165
164.65000,1.47317,-8.13309
164.66000,1.63956,-7.72909
164.67000,1.47249,-7.88114
164.68000,1.76266,-7.87980
164.69000,1.68687,-7.92967
164.70000,1.30446,-7.69494
164.71000,1.28376,-7.64001
164.72000,1.16418,-7.89958
164.73000,1.26802,-7.74056
164.74000,1.19858,-7.99512
164.75000,1.43277,-8.09199
164.76000,0.96865,-8.29204
164.77000,1.14641,-7.84123
164.78000,0.84488,-7.97099
164.79000,1.22279,-7.96263
164.80000,0.68767,-8.12342
164.81000,0.95457,-8.16349
164.82000,1.02577,-7.84227
164.83000,0.89470,-7.71678
164.84000,0.84414,-7.82491
164.85000,0.56514,-7.90926
164.86000,0.68564,-7.80696
164.87000,0.98633,-7.69740
164.88000,0.83687,-7.75162
164.89000,0.43700,-7.92921
164.90000,0.61352,-7.83299
164.91000,0.26070,-7.80206
164.92000,0.61813,-7.79258
164.93000,0.50994,-8.15279
164.94000,0.71495,-7.98764
164.95000,-0.01781,-8.26844
164.96000,0.26831,-8.13203
164.97000,0.23458,-8.03671
164.98000,0.02971,-8.08903
164.99000,0.11253,-8.13710
165.00000,0.29099,-8.00970
165.01000,0.11504,-8.06485
165.02000,-0.21249,-8.36057
165.03000,0.12050,-7.80361
165.04000,-0.07462,-7.81658
165.05000,-0.12261,-8.34770
165.06000,-0.30648,-7.98127
165.07000,-0.03757,-7.74997
165.08000,-0.25022,-7.94899
165.09000,-0.12749,-7.95114
165.10000,-0.10938,-8.29150
165.11000,-0.32662,-8.03520
165.12000,-0.59375,-8.02241
165.13000,-0.94682,-7.89347
165.14000,-0.68354,-7.99331
165.15000,-0.62786,-7.94428
165.16000,-0.68067,-8.06938
165.17000,-0.79268,-7.98916
165.18000,-0.76935,-7.83175
165.19000,-1.07405,-8.16296
165.20000,-1.39989,-8.37771
165.21000,-1.38385,-7.93445
165.22000,-1.21193,-8.06267
165.23000,-1.36136,-7.56997
165.24000,-1.17466,-8.15429
165.25000,-1.24754,-8.09718
165.26000,-1.32846,-7.65597
165.27000,-1.74486,-7.84005
165.28000,-1.65248,-8.17396
165.29000,-1.31190,-7.85758
165.30000,-1.33717,-7.47594
165.31000,-1.64532,-7.84924
165.32000,-1.56444,-7.76044
165.33000,-1.74332,-7.84867
165.34000,-1.87161,-7.83551
165.35000,-1.72966,-7.67537
165.36000,-1.75257,-7.92665
165.37000,-2.01744,-7.88644
165.38000,-1.62268,-7.81944
165.39000,-1.89374,-7.85531
165.40000,-1.92556,-7.58641
165.41000,-2.02482,-7.75017
165.42000,-1.93783,-7.38448
165.43000,-2.09545,-7.51201
165.44000,-2.18850,-7.67532
165.45000,-1.91702,-7.50226
165.46000,-1.98335,-7.63119
165.47000,-2.12976,-7.95091
165.48000,-2.20624,-7.71202
165.49000,-2.33434,-7.57477
165.50000,-2.43389,-7.81120
165.51000,-2.50186,-7.68183
165.52000,-2.34633,-7.58545
165.53000,-2.70098,-7.47507
165.54000,-2.50507,-7.53319
165.55000,-2.55764,-7.39989
165.56000,-2.73027,-7.55627
165.57000,-2.60804,-7.52168
165.58000,-2.95975,-7.32635
165.59000,-2.63445,-7.14299
165.60000,-2.71051,-7.17914
165.61000,-3.34170,-7.52070
165.62000,-2.91016,-7.85992
165.63000,-2.97534,-7.55423
165.64000,-3.13009,-7.63506
165.65000,-3.06402,-7.32474
165.66000,-3.37787,-7.56461
165.67000,-3.25601,-7.50287
165.68000,-3.39707,-7.13601
165.69000,-3.11390,-7.24373
165.70000,-3.46900,-7.27173
165.71000,-3.41415,-7.17433
165.72000,-3.67219,-7.31520
165.73000,-3.48674,-6.96274
165.74000,-3.54524,-7.16458
165.75000,-3.78233,-7.04928
165.76000,-3.51143,-6.92441
165.77000,-3.91068,-6.80584
165.78000,-3.61255,-7.10891
165.79000,-4.00748,-6.90040
165.80000,-3.75296,-7.16847
165.81000,-4.04457,-7.07227
165.82000,-3.82648,-6.80531
165.83000,-4.08199,-6.76594
165.84000,-3.99646,-6.92493
165.85000,-3.81032,-6.87800
165.86000,-4.24875,-6.75852
165.87000,-4.23601,-6.46467
165.88000,-4.24920,-6.84432
165.89000,-4.39756,-6.78180
165.90000,-4.36754,-6.87487
165.91000,-4.36632,-6.63811
165.92000,-4.30000,-6.88286
165.93000,-4.40064,-6.96886
165.94000,-4.50854,-6.33943
165.95000,-4.57413,-6.74438
165.96000,-4.59160,-6.34377
165.97000,-4.75383,-6.73058
165.98000,-4.65030,-6.47302
165.99000,-4.75240,-6.44768
166.00000,-4.61936,-6.54037
166.01000,-4.42793,-6.42807
166.02000,-5.20365,-6.34932
166.03000,-4.95615,-6.42329
166.04000,-4.79927,-6.30365
166.05000,-4.69253,-6.58396
166.06000,-4.87023,-6.38522
166.07000,-5.15937,-6.24765
166.08000,-5.09971,-6.37926
166.09000,-5.29245,-6.19902
166.10000,-4.91817,-6.31958
166.11000,-4.78161,-5.82075
166.12000,-5.07451,-6.23198
166.13000,-5.22255,-6.10589
166.14000,-4.98631,-5.91926
166.15000,-5.71849,-5.75132
166.16000,-5.37727,-5.80332
166.17000,-5.47895,-5.98586
166.18000,-5.53672,-5.86777
166.19000,-5.42875,-5.61210
166.20000,-5.66030,-5.78794
166.21000,-5.54782,-5.98940
166.22000,-5.56825,-5.77852
166.23000,-5.49087,-5.72274
166.24000,-5.69154,-5.72560
166.25000,-5.79312,-5.43016
166.26000,-5.98392,-5.39540
166.27000,-6.06880,-5.66781
166.28000,-6.04709,-5.31861
166.29000,-5.81815,-5.50503
166.30000,-5.57094,-5.52199
166.31000,-6.02162,-5.22029
166.32000,-5.84562,-5.68412
166.33000,-6.28233,-5.68314
166.34000,-5.77899,-5.39297
166.35000,-5.96488,-5.03516
166.36000,-6.17252,-5.25289
166.37000,-5.59632,-5.16767
166.38000,-6.16150,-5.24841
166.39000,-6.38233,-5.11221
166.40000,-6.26422,-4.97198
166.41000,-5.91334,-5.09151
166.42000,-5.88204,-5.02785
166.43000,-6.12218,-5.16534
166.44000,-6.57388,-5.08686
166.45000,-5.97910,-4.58190
166.46000,-6.17546,-5.15824
166.47000,-6.50559,-4.81384
166.48000,-6.31044,-4.59448
166.49000,-6.22555,-4.77086
166.50000,-6.42982,-4.65647
166.51000,-6.37453,-4.63773
166.52000,-6.48467,-4.57997
166.53000,-6.52635,-4.53615
166.54000,-6.64834,-4.30880
166.55000,-6.31009,-4.64840
166.56000,-6.90646,-4.83861
166.57000,-6.60790,-4.59099
166.58000,-6.56576,-4.32866
166.59000,-6.58967,-4.40837
166.60000,-7.20179,-4.19852
166.61000,-6.75632,-4.28778
166.62000,-6.93329,-4.27318
166.63000,-6.78805,-4.27893
166.64000,-6.87765,-4.19959
166.65000,-6.56386,-3.95801
166.66000,-6.79790,-4.06228
166.67000,-6.91285,-4.45238
166.68000,-7.01836,-3.84837
166.69000,-6.74978,-3.56839
166.70000,-6.70302,-3.83944
166.71000,-6.93021,-3.78266
166.72000,-7.17414,-3.80711
166.73000,-7.12213,-3.86729
166.74000,-7.09994,-3.63029
166.75000,-6.64351,-3.67301
166.76000,-7.24935,-3.72703
166.77000,-7.16881,-2.95009
166.78000,-7.36861,-3.62982
166.79000,-6.92552,-3.37222
166.80000,-7.20993,-3.39887
166.81000,-7.07350,-3.29143
166.82000,-7.05476,-3.69842
166.83000,-7.32069,-2.88712
166.84000,-7.45202,-3.52425
166.85000,-7.42984,-3.02083
166.86000,-7.12084,-3.34376
166.87000,-7.28024,-2.92481
166.88000,-7.57407,-3.37115
166.89000,-7.40086,-3.42937
166.90000,-7.37728,-2.72838
166.91000,-7.55849,-2.82809
166.92000,-7.11764,-2.84703
166.93000,-7.36931,-2.33933
166.94000,-7.47117,-2.71841
166.95000,-7.86276,-2.88963
166.96000,-7.39484,-2.59852
166.97000,-7.32612,-2.37999
166.98000,-7.55251,-2.96259
166.99000,-7.57378,-2.39532
167.00000,-7.58521,-2.33330
167.01000,-7.62724,-2.34545
167.02000,-7.57841,-2.49145
167.03000,-7.68821,-2.18352
167.04000,-7.85567,-2.23805
167.05000,-8.25468,-2.44295
167.06000,-7.65405,-2.05566
167.07000,-7.38731,-2.14547
167.08000,-7.52195,-2.34214
167.09000,-7.65187,-2.04466
167.10000,-7.77267,-1.76959
167.11000,-7.85714,-1.92137
167.12000,-7.69514,-1.96242
167.13000,-7.51146,-1.62077
167.14000,-7.56006,-1.91807
167.15000,-7.92604,-1.64629
167.16000,-7.89500,-1.74775
167.17000,-7.57929,-1.43266
167.18000,-7.86837,-1.64213
167.19000,-7.63161,-1.50166
167.20000,-7.90669,-1.60851
167.21000,-7.66752,-1.48340
167.22000,-7.75522,-1.74783
167.23000,-7.55849,-1.14909
167.24000,-7.46859,-1.04789
167.25000,-7.92157,-1.06911
167.26000,-7.67801,-1.35348
167.27000,-8.16944,-1.02744
167.28000,-7.90422,-1.07124
167.29000,-7.96041,-1.15819
167.30000,-8.20405,-1.18594
167.31000,-7.97570,-0.83504
167.32000,-7.84354,-1.11480
167.33000,-7.82594,-1.14199
167.34000,-8.22566,-0.73187
167.35000,-7.99345,-0.48431
167.36000,-7.75376,-0.66476
167.37000,-8.03208,-0.65494
167.38000,-7.84064,-0.55438
167.39000,-8.05615,-0.47173
167.40000,-7.71462,-0.48475
167.41000,-7.63095,-0.52871
167.42000,-7.88608,-0.50798
167.43000,-7.98099,-0.46272
167.44000,-7.98543,-0.05858
167.45000,-7.97741,-0.34752
167.46000,-8.09761,-0.30274
167.47000,-8.03237,-0.00886
167.48000,-7.91087,0.05086
167.49000,-7.74936,-0.11458
167.50000,-8.22725,-0.06704
167.51000,-8.12654,-0.15269
167.52000,-8.15589,0.04133
167.53000,-7.81345,0.13797
167.54000,-8.17778,0.35501
167.55000,-7.90627,0.35415
167.56000,-8.08496,0.51776
167.57000,-8.13557,0.36913
167.58000,-7.80176,0.14855
167.59000,-7.81759,0.21513
167.60000,-7.79503,0.29505
167.61000,-8.10352,0.45817
167.62000,-7.67123,0.59469
167.63000,-7.77934,0.78678
167.64000,-7.91288,0.95507
167.65000,-8.04137,0.67766
167.66000,-7.89444,0.90954
167.67000,-8.01423,0.96245
167.68000,-8.26941,1.08461
167.69000,-8.00936,1.00174
167.70000,-7.83296,0.62295
167.71000,-7.89045,1.25840
167.72000,-7.97081,1.04945
167.73000,-7.92541,1.38979
167.74000,-7.88429,1.30264
167.75000,-7.90184,1.23057
167.76000,-8.08904,1.12474
167.77000,-7.78365,1.20399
167.78000,-8.00257,1.51919
167.79000,-7.80061,1.31178
167.80000,-7.68780,1.32365
167.81000,-7.92923,1.48332
167.82000,-7.65319,1.42686
167.83000,-7.82632,1.73623
167.84000,-8.11446,1.88323
167.85000,-7.97031,1.80344
167.86000,-7.70317,1.94275
167.87000,-7.66762,1.76612
167.88000,-7.49867,1.85222
167.89000,-7.72302,1.91554
167.90000,-7.85547,1.97242
167.91000,-7.47343,1.62858
167.92000,-7.79057,2.29395
167.93000,-7.73912,2.11368
167.94000,-7.54428,2.38119
167.95000,-7.67861,2.27253
167.96000,-7.70705,2.56596
167.97000,-7.68623,1.98720
167.98000,-7.66227,2.47658
167.99000,-7.66187,2.64448
168.00000,-7.87650,2.05216
168.01000,-7.53091,2.63803
168.02000,-7.21857,2.61508
168.03000,-7.23676,2.39821
168.04000,-7.54284,2.52037
168.05000,-7.60492,2.83485
168.06000,-7.38311,2.85949
168.07000,-7.25165,2.79689
168.08000,-7.27262,3.09471
168.09000,-7.56438,3.13807
168.10000,-7.26974,3.05718
168.11000,-7.24079,2.99898
168.12000,-7.23454,2.96208
168.13000,-7.35824,3.02727
168.14000,-7.40687,3.03947
168.15000,-7.19741,3.17167
168.16000,-7.36641,3.16784
168.17000,-7.45830,3.01193
168.18000,-7.41346,3.41497
168.19000,-7.03353,3.14703
168.20000,-7.22182,3.37435
168.21000,-7.28592,3.51181
168.22000,-7.05199,3.51647
168.23000,-7.25905,3.36173
168.24000,-7.17497,3.63831
168.25000,-6.83252,3.50899
168.26000,-6.92722,3.37024
168.27000,-7.07455,3.63139
168.28000,-7.16368,3.77456
168.29000,-6.79109,3.87207
168.30000,-7.18423,4.16734
168.31000,-6.61852,3.79924
168.32000,-6.75585,4.20270
168.33000,-7.23364,4.15400
168.34000,-6.69290,4.21761
168.35000,-6.76523,3.85796
168.36000,-6.75307,3.94943
168.37000,-7.09390,4.15553
168.38000,-6.52584,4.06558
168.39000,-6.72213,4.07361
168.40000,-6.75415,4.12227
168.41000,-6.91583,4.43667
168.42000,-6.42861,4.38427
168.43000,-6.99565,4.39058
168.44000,-6.67909,4.66630
168.45000,-6.61173,4.61108
168.46000,-6.37643,4.51013
168.47000,-6.91816,4.68749
168.48000,-6.61424,4.80568
168.49000,-6.14376,4.65423
168.50000,-6.28523,4.95136
168.51000,-6.56206,4.53680
168.52000,-6.25151,4.91054
168.53000,-6.06188,5.00020
168.54000,-6.51942,4.68389
168.55000,-6.17210,5.19307
168.56000,-6.40024,4.85830
168.57000,-6.29003,5.02266
168.58000,-6.28651,4.99450
168.59000,-6.20513,5.16295
168.60000,-6.22475,5.33525
168.61000,-6.11570,5.29982
168.62000,-6.05193,5.33964
168.63000,-6.13883,5.33159
168.64000,-5.96874,5.23197
168.65000,-5.65252,5.03294
168.66000,-5.92944,5.30402
168.67000,-5.93747,5.34422
168.68000,-6.15564,5.40308
168.69000,-5.84959,5.51006
168.70000,-6.12067,5.50176
168.71000,-5.81338,5.37412
168.72000,-5.95726,5.56066
168.73000,-5.49831,5.38613
168.74000,-5.90193,5.77421
168.75000,-5.57418,5.38579
168.76000,-5.64290,5.59694
168.77000,-5.62552,5.96771
168.78000,-5.40095,5.61163
168.79000,-5.83756,5.67936
168.80000,-5.36237,5.86847
168.81000,-5.41719,5.80030
168.82000,-5.06932,5.65921
168.83000,-5.12131,6.20028
168.84000,-5.37371,6.08482
168.85000,-4.93685,6.12252
168.86000,-5.51800,5.83125
168.87000,-5.37066,6.56902
168.88000,-5.24765,6.23155
168.89000,-4.99864,6.08919
168.90000,-4.97814,6.19518
168.91000,-5.23660,6.13280
168.92000,-4.85325,6.26971
168.93000,-4.74070,6.13960
168.94000,-5.13576,6.41067
168.95000,-5.04228,6.35683
168.96000,-4.67903,6.04297
168.97000,-4.93533,6.51218
168.98000,-4.61096,6.45706
168.99000,-4.66758,6.39289
169.00000,-4.57341,6.56845
169.01000,-4.90028,6.45796
169.02000,-4.62464,6.39843
169.03000,-4.82353,6.62865
169.04000,-4.45574,6.59027
169.05000,-4.52187,6.68548
169.06000,-4.45730,6.78832
169.07000,-4.58516,6.45592
169.08000,-4.38639,6.77163
169.09000,-4.41091,7.00865
169.10000,-4.22283,6.76481
169.11000,-4.22707,6.61999
169.12000,-4.20883,6.65276
169.13000,-4.28801,6.83404
169.14000,-4.00498,6.78985
169.15000,-4.48547,6.57196
169.16000,-4.11305,7.14885
169.17000,-4.08350,6.63794
169.18000,-4.15920,6.96176
169.19000,-3.67844,6.95929
169.20000,-3.79552,6.77595
169.21000,-3.96739,7.19769
169.22000,-3.59248,7.23379
169.23000,-3.69620,7.16277
169.24000,-3.53668,7.24358
169.25000,-3.38764,7.00732
169.26000,-3.63875,6.82967
169.27000,-3.86125,7.19357
169.28000,-3.66768,7.20506
169.29000,-3.33530,7.59638
169.30000,-3.54677,7.40828
169.31000,-3.23654,7.17941
169.32000,-3.15836,6.94242
169.33000,-2.87765,7.24734
169.34000,-3.04387,7.45055
169.35000,-2.71967,7.36424
169.36000,-3.13708,7.46279
169.37000,-3.12061,7.65079
169.38000,-2.83725,7.21640
169.39000,-2.95380,7.47117
169.40000,-2.78135,7.63063
169.41000,-2.72529,7.34877
169.42000,-3.07860,7.65137
169.43000,-2.85564,7.42885
169.44000,-2.62262,7.87534
169.45000,-2.60570,7.54357
169.46000,-2.85268,7.55063
169.47000,-2.55984,7.71946
169.48000,-2.82749,7.55133
169.49000,-2.60740,7.68221
169.50000,-2.88774,7.54825
169.51000,-2.64147,7.50220
169.52000,-2.40617,7.88543
169.53000,-2.32295,7.73694
169.54000,-1.89521,7.96374
169.55000,-2.32031,7.49182
169.56000,-2.21936,7.61216
169.57000,-1.93117,7.41487
169.58000,-1.95497,7.96277
169.59000,-2.01646,7.53589
169.60000,-1.76202,7.85796
169.61000,-1.95105,7.65279
169.62000,-1.90408,7.56696
169.63000,-1.96566,7.92261
169.64000,-1.45676,7.83476
169.65000,-2.17372,7.77260
169.66000,-1.52400,7.75907
169.67000,-1.63011,8.05210
169.68000,-1.46621,7.83317
169.69000,-1.52442,7.81703
169.70000,-1.69781,8.16760
169.71000,-1.57862,8.04373
169.72000,-1.53628,7.75500
169.73000,-1.13032,8.03701
169.74000,-1.27270,8.20230
169.75000,-1.28194,7.76810
169.76000,-1.50411,7.76716
169.77000,-0.97865,7.87675
169.78000,-1.46405,8.04895
169.79000,-1.05544,7.97053
169.80000,-1.00985,8.18048
169.81000,-1.02424,7.88593
169.82000,-0.92130,7.86049
169.83000,-1.17345,8.03715
169.84000,-0.55783,8.14819
169.85000,-0.57329,7.89899
169.86000,-0.36104,7.75788
169.87000,-0.57606,8.12664
169.88000,-0.71324,7.91386
169.89000,-0.31102,7.96230
169.90000,-0.43663,8.02805
169.91000,-0.34742,8.00181
169.92000,-0.39143,7.85938
169.93000,-0.57712,8.19439
169.94000,-0.37772,8.42281
169.95000,0.11699,8.27520
169.96000,0.11679,7.74692
169.97000,-0.23357,8.04406
169.98000,-0.32559,7.74108
169.99000,-0.37281,8.19196
170.00000,0.17710,7.97322
170.01000,0.03499,8.02891
170.02000,0.03572,8.13328
170.03000,0.26395,8.14291
170.04000,0.14523,7.88205
170.05000,0.28773,7.84550
170.06000,0.40277,8.21164
170.07000,0.25353,8.00539
170.08000,0.47053,7.67689
170.09000,0.28113,8.03564
170.10000,0.58199,7.96236
170.11000,0.66650,8.01964
170.12000,0.41973,8.11774
170.13000,1.06207,7.76435
170.14000,0.75164,7.96942
170.15000,0.57517,8.00313
170.16000,0.90913,7.87501
170.17000,0.84663,8.26885
170.18000,0.84498,8.18447
170.19000,1.10109,7.99338
170.20000,1.12955,7.68818
170.21000,1.32518,7.70433
170.22000,0.88241,8.11919
170.23000,1.04177,8.00751
170.24000,0.97635,7.87876
170.25000,1.45399,8.32216
170.26000,1.48399,8.11001
170.27000,1.26368,7.80383
170.28000,1.44661,8.12148
170.29000,1.50727,8.08495
170.30000,1.30448,8.01092
170.31000,1.63223,7.78954
170.32000,1.44572,7.92355
170.33000,1.79400,7.60437
170.34000,1.63879,7.66260
170.35000,1.70080,7.73449
170.36000,1.86440,7.42526
170.37000,1.65840,7.74948
170.38000,2.24155,7.68655
170.39000,2.14748,7.67507
170.40000,1.97813,7.89991
170.41000,1.83827,7.78170
170.42000,2.11884,7.83918
170.43000,2.04613,7.61907
170.44000,2.15230,7.78766
170.45000,2.09256,7.66454
170.46000,2.39753,7.76519
170.47000,2.57135,7.67668
170.48000,2.30179,7.72606
170.49000,2.61282,7.67330
170.50000,2.50545,7.72634
170.51000,2.66258,7.45727
170.52000,2.37310,7.57326
170.53000,2.43702,7.77066
170.54000,2.48864,7.52110
170.55000,2.58920,7.72146
170.56000,2.71065,7.60919
170.57000,2.80967,7.63088
170.58000,2.77192,7.21831
170.59000,3.01268,7.42111
170.60000,2.93042,7.71672
170.61000,2.70771,7.34376
170.62000,2.94009,7.53311
170.63000,3.02769,7.67285
170.64000,2.74678,7.35489
170.65000,3.35468,7.36329
170.66000,3.15655,7.22367
170.67000,2.95273,7.16880
170.68000,3.49622,7.29525
170.69000,3.05137,7.36189
170.70000,3.05336,6.92012
170.71000,3.52145,7.07323
170.72000,3.64665,7.23992
170.73000,3.49170,7.19411
170.74000,3.47239,7.41513
170.75000,3.68140,7.15865
170.76000,3.59234,7.22902
170.77000,3.94702,7.10544
170.78000,3.71749,7.30062
170.79000,3.86905,7.05611
170.80000,4.01833,7.08742
170.81000,4.06259,6.95384
170.82000,4.12969,6.84175
170.83000,4.12631,7.15628
170.84000,3.84144,6.67929
170.85000,3.88603,7.03891
170.86000,4.09540,6.91324
170.87000,4.07738,7.05587
170.88000,3.86602,6.76988
170.89000,4.21304,6.69578
170.90000,4.20310,6.75435
170.91000,4.46620,6.76723
170.92000,4.28797,6.84331
170.93000,4.13568,6.83770
170.94000,4.55293,6.63948
170.95000,4.72227,6.48341
170.96000,4.63161,6.34403
170.97000,4.65629,6.60811
170.98000,4.43960,6.56652
170.99000,4.28682,6.41832
171.00000,4.44949,6.58421
171.01000,4.92874,6.60652
171.02000,4.85848,6.62475
171.03000,4.81001,6.05729
171.04000,5.35879,6.35342
171.05000,5.06201,6.32294
171.06000,4.93730,6.42215
171.07000,4.73866,6.29057
171.08000,5.14155,6.04018
171.09000,5.42321,5.97581
171.10000,5.20183,6.16236
171.11000,5.07729,6.04718
171.12000,5.01752,5.97727
171.13000,5.09172,5.80286
171.14000,4.97610,6.25348
171.15000,5.75974,5.92007
171.16000,5.36392,5.93441
171.17000,5.41327,5.62894
171.18000,5.19439,5.65703
171.19000,5.47314,5.76873
171.20000,5.37532,5.91028
171.21000,5.43318,5.52815
171.22000,5.48609,5.77907
171.23000,5.70322,5.91762
171.24000,5.77661,5.96579
171.25000,5.65713,5.84823
171.26000,5.54380,5.33526
171.27000,5.73669,5.69665
171.28000,5.49011,5.16220
171.29000,5.83084,5.73983
171.30000,5.97939,5.45897
171.31000,5.90449,5.40056
171.32000,6.19226,5.61242
171.33000,5.90923,5.29633
171.34000,6.25528,5.19792
171.35000,6.22886,5.06830
171.36000,6.32712,5.02934
171.37000,6.21007,5.25474
171.38000,6.03999,5.18638
171.39000,6.40376,5.45103
171.40000,6.00685,4.89085
171.41000,5.98921,4.66313
171.42000,6.52737,5.13601
171.43000,6.33305,4.91333
171.44000,6.10852,4.97906
171.45000,6.00064,4.95497
171.46000,6.61394,4.97296
171.47000,6.25642,4.82699
171.48000,6.79645,4.60476
171.49000,6.75070,4.94170
171.50000,6.67285,4.38893
171.51000,6.31232,4.38940
171.52000,6.52011,4.20937
171.53000,6.52212,4.55133
171.54000,6.61986,4.43427
171.55000,6.55560,4.78527
171.56000,6.53911,4.16244
171.57000,6.63504,4.54413
171.58000,6.72889,4.56518
171.59000,6.96437,4.13663
171.60000,7.16722,4.38609
171.61000,7.16796,4.57609
171.62000,6.84162,4.24611
171.63000,6.74540,4.02501
171.64000,6.85019,4.32626
171.65000,7.05210,4.03268
171.66000,6.93997,4.31979
171.67000,6.85475,3.98805
171.68000,7.23221,3.77270
171.69000,7.12682,3.92270
171.70000,7.08851,3.79946
171.71000,6.90726,3.45333
171.72000,7.23049,3.71747
171.73000,7.35784,3.94755
171.74000,6.96834,3.45949
171.75000,7.15131,3.66985
171.76000,7.36533,3.87471
171.77000,7.48877,3.63299
171.78000,7.42312,3.66055
171.79000,7.29117,3.06062
171.80000,7.56445,3.20864
171.81000,7.33151,3.32604
171.82000,7.40184,3.04137
171.83000,7.31323,2.96610
171.84000,7.20083,3.27265
171.85000,7.33672,3.74870
171.86000,7.23078,3.18970
171.87000,7.49150,3.28637
171.88000,7.53782,3.08060
171.89000,7.89435,2.99069
171.90000,7.77918,3.13313
171.91000,7.54587,3.25047
171.92000,7.36955,3.15794
171.93000,7.37034,2.90459
171.94000,7.53107,2.66876
171.95000,7.43801,2.72910
171.96000,7.81332,2.78775
171.97000,7.80717,2.65555
171.98000,7.59860,2.50214
171.99000,7.80793,2.17482
172.00000,7.49619,2.26481
172.01000,7.64666,2.49160
172.02000,7.68991,2.03102
172.03000,7.60530,2.46084
172.04000,7.52765,2.01783
172.05000,7.92609,2.31492
172.06000,8.00609,2.55573
172.07000,7.73806,2.22081
172.08000,7.77610,2.32107
172.09000,7.94768,1.79662
172.10000,7.85151,1.74088
172.11000,7.82559,2.12237
172.12000,7.77814,1.82411
172.13000,7.78572,1.67751
172.14000,7.87466,1.62868
172.15000,7.83922,1.97249
172.16000,7.74155,1.28765
172.17000,7.88344,1.85693
172.18000,7.57992,1.91063
172.19000,7.85511,1.61685
172.20000,7.77194,1.45604
172.21000,8.01871,1.66957
172.22000,8.11566,1.30717
172.23000,8.00084,1.28415
172.24000,7.76335,1.18152
172.25000,7.64030,1.29487
172.26000,7.90039,0.90023
172.27000,7.75649,1.13715
172.28000,7.67509,1.12315
172.29000,7.87782,1.17200
172.30000,7.65541,1.01740
172.31000,8.02224,0.99059
172.32000,8.10216,1.03143
172.33000,7.99466,0.91292
172.34000,7.97250,0.36232
172.35000,8.19201,0.81832
172.36000,7.97545,0.44708
172.37000,7.90718,0.72610
172.38000,8.03637,0.53681
172.39000,7.54492,0.76597
172.40000,8.11072,0.62773
172.41000,8.18174,0.33102
172.42000,7.77446,0.16289
172.43000,7.91976,0.19562
172.44000,7.88588,0.34409
172.45000,7.77779,0.04299
172.46000,7.80997,-0.08028
172.47000,8.15529,-0.03439
172.48000,7.94896,-0.03394
172.49000,7.73085,0.07248
172.50000,8.09122,-0.09864
172.51000,7.99545,-0.08338
172.52000,7.89833,-0.16524
172.53000,7.74607,0.00419
172.54000,7.95207,0.16931
172.55000,8.32997,-0.34448
172.56000,8.13554,-0.15508
172.57000,7.78901,-0.16818
172.58000,8.07107,-0.41280
172.59000,8.02203,-0.67926
172.60000,8.15611,-0.59227
172.61000,7.99393,-0.37423
172.62000,7.86839,-0.89294
172.63000,8.05673,-0.68792
172.64000,7.80491,-0.44007
172.65000,7.74417,-0.82612
172.66000,7.81380,-0.65280
172.67000,7.90310,-0.85506
172.68000,7.91320,-0.89653
172.69000,7.64271,-0.62971
172.70000,8.18642,-0.73040
172.71000,7.69894,-0.96019
172.72000,8.03940,-1.09072
172.73000,8.07531,-1.27751
172.74000,8.07595,-1.04738
172.75000,7.97811,-1.37312
172.76000,7.75745,-1.29735
172.77000,7.71953,-1.38558
172.78000,7.77145,-1.59091
172.79000,7.89072,-1.29564
172.80000,7.86009,-1.70337
172.81000,7.98413,-1.40227
172.82000,7.83322,-1.45235
172.83000,7.95204,-1.59621
172.84000,7.56153,-1.42021
172.85000,7.88707,-1.53785
172.86000,7.70187,-1.83604
172.87000,7.94216,-1.91167
172.88000,7.86357,-1.85224
172.89000,7.56412,-1.95875
172.90000,7.66723,-1.95963
172.91000,7.77548,-2.16554
172.92000,7.49325,-2.13874
172.93000,7.71689,-2.43975
172.94000,8.03391,-2.21938
172.95000,7.46801,-2.26276
172.96000,7.37842,-2.01184
172.97000,7.78749,-2.13313
172.98000,7.52386,-2.59811
172.99000,7.82499,-2.47408
173.00000,7.74268,-2.21868
173.01000,7.28530,-2.23559
173.02000,7.54347,-2.81546
173.03000,7.51912,-2.56704
173.04000,7.55277,-2.81792
173.05000,7.38445,-2.66705
173.06000,7.60131,-2.57418
173.07000,7.30558,-2.64188
173.08000,7.61824,-3.24301
173.09000,7.46109,-2.94882
173.10000,7.32611,-2.90078
173.11000,7.59541,-2.92736
173.12000,7.31815,-2.89188
173.13000,7.24271,-3.05487
173.14000,7.02067,-2.82520
173.15000,7.34642,-3.20884
173.16000,7.31633,-3.27810
173.17000,7.24027,-3.06929
173.18000,7.41260,-3.64647
173.19000,7.39065,-3.35391
173.20000,7.63139,-3.59836
173.21000,6.94913,-3.55698
173.22000,7.02641,-3.47801
173.23000,7.20793,-3.81369
173.24000,7.24781,-3.69331
173.25000,7.21306,-3.80334
173.26000,7.50311,-3.92664
173.27000,7.20502,-3.81592
173.28000,7.38807,-3.40867
173.29000,6.87676,-3.99257
173.30000,6.91403,-3.60400
173.31000,6.84472,-3.85004
173.32000,6.91119,-3.98661
173.33000,6.86330,-4.08556
173.34000,6.83371,-4.09050
173.35000,7.00198,-4.19827
173.36000,6.78278,-4.05643
173.37000,6.67722,-4.10354
173.38000,6.92633,-4.25086
173.39000,6.58292,-4.22479
173.40000,6.97750,-4.25330
173.41000,6.84868,-4.41538
173.42000,6.45430,-4.36717
173.43000,6.85840,-4.23920
173.44000,6.64757,-4.36983
173.45000,6.45657,-4.82689
173.46000,6.74579,-4.50246
173.47000,6.80787,-4.84454
173.48000,6.32028,-4.27549
173.49000,6.44598,-4.93762
173.50000,6.33233,-4.49516
173.51000,6.57094,-4.70757
173.52000,6.52850,-4.69543
173.53000,6.44730,-4.75455
173.54000,6.22016,-4.83394
173.55000,6.28131,-5.03918
173.56000,6.11409,-4.80726
173.57000,6.57090,-4.76118
173.58000,6.07525,-4.81997
173.59000,6.00935,-5.12841
173.60000,6.39261,-5.51853
173.61000,6.05002,-5.16820
173.62000,6.07586,-5.11626
173.63000,6.31071,-5.22631
173.64000,6.10530,-5.39353
173.65000,5.91140,-5.08018
173.66000,5.59362,-5.28486
173.67000,5.96045,-5.39334
173.68000,5.80980,-5.33246
173.69000,5.78691,-5.33614
173.70000,6.04279,-5.35632
173.71000,5.79085,-5.48522
173.72000,6.13360,-5.24171
173.73000,5.49361,-5.59102
173.74000,5.39709,-5.80849
173.75000,5.51191,-5.55310
173.76000,5.47392,-5.71443
173.77000,6.01947,-5.86995
173.78000,5.57107,-5.91414
173.79000,5.41619,-5.68433
173.80000,5.48987,-5.88593
173.81000,5.62612,-6.00316
173.82000,5.56414,-5.84304
173.83000,5.66222,-6.08458
173.84000,5.31112,-5.95102
173.85000,4.88615,-5.78905
173.86000,5.27563,-6.21367
173.87000,5.48176,-6.09225
173.88000,5.33155,-6.32211
173.89000,5.24186,-6.27207
173.90000,4.72254,-6.36519
173.91000,4.84032,-6.32432
173.92000,5.16073,-6.29929
173.93000,5.10020,-6.28368
173.94000,4.96297,-6.43199
173.95000,4.80795,-6.54190
173.96000,4.82555,-6.09486
173.97000,5.14799,-6.01885
173.98000,4.80863,-6.31407
173.99000,5.15766,-6.30326
174.00000,4.82935,-6.45213
174.01000,4.78673,-6.22321
174.02000,4.48807,-6.58541
174.03000,4.62501,-6.63095
174.04000,4.66828,-7.03533
174.05000,4.73002,-6.54574
174.06000,4.51843,-6.76010
174.07000,4.14332,-6.75383
174.08000,4.29587,-6.95180
174.09000,4.39122,-7.04069
174.10000,4.48950,-7.11599
174.11000,4.51814,-6.82126
174.12000,4.17396,-6.64389
174.13000,4.41565,-6.88718
174.14000,4.11495,-6.83445
174.15000,4.03248,-6.71317
174.16000,4.06989,-6.84165
174.17000,4.05163,-6.67647
174.18000,4.07843,-6.84321
174.19000,3.98531,-7.27495
174.20000,3.92230,-7.16550
174.21000,3.98028,-7.08901
174.22000,3.98361,-7.14210
174.23000,3.68868,-7.09660
174.24000,3.64216,-7.11173
174.25000,3.41509,-7.31612
174.26000,3.79107,-7.13671
174.27000,3.45807,-6.98086
174.28000,3.38668,-7.44696
174.29000,3.27186,-7.20919
174.30000,3.34330,-7.17642
174.31000,3.01720,-7.04194
174.32000,3.18678,-7.17053
174.33000,3.59278,-7.16287
174.34000,3.37536,-7.32252
174.35000,3.06900,-7.21994
174.36000,3.12940,-7.34670
174.37000,3.36140,-6.94333
174.38000,2.94508,-7.41427
174.39000,3.06861,-7.71735
174.40000,2.85450,-7.35670
174.41000,2.88588,-7.44551
174.42000,2.63872,-7.67452
174.43000,2.73233,-7.39764
174.44000,2.78404,-7.57244
174.45000,2.71254,-7.24014
174.46000,2.80748,-7.65118
174.47000,2.75245,-7.82083
174.48000,2.59755,-7.44399
174.49000,2.62715,-7.65127
174.50000,2.34404,-7.69356
174.51000,2.45619,-7.77182
174.52000,2.56503,-7.54866
174.53000,2.68244,-7.57198
174.54000,1.97867,-7.53937
174.55000,2.46538,-7.72966
174.56000,2.09300,-7.94413
174.57000,2.13903,-7.89402
174.58000,2.28093,-7.98354
174.59000,2.54506,-7.87554
174.60000,2.05436,-7.82246
174.61000,2.10140,-7.58134
174.62000,1.88977,-7.89381
174.63000,1.68803,-7.31829
174.64000,1.77255,-7.66859
174.65000,1.65123,-7.77943
174.66000,1.54690,-7.90656
174.67000,1.98529,-8.01096
174.68000,1.73485,-7.97879
174.69000,1.46842,-7.92411
174.70000,1.50831,-8.00402
174.71000,1.46199,-7.76834
174.72000,1.09940,-7.63731
174.73000,1.10273,-8.23586
174.74000,0.88377,-7.64757
174.75000,1.11734,-7.80361
174.76000,1.11739,-7.88347
174.77000,1.13755,-8.00728
174.78000,0.75171,-8.05713
174.79000,1.24470,-7.86072
174.80000,0.61386,-8.01920
174.81000,0.96414,-7.86321
174.82000,0.68165,-8.38866
174.83000,0.76973,-8.01551
174.84000,0.78688,-7.95902
174.85000,0.73713,-7.75463
174.86000,0.58428,-7.90488
174.87000,0.69689,-7.96825
174.88000,0.45157,-7.97859
174.89000,0.70325,-7.71909
174.90000,0.61025,-7.95575
174.91000,0.60185,-8.03550
174.92000,0.37288,-8.45530
174.93000,0.18288,-7.77586
174.94000,0.35538,-8.34637
174.95000,0.34862,-8.10807
174.96000,0.27002,-7.59356
174.97000,0.28175,-7.90079
174.98000,-0.06771,-8.29486
174.99000,-0.03351,-8.01870
175.00000,0.16515,-8.21546
175.01000,-0.05343,-8.02018
175.02000,-0.10654,-7.89482
175.03000,0.05086,-7.93724
175.04000,-0.33034,-7.97415
175.05000,-0.29408,-7.81822
175.06000,-0.25443,-7.96667
175.07000,-0.56685,-7.84887
175.08000,-0.24752,-7.95616
175.09000,-0.31802,-7.97674
175.10000,-0.40729,-7.90685
175.11000,-0.81443,-7.82490
175.12000,-0.95689,-7.92712
175.13000,-0.31841,-7.96002
175.14000,-0.89191,-7.92355
175.15000,-0.53970,-8.13684
175.16000,-0.72875,-8.06732
175.17000,-0.82550,-8.17354
175.18000,-0.86713,-7.95284
175.19000,-0.74952,-8.15216
175.20000,-1.26945,-8.30030
175.21000,-0.96638,-8.11159
175.22000,-1.25628,-7.66265
175.23000,-1.28681,-7.66012
175.24000,-1.08174,-7.94651
175.25000,-1.47913,-7.89878
175.26000,-1.08046,-7.91255
175.27000,-1.37403,-8.01321
175.28000,-1.20567,-7.83227
175.29000,-1.77559,-7.58277
175.30000,-1.40010,-7.98553
175.31000,-1.62882,-7.97058
175.32000,-1.82134,-8.14978
175.33000,-1.46967,-7.74331
175.34000,-1.73655,-7.54615
175.35000,-1.75778,-7.69226
175.36000,-1.57098,-7.90751
175.37000,-1.85321,-7.82818
175.38000,-1.36106,-7.79411
175.39000,-1.88240,-7.57187
175.40000,-1.75040,-7.90542
175.41000,-2.17092,-7.92980
175.42000,-1.89269,-7.91087
175.43000,-1.99295,-7.93849
175.44000,-2.09562,-7.72772
175.45000,-2.06935,-7.63014
175.46000,-2.15103,-7.60507
175.47000,-2.25358,-7.89277
175.48000,-2.57155,-7.53960
175.49000,-2.53606,-7.64679
175.50000,-2.34781,-7.38876
175.51000,-2.61900,-7.60399
175.52000,-2.31394,-7.17899
175.53000,-2.39344,-7.33050
175.54000,-2.68629,-7.67950
175.55000,-2.92132,-7.24423
175.56000,-2.76146,-7.56545
175.57000,-2.82469,-7.54291
175.58000,-2.85246,-7.60440
175.59000,-2.84987,-7.70996
175.60000,-2.94260,-7.32370
175.61000,-2.73330,-7.35011
175.62000,-3.05111,-7.06633
175.63000,-3.04196,-7.03875
175.64000,-3.04748,-7.24098
175.65000,-3.02450,-7.49707
175.66000,-3.30291,-7.01872
175.67000,-3.57509,-6.99447
175.68000,-2.99320,-7.12719
175.69000,-3.17955,-7.17014
175.70000,-3.43343,-6.95956
175.71000,-3.36866,-7.30042
175.72000,-3.47705,-7.50851
175.73000,-3.28940,-7.04560
175.74000,-3.82494,-7.35278
175.75000,-3.52343,-6.95745
175.76000,-3.53642,-7.10855
175.77000,-3.58496,-7.17293
175.78000,-3.85392,-7.13439
175.79000,-3.67238,-7.27391
175.80000,-3.85868,-6.90680
175.81000,-4.01151,-7.08634
175.82000,-4.12990,-6.77409
175.83000,-3.98958,-6.98124
175.84000,-3.98558,-6.62747
175.85000,-4.05354,-7.08756
175.86000,-4.26190,-6.87840
175.87000,-3.91491,-7.06466
175.88000,-4.08029,-6.61001
175.89000,-4.26192,-6.70737
175.90000,-4.42882,-6.67242
175.91000,-4.03585,-6.92704
175.92000,-4.42777,-6.75911
175.93000,-4.14382,-6.76843
175.94000,-4.47576,-6.26506
175.95000,-4.36459,-6.19617
175.96000,-4.64311,-6.62855
175.97000,-4.43617,-6.67106
175.98000,-4.47680,-6.71993
175.99000,-4.57111,-6.35949
176.00000,-4.77535,-6.33551
176.01000,-4.71077,-6.45982
176.02000,-4.71853,-6.14896
176.03000,-4.85437,-6.75713
176.04000,-4.79878,-6.51798
176.05000,-4.62719,-6.16214
176.06000,-4.75032,-6.58354
176.07000,-4.95790,-6.34708
176.08000,-4.74662,-6.19416
176.09000,-5.00315,-5.70857
176.10000,-4.96804,-6.29844
176.11000,-5.14875,-5.71524
176.12000,-5.20840,-5.78899
176.13000,-5.62181,-6.52304
176.14000,-5.18718,-6.27619
176.15000,-5.01199,-6.09877
176.16000,-5.22236,-6.14989
176.17000,-5.24399,-6.13821
176.18000,-5.65686,-5.96437
176.19000,-5.34535,-5.64426
176.20000,-5.71486,-5.85805
176.21000,-5.42400,-5.89035
176.22000,-5.70153,-5.55483
176.23000,-5.62197,-5.83852
176.24000,-5.56792,-6.23020
176.25000,-5.79782,-5.95118
176.26000,-5.60308,-5.51714
176.27000,-5.75572,-5.64209
176.28000,-5.75727,-5.52438
176.29000,-5.70570,-5.45691
176.30000,-5.90712,-5.60938
176.31000,-5.63056,-5.38276
176.32000,-6.02108,-5.10786
176.33000,-5.93271,-5.37825
176.34000,-5.86241,-5.28321
176.35000,-5.97489,-5.15745
176.36000,-5.90407,-5.13797
176.37000,-6.09794,-5.20331
176.38000,-6.14615,-5.28915
176.39000,-6.15400,-5.01521
176.40000,-5.98012,-5.15455
176.41000,-6.28561,-5.20090
176.42000,-6.42578,-4.62663
176.43000,-6.14883,-5.43363
176.44000,-6.26490,-4.97753
176.45000,-6.12966,-4.89701
176.46000,-6.56541,-4.80585
176.47000,-6.29709,-5.04270
176.48000,-6.06274,-5.27433
176.49000,-6.57169,-4.84949
176.50000,-6.45489,-4.71640
176.51000,-6.65267,-4.70693
176.52000,-6.18803,-4.65790
176.53000,-6.58265,-4.48883
176.54000,-6.60867,-4.75042
176.55000,-6.62696,-4.27975
176.56000,-6.64481,-4.36977
176.57000,-6.55637,-4.56793
176.58000,-6.66194,-4.24786
176.59000,-6.79573,-4.37393
176.60000,-6.69803,-4.20899
176.61000,-6.84742,-4.34227
176.62000,-6.86477,-4.09080
176.63000,-6.82582,-4.18370
176.64000,-6.71990,-4.04495
176.65000,-6.98564,-4.03058
176.66000,-6.85912,-4.03410
176.67000,-6.94052,-3.63102
176.68000,-6.74408,-4.14486
176.69000,-6.81346,-3.72876
176.70000,-6.95164,-3.83823
176.71000,-6.86676,-3.87491
176.72000,-7.16952,-3.72608
176.73000,-7.29358,-3.58364
176.74000,-7.14542,-3.68910
176.75000,-7.11517,-3.48379
176.76000,-7.02007,-3.53212
176.77000,-7.18567,-3.35532
176.78000,-7.24987,-3.59338
176.79000,-7.15785,-3.31827
176.80000,-7.22894,-3.64149
176.81000,-7.10462,-3.35993
176.82000,-7.42596,-3.47840
176.83000,-7.37789,-3.67564
176.84000,-6.95550,-3.41897
176.85000,-6.97686,-3.40586
176.86000,-7.44032,-3.66996
176.87000,-7.13449,-2.79625
176.88000,-7.41158,-2.64619
176.89000,-7.73701,-3.02552
176.90000,-7.65176,-3.16290
176.91000,-7.29000,-2.84417
176.92000,-7.61935,-2.80256
176.93000,-7.77953,-2.91089
176.94000,-7.49637,-2.88436
176.95000,-7.76485,-2.49253
176.96000,-7.45856,-2.74479
176.97000,-7.44429,-2.80131
176.98000,-7.27090,-2.83736
176.99000,-7.72858,-2.64134
177.00000,-7.62143,-2.37190
177.01000,-7.67326,-2.24923
177.02000,-7.58985,-2.37817
177.03000,-7.78650,-2.60860
177.04000,-7.57702,-2.36306
177.05000,-7.55043,-1.94682
177.06000,-7.68192,-2.19000
177.07000,-7.52295,-2.22313
177.08000,-7.87637,-1.86169
177.09000,-7.77496,-2.10454
177.10000,-7.83116,-1.89638
177.11000,-7.64721,-1.99365
177.12000,-7.55071,-1.96217
177.13000,-7.80299,-1.82527
177.14000,-7.62997,-1.80839
177.15000,-7.98767,-1.73026
177.16000,-7.96137,-1.90798
177.17000,-7.86281,-1.88766
177.18000,-8.07536,-1.70084
177.19000,-8.00356,-1.35669
177.20000,-8.00273,-1.29218
177.21000,-8.03456,-1.69130
177.22000,-8.08379,-1.56992
177.23000,-7.92715,-1.20459
177.24000,-8.03932,-1.13990
177.25000,-7.62057,-1.27092
177.26000,-8.09495,-1.00574
177.27000,-8.07797,-0.74322
177.28000,-7.78085,-1.08961
177.29000,-7.89773,-0.96725
177.30000,-7.83535,-1.16916
177.31000,-8.04591,-0.81577
177.32000,-7.97837,-0.81374
177.33000,-7.71043,-0.95746
177.34000,-7.77306,-1.23225
177.35000,-7.87098,-1.27907
177.36000,-7.91316,-0.92415
177.37000,-7.71901,-0.85758
177.38000,-8.07644,-0.36219
177.39000,-7.77793,-0.78093
177.40000,-8.09613,-0.42112
177.41000,-7.81500,-0.55153
177.42000,-7.94262,-0.36173
177.43000,-8.11439,-0.26635
177.44000,-8.03366,-0.22640
177.45000,-8.13983,-0.39220
177.46000,-8.10519,-0.44786
177.47000,-7.87919,-0.53001
177.48000,-7.98015,-0.04899
177.49000,-7.87968,0.10572
177.50000,-8.00016,-0.11110
177.51000,-8.11451,0.06000
177.52000,-8.17059,0.19547
177.53000,-7.98618,0.11637
177.54000,-8.07986,0.42247
177.55000,-8.10412,0.45718
177.56000,-8.02211,0.41919
177.57000,-8.08897,0.49826
177.58000,-7.84573,0.41873
177.59000,-8.04862,0.25384
177.60000,-7.99930,0.18724
177.61000,-7.85850,0.18653
177.62000,-7.83314,0.30199
177.63000,-7.72848,0.73937
177.64000,-8.32908,0.47331
177.65000,-7.95351,0.80706
177.66000,-7.92373,0.64363
177.67000,-7.94335,1.08224
177.68000,-8.09938,1.03572
177.69000,-7.84996,1.10884
177.70000,-7.99298,0.81972
177.71000,-7.80000,1.28043
177.72000,-7.84346,1.23161
177.73000,-7.76837,1.02804
177.74000,-7.89447,0.90364
177.75000,-7.83446,1.32054
177.76000,-8.00386,1.18769
177.77000,-7.53450,1.47133
177.78000,-7.47355,1.43283
177.79000,-7.76287,1.29625
177.80000,-7.76031,1.59128
177.81000,-7.89557,1.20580
177.82000,-7.63669,1.67494
177.83000,-7.35790,1.63368
177.84000,-7.55889,1.62691
177.85000,-7.73186,1.71714
177.86000,-7.94248,1.76728
177.87000,-7.68954,2.13214
177.88000,-7.89655,2.09120
177.89000,-7.82394,2.12635
177.90000,-7.60107,1.93181
177.91000,-7.27761,2.11791
177.92000,-8.08871,1.97021
177.93000,-7.76055,2.21926
177.94000,-7.57577,2.38002
177.95000,-7.70744,2.29241
177.96000,-7.71913,2.01892
177.97000,-8.00751,2.42313
177.98000,-7.89783,2.38519
177.99000,-7.68919,2.48247
178.00000,-7.68160,2.75503
178.01000,-7.62981,2.95143
178.02000,-7.76316,2.19410
178.03000,-7.80123,2.45244
178.04000,-7.45884,2.63402
178.05000,-7.79472,2.97992
178.06000,-7.10881,2.82173
178.07000,-7.42583,2.93625
178.08000,-7.31905,2.61807
178.09000,-7.46606,3.01122
178.10000,-7.31245,2.79669
178.11000,-7.32682,2.95729
178.12000,-7.46635,2.82415
178.13000,-7.52036,2.89442
178.14000,-7.24144,2.97442
178.15000,-7.70615,2.97238
178.16000,-7.56906,3.20875
178.17000,-7.31118,3.39720
178.18000,-7.30828,3.24579
178.19000,-7.25334,4.06198
178.20000,-7.17757,3.15175
178.21000,-7.03148,3.20341
178.22000,-7.35238,3.82241
178.23000,-7.13433,3.19830
178.24000,-7.27792,3.54695
178.25000,-7.07307,3.89689
178.26000,-7.35334,3.58110
178.27000,-7.14508,3.74654
178.28000,-7.23756,3.73593
178.29000,-7.16574,3.77734
178.30000,-7.08298,3.72841
178.31000,-6.84660,3.79186
178.32000,-6.71996,3.51778
178.33000,-7.08977,4.03880
178.34000,-6.82445,3.93061
178.35000,-7.07328,4.24443
178.36000,-6.83172,4.03150
178.37000,-6.55764,4.41417
178.38000,-6.85674,4.21063
178.39000,-6.68354,3.88218
178.40000,-6.95148,4.32928
178.41000,-6.68553,4.17274
178.42000,-6.38475,4.36867
178.43000,-6.46433,4.22503
178.44000,-6.86332,4.26741
178.45000,-6.51370,4.58065
178.46000,-6.46560,4.80325
178.47000,-6.47806,4.43416
178.48000,-6.44632,4.74029
178.49000,-6.42582,4.93493
178.50000,-6.73063,4.90895
178.51000,-6.60870,4.64980
178.52000,-6.46224,4.84426
178.53000,-6.45801,4.80817
178.54000,-6.14905,4.82180
178.55000,-6.36163,4.70855
178.56000,-6.40523,4.80835
178.57000,-6.38131,4.88670
178.58000,-6.38941,4.75300
178.59000,-6.42804,4.87933
178.60000,-5.88579,5.26590
178.61000,-6.14132,5.11996
178.62000,-6.05601,5.14213
178.63000,-5.57190,4.71000
178.64000,-6.06750,5.32626
178.65000,-6.15954,5.33033
178.66000,-5.82703,5.14456
178.67000,-5.67837,5.63990
178.68000,-5.91118,5.52048
178.69000,-5.86286,5.20914
178.70000,-5.74837,5.63282
178.71000,-5.89330,5.50220
178.72000,-5.79302,5.35395
178.73000,-5.59051,5.76169
178.74000,-5.53658,5.57235
178.75000,-5.45086,5.83252
178.76000,-5.67612,5.54307
178.77000,-5.58987,5.49866
178.78000,-5.80096,5.68251
178.79000,-5.55819,5.62382
178.80000,-5.76181,5.83504
178.81000,-5.77278,5.96517
178.82000,-5.63212,5.82520
178.83000,-5.31486,5.78935
178.84000,-5.33659,5.87754
178.85000,-5.29555,6.24575
178.86000,-5.26249,5.60855
178.87000,-5.24792,6.06691
178.88000,-5.32000,6.15620
178.89000,-5.10735,6.13745
178.90000,-4.73390,6.14118
178.91000,-5.06029,6.16013
178.92000,-4.89492,6.35329
178.93000,-5.24375,6.28972
178.94000,-4.93032,6.45425
178.95000,-4.79310,6.37022
178.96000,-4.94208,6.33485
178.97000,-4.78525,6.01965
178.98000,-5.00243,6.50078
178.99000,-4.63709,6.46668
179.00000,-4.51203,6.50593
179.01000,-4.75987,6.63573
179.02000,-4.58936,6.35871
179.03000,-4.31487,6.68990
179.04000,-4.57662,6.44805
179.05000,-4.57071,6.92330
179.06000,-4.46125,6.43796
179.07000,-4.34460,6.51280
179.08000,-4.08295,6.63362
179.09000,-4.36267,6.74996
179.10000,-4.30211,6.36543
179.11000,-4.08813,6.71790
179.12000,-4.13374,6.66360
179.13000,-3.90769,6.93818
179.14000,-3.98869,7.02464
179.15000,-4.19323,6.94582
179.16000,-3.93117,6.78414
179.17000,-4.02307,6.79691
179.18000,-3.89589,7.11859
179.19000,-3.95101,6.82739
179.20000,-3.80825,6.90871
179.21000,-3.78055,6.78916
179.22000,-3.75239,7.10023
179.23000,-3.68689,7.07158
179.24000,-3.89605,7.18765
179.25000,-3.95243,6.71199
179.26000,-3.81241,7.19287
179.27000,-3.61126,7.10122
179.28000,-3.64762,7.30089
179.29000,-3.44787,7.33923
179.30000,-3.22777,7.30713
179.31000,-3.31306,7.31848
179.32000,-3.30039,7.55095
179.33000,-3.24947,7.39625
179.34000,-3.26359,7.60459
179.35000,-3.34052,7.19807
179.36000,-2.94309,7.15016
179.37000,-3.06524,7.26433
179.38000,-2.97576,7.55808
179.39000,-2.82916,7.34414
179.40000,-3.28184,7.19994
179.41000,-2.64724,7.51835
179.42000,-2.77964,7.85411
179.43000,-2.97951,7.34720
179.44000,-2.74443,7.68285
179.45000,-2.81922,7.44625
179.46000,-2.62032,7.63406
179.47000,-2.42722,7.94782
179.48000,-2.65630,7.55711
179.49000,-2.59975,7.58248
179.50000,-2.39674,7.44364
179.51000,-2.35071,7.65199
179.52000,-2.49758,7.65155
179.53000,-2.23914,7.99143
179.54000,-2.31483,7.62743
179.55000,-2.22422,7.56411
179.56000,-2.30471,7.53043
179.57000,-2.14330,7.81271
179.58000,-2.31676,7.62071
179.59000,-1.82020,7.80365
179.60000,-2.03335,7.56549
179.61000,-2.20948,7.53299
179.62000,-2.00354,7.68281
179.63000,-1.76706,7.53734
179.64000,-1.83735,7.71764
179.65000,-1.91999,8.07092
179.66000,-1.71178,8.19565
179.67000,-1.56034,7.75754
179.68000,-1.43384,7.65390
179.69000,-1.62409,7.95232
179.70000,-1.49857,7.70888
179.71000,-1.38069,7.92461
179.72000,-1.35479,8.21332
179.73000,-1.33493,8.21047
179.74000,-1.16815,7.86179
179.75000,-1.25725,8.12537
179.76000,-1.07003,7.48773
179.77000,-1.07229,7.90409
179.78000,-0.98436,7.96974
179.79000,-1.07944,7.74788
179.80000,-0.81133,8.19703
179.81000,-1.30612,7.91278
179.82000,-0.91108,8.09154
179.83000,-1.00321,7.91244
179.84000,-0.78333,7.66131
179.85000,-1.02603,8.14390
179.86000,-0.83535,7.76891
179.87000,-0.57077,8.02891
179.88000,-0.76113,7.69658
179.89000,-0.67466,7.76854
179.90000,-0.55861,7.83746
179.91000,-0.43746,8.06984
179.92000,-0.21865,8.06496
179.93000,-0.34308,7.93586
179.94000,-0.09621,7.78422
179.95000,-0.28775,8.04974
179.96000,-0.03840,8.18413
179.97000,-0.16546,8.24149
179.98000,-0.11750,8.03764
179.99000,-0.25329,8.03399
180.00000,-0.00773,8.31050
180.01000,0.10546,8.29875
180.02000,0.03400,8.09907
180.03000,0.07184,8.29017
180.04000,0.17481,8.06135
180.05000,0.22702,7.89302
180.06000,0.05971,8.05238
180.07000,0.30954,7.62763
180.08000,0.48344,7.78170
180.09000,0.43533,7.62054
180.10000,0.73988,7.89196
180.11000,0.85760,8.13341
180.12000,0.90984,7.96347
180.13000,0.41875,7.76072
180.14000,0.82295,8.08630
180.15000,0.87889,7.81973
180.16000,0.94056,7.82716
180.17000,1.01310,8.09766
180.18000,0.94306,7.79656
180.19000,0.75767,8.01678
180.20000,1.08624,7.79951
180.21000,0.73551,8.26052
180.22000,1.04179,7.99798
180.23000,1.21502,7.72218
180.24000,1.73129,7.98276
180.25000,1.54665,7.77348
180.26000,1.27735,7.96016
180.27000,1.35516,7.76774
180.28000,1.39572,7.93156
180.29000,1.34269,7.74482
180.30000,1.43551,8.10430
180.31000,1.17469,8.09024
180.32000,1.77971,7.92391
180.33000,1.78190,8.27457
180.34000,1.80931,7.93394
180.35000,1.66156,7.82260
180.36000,1.43154,7.97945
180.37000,1.67447,8.02915
180.38000,1.84603,8.12784
180.39000,1.68234,7.94268
180.40000,1.97288,7.83632
180.41000,1.91271,7.82319
180.42000,2.03864,7.82982
180.43000,2.23660,7.53221
180.44000,2.35252,7.79204
180.45000,2.03221,7.56914
180.46000,2.32691,7.56593
180.47000,2.28497,7.67752
180.48000,2.32007,7.51227
180.49000,2.62687,7.65884
180.50000,2.52941,7.88499
180.51000,2.67125,7.48585
180.52000,2.05241,7.67575
180.53000,2.53572,7.34077
180.54000,2.63238,7.30041
180.55000,2.74427,7.11487
180.56000,2.79754,7.40142
180.57000,3.17364,7.35215
180.58000,2.84149,7.53047
180.59000,3.06000,7.10738
180.60000,3.10849,7.51963
180.61000,3.11215,7.13546
180.62000,3.33328,7.28405
180.63000,2.80383,6.97017
180.64000,3.30989,7.45581
180.65000,3.11344,7.08152
180.66000,3.30999,7.41061
180.67000,3.03673,7.21201
180.68000,3.27794,7.27593
180.69000,3.16833,7.36319
180.70000,3.35613,7.49285
180.71000,3.47049,7.01268
180.72000,3.15378,7.03622
180.73000,3.39441,6.93558
180.74000,3.75974,7.17232
180.75000,3.79366,7.14726
180.76000,3.35528,7.29588
180.77000,3.52686,7.24328
180.78000,3.92417,7.31656
180.79000,3.45034,6.83935
180.80000,4.09128,7.34408
180.81000,3.79378,6.72099
180.82000,4.11122,7.06310
180.83000,4.15827,7.27631
180.84000,3.95047,7.04299
180.85000,4.11708,7.29173
180.86000,3.91867,6.99810
180.87000,3.81682,6.72683
180.88000,4.19404,6.77520
180.89000,4.29908,6.40798
180.90000,4.08895,6.69815
180.91000,4.57831,6.85971
180.92000,4.37006,6.78260
180.93000,4.63926,6.58507
180.94000,4.33400,6.69108
180.95000,4.47449,6.61362
180.96000,4.40407,6.78234
180.97000,4.71422,6.64798
180.98000,4.45051,6.31053
180.99000,4.72749,6.70100
181.00000,4.78017,6.26521
181.01000,4.64418,6.40937
181.02000,4.50156,6.41304
181.03000,4.60180,6.32245
181.04000,4.83771,6.56842
181.05000,5.07749,6.24648
181.06000,4.84246,6.11926
181.07000,4.99025,6.30854
181.08000,5.21004,6.27231
181.09000,5.18763,6.17517
181.10000,5.59053,6.18431
181.11000,5.04843,6.38502
181.12000,5.19170,6.10327
181.13000,5.13743,5.81578
181.14000,5.28175,6.04808
181.15000,5.00667,5.96844
181.16000,5.54950,6.00629
181.17000,5.30346,5.88612
181.18000,5.13268,6.02291
181.19000,5.65241,5.97976
181.20000,5.29417,5.91490
181.21000,5.47205,5.76213
181.22000,5.50316,5.55469
181.23000,5.85066,6.12211
181.24000,5.24404,5.79591
181.25000,5.55769,5.49352
181.26000,5.39166,5.86560
181.27000,5.58768,5.69121
181.28000,5.79452,5.52728
181.29000,5.64444,5.84571
181.30000,6.04752,5.42695
181.31000,5.99899,5.36767
181.32000,5.63047,5.62299
181.33000,5.81822,5.65705
181.34000,6.02024,5.28896
181.35000,5.73136,5.18028
181.36000,6.59607,5.30562
181.37000,6.38649,5.13350
181.38000,6.21960,5.40914
181.39000,6.17172,5.00691
181.40000,6.37269,5.11597
181.41000,6.00224,5.10490
181.42000,6.16036,5.00505
181.43000,6.37170,4.86859
181.44000,6.28368,5.10800
181.45000,6.37329,5.00750
181.46000,6.39296,4.98078
181.47000,6.19267,4.67211
181.48000,6.38585,4.78857
181.49000,6.30122,4.42662
181.50000,6.62800,4.78531
181.51000,6.34669,4.48660
181.52000,6.54042,4.61185
181.53000,6.49674,4.62015
181.54000,6.59767,4.60112
181.55000,6.30406,4.52607
181.56000,6.79214,4.60392
181.57000,6.95336,4.14864
181.58000,6.94358,4.34059
181.59000,6.84941,4.20812
181.60000,6.94983,4.28537
181.61000,6.59433,3.94168
181.62000,6.73599,4.41018
181.63000,7.02103,3.88502
181.64000,6.95126,4.25267
181.65000,6.77354,3.85939
181.66000,6.78152,4.09243
181.67000,6.93633,4.11621
181.68000,7.38101,3.82085
181.69000,7.02201,3.90620
181.70000,7.39642,4.03539
181.71000,7.37411,3.72108
181.72000,7.28268,3.54908
181.73000,6.99284,3.84607
181.74000,6.91795,3.77429
181.75000,7.27380,3.61586
181.76000,7.28958,3.30835
181.77000,7.16812,3.57560
181.78000,7.15120,3.51000
181.79000,7.26294,3.50166
181.80000,7.25689,3.48056
181.81000,7.37622,3.32890
181.82000,7.20039,3.22049
181.83000,7.26120,3.44559
181.84000,7.62987,3.25712
181.85000,7.37425,3.36272
181.86000,7.30363,3.32543
181.87000,7.59863,2.93829
181.88000,7.35075,3.07815
181.89000,7.61412,3.03164
181.90000,7.60254,3.17942
181.91000,7.67782,2.81685
181.92000,7.41023,2.97282
181.93000,7.53296,2.52908
181.94000,7.23328,2.97975
181.95000,7.52382,2.61379
181.96000,7.47048,2.74547
181.97000,7.76969,2.68927
181.98000,7.42709,2.83694
181.99000,7.48347,2.61834
182.00000,7.79329,2.40325
182.01000,7.80807,2.58556
182.02000,7.93673,2.35928
182.03000,7.49783,2.34536
182.04000,7.60318,2.32152
182.05000,7.33051,2.41203
182.06000,7.41734,2.39821
182.07000,7.73116,2.07651
182.08000,7.70684,2.16144
182.09000,7.55452,1.93135
182.10000,7.89803,1.81273
182.11000,7.71627,1.78449
182.12000,7.58938,1.83868
182.13000,7.99923,2.10041
182.14000,8.19698,1.45740
182.15000,7.80003,1.87042
182.16000,8.06151,1.67290
182.17000,7.90034,1.95238
182.18000,7.69689,1.73330
182.19000,7.79771,1.50415
182.20000,7.79626,1.47486
182.21000,8.00157,1.21985
182.22000,7.61198,1.46503
182.23000,7.76891,1.68204
182.24000,7.88353,1.15689
182.25000,7.74147,1.66033
182.26000,8.04001,1.45182
182.27000,7.95802,1.17374
182.28000,7.77603,0.97141
182.29000,7.77275,1.06430
182.30000,7.71535,1.10538
182.31000,7.90376,0.63689
182.32000,8.03306,0.58615
182.33000,8.10316,0.64337
182.34000,7.87350,1.26448
182.35000,8.34565,0.94516
182.36000,8.10980,0.93175
182.37000,8.14391,0.61506
182.38000,8.08043,0.60475
182.39000,7.90620,0.40909
182.40000,7.86995,0.39981
182.41000,7.74859,0.68624
182.42000,8.17007,0.40501
182.43000,8.21416,0.38008
182.44000,8.24783,0.53302
182.45000,8.18846,0.46879
182.46000,7.77072,0.13584
182.47000,7.87878,-0.08264
182.48000,8.01480,-0.13331
182.49000,8.03889,0.21959
182.50000,8.03635,0.45260
182.51000,7.83116,-0.29164
182.52000,7.84104,-0.00829
182.53000,7.74362,-0.25464
182.54000,7.77634,-0.31219
182.55000,8.23879,-0.33622
182.56000,7.94816,-0.31383
182.57000,7.93112,-0.68755
182.58000,8.07662,-0.29369
182.59000,8.04952,-0.21148
182.60000,7.63981,-0.68542
182.61000,7.87901,-0.62238
182.62000,8.27743,-0.74132
182.63000,8.18017,-0.86611
182.64000,7.95097,-0.58051
182.65000,7.81315,-0.79691
182.66000,7.73589,-0.81389
182.67000,8.19276,-1.08164
182.68000,7.72148,-0.97970
182.69000,8.06991,-0.88069
182.70000,8.01678,-0.95374
182.71000,7.62693,-1.00286
182.72000,7.74883,-1.22749
182.73000,7.98740,-0.74611
182.74000,7.86478,-1.22398
182.75000,7.67741,-1.58316
182.76000,8.01032,-1.58409
182.77000,7.94215,-0.99299
182.78000,7.79457,-1.43478
182.79000,7.81973,-1.18490
182.80000,8.13088,-1.39937
182.81000,7.80674,-1.52251
182.82000,7.81768,-1.83530
182.83000,7.81753,-1.84048
182.84000,7.77343,-1.59535
182.85000,7.84401,-1.99351
182.86000,7.80452,-1.58410
182.87000,7.84640,-1.63957
182.88000,7.73159,-1.68555
182.89000,7.41715,-1.97651
182.90000,7.75799,-1.91392
182.91000,7.83632,-2.11925
182.92000,7.62716,-1.91540
182.93000,7.59799,-2.22151
182.94000,7.51167,-2.06235
182.95000,7.79259,-2.39631
182.96000,7.62768,-2.56302
182.97000,7.86984,-2.37686
182.98000,7.51297,-2.10895
182.99000,7.59407,-2.07898
183.00000,7.58545,-2.73452
183.01000,7.40526,-2.31464
183.02000,7.41699,-2.65284
183.03000,7.75201,-2.57409
183.04000,7.52623,-2.68510
183.05000,7.34061,-2.68219
183.06000,7.61815,-2.86290
183.07000,7.66034,-2.99197
183.08000,7.84814,-2.74192
183.09000,7.42648,-3.13761
183.10000,7.60859,-2.79493
183.11000,7.50848,-2.73344
183.12000,7.53636,-3.02057
183.13000,7.32956,-3.08299
183.14000,7.38168,-2.97225
183.15000,7.04742,-3.39180
183.16000,7.29967,-3.29966
183.17000,6.96990,-3.00698
183.18000,7.11444,-3.48812
183.19000,7.38724,-3.57584
183.20000,7.35097,-3.62946
183.21000,7.45516,-3.42996
183.22000,7.19398,-3.21090
183.23000,7.12195,-3.24380
183.24000,7.21639,-3.44235
183.25000,7.27381,-3.47021
183.26000,7.15015,-3.76636
183.27000,7.09349,-3.86554
183.28000,6.87729,-3.78333
183.29000,7.05661,-3.67488
183.30000,6.82375,-3.93136
183.31000,7.31737,-3.63320
183.32000,7.18175,-3.69406
183.33000,7.16408,-3.81991
183.34000,6.67475,-3.45469
183.35000,7.08840,-3.84530
183.36000,6.85855,-4.05466
183.37000,6.47708,-3.87602
183.38000,6.65930,-4.27770
183.39000,6.77633,-4.22050
183.40000,6.62718,-4.71127
183.41000,6.94188,-4.24360
183.42000,6.73853,-4.35861
183.43000,6.70968,-4.52481
183.44000,6.71874,-4.67426
183.45000,6.84040,-4.16249
183.46000,6.74935,-4.59331
183.47000,6.57442,-4.56801
183.48000,6.50446,-4.73652
183.49000,6.49206,-4.69956
183.50000,6.52226,-4.54507
183.51000,6.47822,-4.80904
183.52000,6.40224,-4.90603
183.53000,6.65731,-4.85295
183.54000,6.28606,-4.55238
183.55000,6.24084,-5.12873
183.56000,6.30338,-4.78314
183.57000,5.97541,-5.33971
183.58000,6.10541,-5.00092
183.59000,6.28620,-5.01351
183.60000,6.28188,-5.41959
183.61000,5.98370,-5.11267
183.62000,6.22197,-5.38605
183.63000,5.71939,-5.41801
183.64000,6.06089,-5.51524
183.65000,6.02638,-5.34013
183.66000,6.22170,-5.39362
183.67000,5.94308,-5.27782
183.68000,5.98851,-5.41422
183.69000,5.66787,-5.60769
183.70000,5.93810,-5.34747
183.71000,5.48910,-5.41558
183.72000,5.80445,-5.48820
183.73000,5.68779,-5.74464
183.74000,5.74323,-5.65286
183.75000,6.08156,-5.66650
183.76000,5.81063,-5.55217
183.77000,5.67455,-5.65322
183.78000,5.98840,-5.58662
183.79000,5.83189,-5.84189
183.80000,5.19908,-5.91284
183.81000,5.13525,-5.89484
183.82000,5.78752,-6.13491
183.83000,5.57098,-6.01296
183.84000,5.11065,-5.99233
183.85000,5.51443,-6.15024
183.86000,5.26177,-6.31641
183.87000,5.20395,-6.13824
183.88000,5.11523,-5.90548
183.89000,5.03958,-5.94659
183.90000,5.23889,-6.00375
183.91000,5.13715,-6.31671
183.92000,5.08698,-6.00315
183.93000,5.28014,-6.34530
183.94000,4.99411,-6.45846
183.95000,5.12994,-6.29137
183.96000,4.73488,-6.94323
183.97000,4.99325,-6.41808
183.98000,4.86302,-6.40723
183.99000,4.87010,-6.35766
184.00000,4.66434,-6.51224
184.01000,4.74006,-6.55237
184.02000,4.45603,-6.55034
184.03000,4.66329,-6.67062
184.04000,4.57863,-6.72162
184.05000,4.59317,-6.55167
184.06000,4.41217,-6.70508
184.07000,4.31388,-6.83074
184.08000,4.15197,-6.63010
184.09000,4.55732,-6.61011
184.10000,4.46537,-6.85336
184.11000,4.51715,-6.74360
184.12000,4.49123,-6.60384
184.13000,4.13455,-6.74412
184.14000,4.32303,-6.85664
184.15000,4.21549,-6.85810
184.16000,3.90135,-6.90040
184.17000,4.28034,-6.91556
184.18000,3.70494,-6.91393
184.19000,4.09032,-6.86475
184.20000,3.72893,-7.54862
184.21000,3.59578,-7.09139
184.22000,3.86151,-7.23969
184.23000,3.54040,-7.37136
184.24000,3.68997,-7.15402
184.25000,3.98054,-7.00116
184.26000,3.73906,-7.58724
184.27000,3.43504,-7.13860
184.28000,3.61030,-7.03474
184.29000,3.35998,-6.87326
184.30000,3.39928,-7.21748
184.31000,3.38847,-7.08924
184.32000,3.10417,-7.31235
184.33000,3.26022,-7.34994
184.34000,3.04167,-7.27526
184.35000,3.07553,-7.48122
184.36000,3.17150,-7.12945
184.37000,3.04081,-7.60435
184.38000,2.87591,-7.53443
184.39000,2.83942,-7.44489
184.40000,2.86443,-7.64179
184.41000,3.18825,-7.26114
184.42000,2.79419,-7.42235
184.43000,2.49178,-7.79666
184.44000,2.61602,-7.08330
184.45000,2.70378,-7.56447
184.46000,2.64769,-7.62769
184.47000,2.60431,-7.62299
184.48000,2.70804,-7.50325
184.49000,2.45730,-7.71308
184.50000,2.32973,-7.76590
184.51000,2.56711,-7.67685
184.52000,2.65080,-7.44299
184.53000,2.23952,-7.47389
184.54000,1.87444,-7.47423
184.55000,2.61092,-8.03093
184.56000,2.01697,-7.51980
184.57000,2.11484,-7.63150
184.58000,2.20320,-7.68160
184.59000,2.14275,-8.14812
184.60000,2.08526,-7.76105
184.61000,2.02269,-7.90222
184.62000,1.77510,-7.78305
184.63000,1.63802,-7.82180
184.64000,1.95008,-7.68762
184.65000,1.73505,-7.80082
184.66000,1.83853,-7.87605
184.67000,1.69756,-7.67602
184.68000,1.28571,-7.62821
184.69000,1.52184,-7.62521
184.70000,1.51283,-7.82803
184.71000,1.75798,-7.80970
184.72000,1.58695,-7.57786
184.73000,1.61359,-7.93368
184.74000,1.22071,-7.80146
184.75000,1.14774,-8.21814
184.76000,1.29255,-7.79730
184.77000,1.29868,-8.06801
184.78000,1.08930,-7.82747
184.79000,1.14742,-7.91355
184.80000,1.09980,-7.84170
184.81000,0.93696,-7.89317
184.82000,0.84600,-8.15973
184.83000,0.97572,-7.98091
184.84000,0.89074,-8.10302
184.85000,0.43687,-8.16940
184.86000,0.87304,-7.95389
184.87000,0.52119,-7.95518
184.88000,0.47773,-8.42816
184.89000,0.62670,-7.85264
184.90000,0.53527,-8.33653
184.91000,0.97343,-8.32870
184.92000,0.40988,-7.86642
184.93000,0.30103,-8.25696
184.94000,0.42326,-7.90736
184.95000,0.46372,-7.91124
184.96000,0.31689,-8.07936
184.97000,-0.24107,-8.05711
184.98000,-0.11294,-7.96243
184.99000,0.47970,-8.07827
185.00000,0.14053,-8.11679
185.01000,0.10264,-7.99161
185.02000,0.06238,-7.96777
185.03000,-0.37220,-8.09533
185.04000,-0.15412,-8.09783
185.05000,-0.42967,-7.92717
185.06000,-0.61960,-7.95724
185.07000,-0.24311,-7.68080
185.08000,-0.55510,-8.07260
185.09000,-0.43004,-7.99423
185.10000,-0.47406,-8.24638
185.11000,-0.68884,-7.99913
185.12000,-0.54945,-7.91736
185.13000,-0.58994,-7.71033
185.14000,-0.80522,-8.15003
185.15000,-0.67155,-8.25953
185.16000,-0.79236,-8.19186
185.17000,-0.87566,-7.92376
185.18000,-0.70422,-8.02075
185.19000,-0.93738,-8.24395
185.20000,-0.85493,-8.07907
185.21000,-1.09437,-7.86001
185.22000,-1.01689,-8.18228
185.23000,-1.11499,-7.71637
185.24000,-1.17529,-8.09338
185.25000,-1.03692,-8.13963
185.26000,-1.14586,-7.84550
185.27000,-1.47692,-7.82439
185.28000,-1.28644,-7.74961
185.29000,-1.56000,-7.68522
185.30000,-1.63428,-7.54765
185.31000,-1.63239,-7.79243
185.32000,-1.63307,-7.49312
185.33000,-1.22647,-7.77786
185.34000,-1.74588,-7.96496
185.35000,-1.98498,-8.10926
185.36000,-1.87388,-7.85001
185.37000,-1.54290,-7.65325
185.38000,-1.96180,-7.67179
185.39000,-1.78397,-7.68944
185.40000,-2.01929,-7.84149
185.41000,-2.16030,-7.70923
185.42000,-1.69075,-7.79870
185.43000,-1.97732,-7.86519
185.44000,-2.13426,-7.54753
185.45000,-2.22152,-7.94867
185.46000,-1.88768,-7.42062
185.47000,-2.58204,-7.47167
185.48000,-2.43074,-7.82599
185.49000,-2.64699,-7.62615
185.50000,-2.64848,-7.85619
185.51000,-2.29533,-7.65399
185.52000,-2.57707,-7.82421
185.53000,-2.57083,-7.45116
185.54000,-2.72258,-7.27781
185.55000,-2.97535,-7.58708
185.56000,-2.77787,-7.62906
185.57000,-3.07675,-7.58999
185.58000,-3.05279,-7.64835
185.59000,-2.74472,-7.33908
185.60000,-2.98669,-7.54775
185.61000,-3.06825,-7.43701
185.62000,-3.14386,-7.44296
185.63000,-3.31300,-7.40264
185.64000,-3.15629,-7.38685
185.65000,-2.81560,-7.34173
185.66000,-3.13386,-7.25782
185.67000,-3.09974,-7.11378
185.68000,-3.39393,-7.29097
185.69000,-3.55483,-7.15420
185.70000,-3.60036,-7.25918
185.71000,-3.42585,-7.73417
185.72000,-3.84934,-7.35358
185.73000,-3.42066,-7.16484
185.74000,-3.79726,-7.14879
185.75000,-3.67536,-7.21967
185.76000,-3.55960,-7.18768
185.77000,-3.57733,-7.16733
185.78000,-3.80009,-6.82637
185.79000,-3.71481,-7.11832
185.80000,-4.09327,-7.24318
185.81000,-4.09521,-7.03488
185.82000,-3.93743,-7.06278
185.83000,-3.98675,-6.75030
185.84000,-3.70362,-6.88387
185.85000,-4.00853,-6.47705
185.86000,-3.65916,-6.35142
185.87000,-4.44033,-6.82958
185.88000,-3.89996,-7.06509
185.89000,-4.02914,-6.60673
185.90000,-4.42339,-6.83193
185.91000,-4.58940,-6.84850
185.92000,-4.21283,-6.65726
185.93000,-4.61019,-6.57912
185.94000,-4.63548,-6.56202
185.95000,-4.49047,-6.46572
185.96000,-4.47706,-6.58446
185.97000,-4.50434,-6.24430
185.98000,-4.73017,-6.72259
185.99000,-5.00147,-6.71274
186.00000,-4.55796,-6.48439
186.01000,-4.46850,-6.38202
186.02000,-4.78441,-6.39923
186.03000,-4.77308,-6.59316
186.04000,-4.91429,-6.38151
186.05000,-4.81459,-6.28428
186.06000,-5.03292,-6.28406
186.07000,-4.81722,-6.12863
186.08000,-4.94086,-6.24217
186.09000,-5.17995,-6.38713
186.10000,-5.24932,-6.27694
186.11000,-5.11125,-6.21281
186.12000,-5.10305,-6.09999
186.13000,-5.30487,-6.20644
186.14000,-5.44071,-6.34272
186.15000,-5.26443,-5.85902
186.16000,-5.27121,-6.08938
186.17000,-5.56160,-5.97729
186.18000,-5.48354,-5.89275
186.19000,-5.00768,-5.77434
186.20000,-5.47140,-5.76732
186.21000,-5.56262,-6.07508
186.22000,-5.77739,-5.79526
186.23000,-5.55486,-5.83494
186.24000,-5.79736,-5.69271
186.25000,-5.78773,-5.57003
186.26000,-5.49111,-5.48350
186.27000,-5.78488,-5.47722
186.28000,-5.44548,-5.37123
186.29000,-5.71279,-5.40762
186.30000,-5.85147,-5.45533
186.31000,-5.85169,-5.57784
186.32000,-5.92737,-5.16462
186.33000,-5.93692,-5.23819
186.34000,-6.25704,-5.64868
186.35000,-6.09700,-5.25435
186.36000,-5.79452,-5.23300
186.37000,-6.20461,-5.20729
186.38000,-5.97374,-5.00916
186.39000,-6.32840,-5.23038
186.40000,-6.06424,-5.01735
186.41000,-6.04623,-4.88566
186.42000,-6.09929,-5.08213
186.43000,-6.51777,-5.07111
186.44000,-6.29702,-5.27738
186.45000,-6.33559,-4.93404
186.46000,-6.37077,-4.71423
186.47000,-6.23559,-4.64157
186.48000,-6.70720,-4.65589
186.49000,-6.44491,-4.81243
186.50000,-6.71952,-4.90498
186.51000,-6.48622,-4.69530
186.52000,-6.45486,-4.48981
186.53000,-6.47119,-4.79529
186.54000,-6.41295,-4.59199
186.55000,-6.86701,-4.50476
186.56000,-6.64247,-4.32880
186.57000,-6.53539,-4.33520
186.58000,-7.24363,-4.44510
186.59000,-6.51872,-4.81117
186.60000,-6.31664,-4.28274
186.61000,-6.78397,-4.17253
186.62000,-7.14098,-4.32935
186.63000,-7.12267,-4.36785
186.64000,-6.96924,-4.11653
186.65000,-6.90293,-3.99139
186.66000,-6.88242,-3.88664
186.67000,-6.97930,-3.62715
186.68000,-7.07118,-4.08568
186.69000,-7.01682,-3.84457
186.70000,-7.00649,-3.73395
186.71000,-7.00857,-3.85441
186.72000,-7.03602,-4.14058
186.73000,-7.09917,-3.97893
186.74000,-7.16942,-3.48637
186.75000,-6.84453,-3.86560
186.76000,-7.11337,-3.76377
186.77000,-7.23714,-3.78506
186.78000,-7.20641,-3.26584
186.79000,-7.29749,-3.47381
186.80000,-7.13324,-3.43661
186.81000,-7.23359,-3.74915
186.82000,-7.37787,-3.09310
186.83000,-7.48186,-3.38367
186.84000,-7.19517,-3.36133
186.85000,-7.12042,-3.00363
186.86000,-7.61276,-3.16773
186.87000,-7.43880,-3.16682
186.88000,-7.20027,-2.90381
186.89000,-7.27229,-3.15409
186.90000,-7.35198,-2.74677
186.91000,-7.49480,-2.72096
186.92000,-7.71979,-2.88391
186.93000,-7.54301,-2.95915
186.94000,-7.47739,-2.55519
186.95000,-7.58943,-2.26029
186.96000,-7.82657,-2.65777
186.97000,-7.54402,-2.64065
186.98000,-7.62075,-2.66255
186.99000,-7.59604,-2.17736
187.00000,-7.81009,-2.60408
187.01000,-7.33088,-2.38482
187.02000,-7.71290,-2.17420
187.03000,-8.09173,-2.67667
187.04000,-7.51966,-2.21480
187.05000,-7.32731,-2.19187
187.06000,-7.59207,-2.00018
187.07000,-7.62227,-2.10023
187.08000,-7.52475,-2.25062
187.09000,-8.09651,-1.94108
187.10000,-7.57123,-1.93189
187.11000,-8.28423,-1.75820
187.12000,-7.80467,-1.95455
187.13000,-7.98894,-2.00275
187.14000,-7.82055,-1.82148
187.15000,-7.39050,-1.76723
187.16000,-7.77910,-1.91329
187.17000,-7.97100,-1.68803
187.18000,-7.69212,-1.87423
187.19000,-7.67721,-1.41442
187.20000,-7.72592,-1.50146
187.21000,-7.67840,-1.38184
187.22000,-8.12466,-1.49527
187.23000,-8.04185,-1.41956
187.24000,-7.73615,-1.23424
187.25000,-8.10666,-1.34116
187.26000,-8.03257,-1.29954
187.27000,-7.96733,-1.12635
187.28000,-7.82551,-1.49778
187.29000,-8.08325,-0.98167
187.30000,-8.19082,-0.91602
187.31000,-7.94588,-1.01845
187.32000,-7.86460,-0.80155
187.33000,-7.87374,-0.75643
187.34000,-8.09277,-0.90173
187.35000,-8.24502,-1.00855
187.36000,-8.35245,-0.77142
187.37000,-8.07153,-0.76186
187.38000,-8.29515,-0.52185
187.39000,-7.87149,-0.58169
187.40000,-8.02582,-0.41246
187.41000,-8.21233,-0.53753
187.42000,-7.54665,0.00264
187.43000,-8.06307,-0.17511
187.44000,-8.07604,-0.35197
187.45000,-8.01647,-0.30225
187.46000,-7.84048,-0.17115
187.47000,-7.91859,-0.19046
187.48000,-7.82273,-0.20784
187.49000,-8.11813,-0.14123
187.50000,-7.98295,-0.00871
187.51000,-8.25895,0.12632
187.52000,-8.03131,-0.29112
187.53000,-7.79659,0.06297
187.54000,-7.91241,0.30394
187.55000,-8.17809,0.51647
187.56000,-7.78505,0.21908
187.57000,-8.16644,0.46320
187.58000,-7.93563,0.57514
187.59000,-8.13990,0.59934
187.60000,-7.92413,0.49538
187.61000,-7.84286,0.58016
187.62000,-8.08035,0.62920
187.63000,-7.82878,0.84720
187.64000,-8.01779,0.70626
187.65000,-8.22415,0.72934
187.66000,-8.22245,0.99176
187.67000,-7.97802,1.14614
187.68000,-8.09008,0.77161
187.69000,-8.00758,0.45962
187.70000,-8.19831,1.11502
187.71000,-8.18916,0.79000
187.72000,-7.98003,1.08557
187.73000,-8.09591,1.34215
187.74000,-8.06977,1.24187
187.75000,-7.44766,1.66503
187.76000,-8.08311,1.26381
187.77000,-7.83819,1.51796
187.78000,-7.46671,1.49171
187.79000,-8.26771,1.54253
187.80000,-7.72138,1.46986
187.81000,-7.78515,1.51872
187.82000,-7.82182,1.62041
187.83000,-7.91983,1.48464
187.84000,-7.81924,1.31021
187.85000,-8.05131,1.58875
187.86000,-8.03277,1.90456
187.87000,-8.04611,1.97211
187.88000,-7.79558,2.11250
187.89000,-7.63953,2.09137
187.90000,-8.09132,1.78848
187.91000,-7.69332,1.93392
187.92000,-7.82911,1.69606
187.93000,-7.88626,2.00436
187.94000,-7.77579,2.03291
187.95000,-8.05103,2.21592
187.96000,-7.92722,2.58458
187.97000,-7.61579,2.34835
187.98000,-7.62072,2.65038
187.99000,-7.47797,2.65992
188.00000,-7.53726,2.09434
188.01000,-7.67916,1.92415
188.02000,-7.55099,2.45562
188.03000,-7.46250,2.65128
188.04000,-7.64237,2.71200
188.05000,-7.35924,2.39857
188.06000,-7.67015,2.87908
188.07000,-7.63351,3.01697
188.08000,-7.56801,2.76128
188.09000,-7.39357,2.91458
188.10000,-7.51466,2.73150
188.11000,-7.55232,2.89939
188.12000,-7.54687,3.05423
188.13000,-7.29378,3.10136
188.14000,-7.21273,3.01602
188.15000,-7.66004,3.14866
188.16000,-7.19920,3.29485
188.17000,-7.09363,3.40617
188.18000,-7.19095,3.11335
188.19000,-7.35697,3.21185
188.20000,-7.48851,3.26513
188.21000,-7.44471,3.27378
188.22000,-7.12776,3.32054
188.23000,-7.16896,3.46635
188.24000,-7.08950,3.89452
188.25000,-6.98591,3.24514
188.26000,-7.64096,3.59666
188.27000,-7.34325,3.64693
188.28000,-7.08893,3.96138
188.29000,-7.24556,3.72014
188.30000,-7.21387,4.01282
188.31000,-7.04588,4.01176
188.32000,-6.66896,3.78242
188.33000,-7.15240,4.33297
188.34000,-6.75289,3.86157
188.35000,-7.07710,4.18984
188.36000,-6.76013,4.23030
188.37000,-6.75734,4.04165
188.38000,-7.00060,4.19723
188.39000,-6.66215,4.11475
188.40000,-6.48938,4.63396
188.41000,-6.83355,4.24545
188.42000,-6.69862,4.45561
188.43000,-6.51361,4.02004
188.44000,-6.63854,4.53300
188.45000,-6.63266,4.73612
188.46000,-6.53431,4.68537
188.47000,-6.88934,4.50928
188.48000,-6.52825,4.47144
188.49000,-6.32735,4.60708
188.50000,-6.38216,4.77134
188.51000,-6.57240,4.87971
188.52000,-6.57266,5.07081
188.53000,-6.22526,4.70321
188.54000,-6.34934,4.92416
188.55000,-6.50559,4.79578
188.56000,-6.16147,5.11011
188.57000,-6.29076,4.85361
188.58000,-6.07196,5.19866
188.59000,-5.93224,5.27568
188.60000,-6.25234,5.38904
188.61000,-6.45355,5.05214
188.62000,-5.80857,5.44970
188.63000,-6.11266,5.26862
188.64000,-5.87067,5.24045
188.65000,-6.16310,5.21384
188.66000,-6.12774,5.46791
188.67000,-5.94699,5.39052
188.68000,-5.93115,5.09716
188.69000,-5.90744,5.38907
188.70000,-5.49898,5.47645
188.71000,-5.83152,5.37387
188.72000,-5.89271,5.49644
188.73000,-5.80359,5.31358
188.74000,-5.52553,5.20911
188.75000,-5.73822,5.68703
188.76000,-5.72904,5.43380
188.77000,-5.03823,5.91890
188.78000,-5.69455,5.80751
188.79000,-5.79100,5.55674
188.80000,-5.17746,5.74495
188.81000,-5.23034,5.70083
188.82000,-5.86796,6.00033
188.83000,-5.44852,6.08894
188.84000,-5.38324,5.89233
188.85000,-5.41702,6.12876
188.86000,-5.24208,5.99947
188.87000,-5.00877,5.90075
188.88000,-5.25411,6.09382
188.89000,-4.96293,6.25342
188.90000,-4.98660,5.95600
188.91000,-5.09777,6.15070
188.92000,-5.07079,6.11360
188.93000,-4.84305,6.34599
188.94000,-4.97386,6.16767
188.95000,-5.01081,6.00798
188.96000,-4.81962,6.66206
188.97000,-4.68315,6.51318
188.98000,-4.92187,6.09379
188.99000,-5.07384,6.40323
189.00000,-4.54274,6.80735
189.01000,-4.65784,6.54782
189.02000,-4.78264,6.52336
189.03000,-4.52672,6.79104
189.04000,-4.59963,6.71381
189.05000,-4.37118,6.38816
189.06000,-4.46339,6.95858
189.07000,-4.48215,6.61213
189.08000,-4.26499,6.59399
189.09000,-4.59035,6.66287
189.10000,-4.15753,6.92056
189.11000,-4.31755,6.45878
189.12000,-4.21466,6.80618
189.13000,-4.42658,6.60416
189.14000,-4.22279,6.66894
189.15000,-4.07490,7.07100
189.16000,-3.97748,7.17932
189.17000,-3.84894,7.11492
189.18000,-4.01162,7.10375
189.19000,-3.84231,6.96725
189.20000,-3.72111,7.06093
189.21000,-4.03474,7.22186
189.22000,-3.96135,7.08377
189.23000,-3.95354,6.93452
189.24000,-3.70473,7.15823
189.25000,-3.58449,7.07406
189.26000,-3.49993,7.00164
189.27000,-3.51012,7.21820
189.28000,-3.36178,7.05947
189.29000,-3.47263,7.06546
189.30000,-3.35075,7.26480
189.31000,-3.48152,7.53534
189.32000,-3.59788,7.31687
189.33000,-3.10223,7.33597
189.34000,-3.48630,6.92008
189.35000,-3.28941,7.33961
189.36000,-3.02137,7.43632
189.37000,-3.27514,7.48717
189.38000,-3.08791,7.72054
189.39000,-3.22387,7.42500
189.40000,-3.09392,7.51642
189.41000,-2.73644,7.51700
189.42000,-3.20451,7.42306
189.43000,-2.78702,7.04877
189.44000,-2.57500,7.44927
189.45000,-2.71110,7.71425
189.46000,-2.95721,7.95257
189.47000,-2.72992,7.52344
189.48000,-2.61705,7.62544
189.49000,-2.31901,7.63672
189.50000,-2.71840,7.38478
189.51000,-2.31177,7.56989
189.52000,-2.53119,7.76326
189.53000,-2.74714,7.64399
189.54000,-2.28427,7.65948
189.55000,-2.07094,7.82504
189.56000,-2.21254,7.67025
189.57000,-2.02285,7.87217
189.58000,-2.35759,7.54553
189.59000,-2.08874,7.60362
189.60000,-1.98618,8.10932
189.61000,-2.05926,7.74380
189.62000,-2.08790,7.92017
189.63000,-1.59390,7.91910
189.64000,-1.68210,7.65249
189.65000,-1.49182,8.05790
189.66000,-1.76874,7.93543
189.67000,-1.44052,7.85464
189.68000,-1.24312,7.82666
189.69000,-1.66334,8.04428
189.70000,-1.77948,8.04865
189.71000,-1.43185,7.89127
189.72000,-1.33705,7.86199
189.73000,-1.66058,7.92066
189.74000,-1.19479,8.20555
189.75000,-1.31695,7.76689
189.76000,-1.57969,7.83820
189.77000,-0.89556,7.85366
189.78000,-1.23516,7.86763
189.79000,-0.93272,8.28216
189.80000,-0.73406,7.93704
189.81000,-0.72666,7.91483
189.82000,-0.95383,7.93542
189.83000,-1.01351,8.13308
189.84000,-0.47695,7.89602
189.85000,-0.93400,7.99523
189.86000,-0.78667,8.05572
189.87000,-0.63124,8.10291
189.88000,-0.70147,7.74127
189.89000,-0.85639,8.07482
189.90000,-0.53125,8.11343
189.91000,-0.18035,7.84836
189.92000,-0.46254,8.11611
189.93000,-0.39118,7.57201
189.94000,-0.17824,7.98866
189.95000,-0.38692,7.76250
189.96000,-0.02929,8.02149
189.97000,-0.18946,8.10979
189.98000,-0.30677,8.21240
189.99000,0.04970,7.77731
190.00000,-0.11570,8.07877
190.01000,0.00476,7.95342
190.02000,-0.07484,8.08370
190.03000,-0.13414,8.10918
190.04000,0.28175,7.99051
190.05000,0.26047,7.96699
190.06000,0.43181,7.96593
190.07000,0.36824,8.52195
190.08000,0.43907,8.21297
190.09000,0.48664,7.65576
190.10000,0.67739,7.71333
190.11000,0.60868,8.08487
190.12000,0.90595,8.17561
190.13000,0.71676,8.05935
190.14000,0.72113,7.90637
190.15000,0.96641,7.97679
190.16000,0.92529,7.78349
190.17000,0.94856,7.89911
190.18000,0.91728,8.06737
190.19000,0.98852,8.17180
190.20000,1.43344,8.17977
190.21000,0.92348,8.12833
190.22000,1.01215,7.85673
190.23000,0.79583,8.01588
190.24000,1.16432,7.84606
190.25000,1.00501,8.00474
190.26000,1.46228,7.76042
190.27000,1.01706,7.62490
190.28000,1.40160,8.03082
190.29000,1.43193,7.70188
190.30000,1.48436,7.81614
190.31000,1.71587,7.86582
190.32000,1.83592,7.98684
190.33000,1.55437,7.79258
190.34000,1.79960,7.57836
190.35000,1.64508,7.70279
190.36000,1.83536,7.59727
190.37000,1.80654,7.84964
190.38000,1.62033,7.63011
190.39000,2.10246,7.78695
190.40000,2.10924,7.65031
190.41000,1.89569,7.87689
190.42000,2.28245,7.46112
190.43000,2.02876,7.40477
190.44000,2.28322,7.66552
190.45000,1.62753,7.45934
190.46000,2.50877,7.39624
190.47000,2.39564,7.49378
190.48000,2.54047,7.93197
190.49000,2.25066,7.83996
190.50000,2.55212,7.56536
190.51000,2.83863,7.40890
190.52000,2.52090,7.41902
190.53000,2.52767,7.36904
190.54000,2.75002,7.59015
190.55000,2.62411,7.39935
190.56000,2.26279,7.55750
190.57000,2.67715,7.28644
190.58000,2.97770,7.38576
190.59000,3.00270,7.33958
190.60000,2.84758,7.49634
190.61000,2.58006,7.61253
190.62000,2.95656,7.49640
190.63000,3.27777,7.15552
190.64000,3.23631,7.44026
190.65000,3.22402,7.33469
190.66000,2.99868,7.15563
190.67000,3.08710,7.58044
190.68000,3.33835,7.22139
190.69000,3.24131,7.26312
190.70000,3.28168,7.08299
190.71000,3.52180,7.39471
190.72000,3.33113,7.42820
190.73000,3.54479,7.34337
190.74000,3.86385,7.09933
190.75000,3.47280,7.43739
190.76000,3.68217,7.06003
190.77000,4.08074,7.16243
190.78000,3.73310,6.90549
190.79000,4.28050,6.82543
190.80000,3.86818,7.18431
190.81000,4.12879,6.85744
190.82000,4.24540,6.98025
190.83000,4.00866,7.11853
190.84000,4.02231,6.64667
190.85000,3.91319,6.84865
190.86000,3.73175,6.90089
190.87000,4.07904,6.78331
190.88000,3.94901,6.75394
190.89000,4.50749,6.97408
190.90000,4.43903,6.72641
190.91000,4.24469,6.96819
190.92000,4.53242,6.67466
190.93000,4.59611,6.67782
190.94000,4.63953,6.70714
190.95000,4.41600,6.70724
190.96000,4.67126,6.68846
190.97000,4.29507,6.49859
190.98000,4.47412,6.71423
190.99000,4.84680,6.66617
191.00000,4.81112,6.31943
191.01000,4.86084,6.46107
191.02000,4.57662,6.70413
191.03000,4.87972,6.55028
191.04000,4.98133,6.85641
191.05000,5.06883,6.43077
191.06000,5.00271,6.36121
191.07000,4.81225,6.24812
191.08000,4.95335,6.33988
191.09000,5.28445,5.85053
191.10000,4.92807,5.94981
191.11000,5.40299,5.95632
191.12000,5.47068,5.80294
191.13000,5.40046,6.16358
191.14000,5.47626,5.85160
191.15000,5.26963,6.18198
191.16000,5.30137,5.93768
191.17000,5.43328,5.77116
191.18000,5.36121,5.81202
191.19000,5.69956,6.23921
191.20000,5.46364,5.79424
191.21000,5.61486,5.80678
191.22000,5.48624,5.81988
191.23000,5.52053,6.01305
191.24000,5.73830,5.94508
191.25000,5.77987,5.46056
191.26000,5.81696,5.65510
191.27000,5.35634,5.74771
191.28000,5.65809,5.63083
191.29000,5.86571,5.64900
191.30000,5.95996,5.79240
191.31000,5.84707,5.51691
191.32000,6.06002,5.56110
191.33000,5.96613,5.55771
191.34000,6.12059,5.34833
191.35000,5.87801,5.20471
191.36000,5.99333,5.26478
191.37000,6.08956,4.73011
191.38000,5.88555,5.36320
191.39000,6.16106,4.82701
191.40000,6.54561,4.97805
191.41000,6.11295,5.21217
191.42000,6.25858,5.07566
191.43000,6.28706,4.74218
191.44000,6.49689,5.22777
191.45000,6.60878,4.54287
191.46000,6.32432,5.13901
191.47000,6.60622,4.65017
191.48000,6.88251,4.63420
191.49000,6.19875,4.92512
191.50000,6.45035,4.86751
191.51000,6.64379,4.91900
191.52000,6.43421,4.78237
191.53000,6.49170,4.85168
191.54000,6.74657,4.68396
191.55000,6.55899,4.64824
191.56000,6.96894,4.16365
191.57000,7.07065,4.27227
191.58000,6.60623,4.19916
191.59000,7.00281,4.36054
191.60000,6.60889,4.27662
191.61000,6.92620,4.08579
191.62000,6.66378,4.43852
191.63000,6.85196,4.19493
191.64000,6.94249,3.76423
191.65000,6.80919,3.91547
191.66000,6.99910,4.21940
191.67000,6.75603,4.05308
191.68000,7.16812,3.88083
191.69000,6.87832,3.74858
191.70000,7.07852,4.07868
191.71000,7.22426,3.89507
191.72000,6.94813,4.04967
191.73000,6.97182,3.74444
191.74000,7.05002,3.79519
191.75000,7.01633,3.40036
191.76000,6.92436,3.67987
191.77000,6.78926,3.48826
191.78000,7.16448,3.49368
191.79000,7.20348,3.37699
191.80000,7.43477,2.96110
191.81000,7.37950,3.26904
191.82000,7.29413,3.56476
191.83000,7.36512,3.32148
191.84000,6.92600,3.41872
191.85000,7.23624,3.43213
191.86000,7.49229,2.83024
191.87000,7.32827,3.42601
191.88000,7.57207,3.00099
191.89000,7.56952,3.03187
191.90000,7.44129,2.77632
191.91000,7.55558,2.80883
191.92000,7.60484,2.75850
191.93000,7.51885,3.02987
191.94000,7.40133,2.79449
191.95000,7.38036,2.49581
191.96000,7.74746,2.79050
191.97000,7.57777,2.93462
191.98000,7.48351,2.88298
191.99000,7.82384,2.50722
192.00000,7.35230,2.28309
192.01000,7.49531,2.39694
192.02000,7.66347,2.48595
192.03000,7.52265,2.36410
192.04000,7.50191,2.19579
192.05000,7.74701,2.28463
192.06000,7.96282,2.09735
192.07000,7.48915,1.86248
192.08000,7.90754,2.07972
192.09000,7.68356,2.19708
192.10000,7.93840,2.06254
192.11000,7.78657,1.86721
192.12000,8.02200,1.81121
192.13000,7.96393,1.94221
192.14000,7.81439,1.59556
192.15000,7.62819,1.56729
192.16000,7.89495,1.63911
192.17000,7.70576,1.84634
192.18000,7.86350,1.68147
192.19000,7.58209,1.44366
192.20000,7.98171,1.48382
192.21000,7.80851,1.60010
192.22000,7.75561,0.97548
192.23000,8.07195,1.43481
192.24000,7.97809,1.42023
192.25000,7.71435,1.13910
192.26000,7.95901,1.22548
192.27000,8.21329,1.12924
192.28000,7.75402,0.78732
192.29000,7.92783,0.96904
192.30000,8.04414,1.07139
192.31000,7.79911,0.79337
192.32000,8.05002,1.23785
192.33000,7.88764,1.00040
192.34000,8.16800,0.87883
192.35000,7.91496,0.77242
192.36000,7.86722,0.63811
192.37000,7.70729,0.62291
192.38000,8.13248,0.56803
192.39000,8.00267,0.70742
192.40000,7.77178,0.82422
192.41000,8.13030,0.35293
192.42000,8.07073,0.34236
192.43000,8.13636,0.17965
192.44000,8.19186,0.39849
192.45000,8.05894,0.27635
192.46000,8.03087,-0.03407
192.47000,7.97417,0.10113
192.48000,7.94270,-0.18509
192.49000,7.96032,0.18724
192.50000,8.17551,0.06650
192.51000,7.77758,-0.01607
192.52000,8.17810,0.31832
192.53000,8.30312,-0.12605
192.54000,8.20503,-0.32159
192.55000,8.35894,-0.03706
192.56000,8.07707,-0.48917
192.57000,8.01475,-0.03121
192.58000,8.01955,-0.65275
192.59000,7.97557,-0.34274
192.60000,8.17763,-0.22366
192.61000,7.81867,-0.74632
192.62000,7.90289,-0.75931
192.63000,7.72929,-0.87339
192.64000,8.05037,-0.93046
192.65000,7.94421,-0.70437
192.66000,7.70688,-1.07839
192.67000,7.85562,-1.03351
192.68000,7.73975,-1.01068
192.69000,8.08551,-0.87227
192.70000,8.04556,-0.97574
192.71000,7.81201,-0.94667
192.72000,8.06269,-1.31806
192.73000,7.84237,-1.32516
192.74000,8.06030,-1.21411
192.75000,7.68966,-1.13657
192.76000,7.72729,-1.54879
192.77000,7.72445,-1.25370
192.78000,7.70826,-1.55074
192.79000,7.82020,-1.64728
192.80000,7.84215,-1.50543
192.81000,7.69373,-1.73533
192.82000,7.83865,-1.58184
192.83000,7.72148,-1.83540
192.84000,7.78127,-1.85882
192.85000,7.65724,-1.63471
192.86000,7.87179,-2.13793
192.87000,7.79765,-2.11857
192.88000,7.89969,-1.84665
192.89000,7.77435,-2.10820
192.90000,7.81758,-2.28562
192.91000,7.73988,-2.01285
192.92000,7.57426,-2.20879
192.93000,8.09660,-2.30967
192.94000,7.87618,-2.39446
192.95000,7.72961,-2.36319
192.96000,7.61865,-2.21655
192.97000,7.90991,-2.25840
192.98000,7.94284,-2.24850
192.99000,7.47417,-2.34493
193.00000,7.43923,-2.57468
193.01000,7.60739,-2.33165
193.02000,7.56821,-2.83351
193.03000,7.77723,-3.02425
193.04000,7.37977,-2.57950
193.05000,7.41992,-2.58793
193.06000,7.54893,-2.83897
193.07000,7.80909,-2.82218
193.08000,7.89414,-3.00692
193.09000,7.05907,-2.43373
193.10000,7.69045,-2.63444
193.11000,7.06861,-2.97199
193.12000,6.99742,-3.36194
193.13000,7.20161,-3.14064
193.14000,7.35729,-3.24027
193.15000,7.33491,-3.38118
193.16000,7.32083,-3.23526
193.17000,7.51319,-3.14269
193.18000,7.43371,-3.29160
193.19000,7.51019,-3.77335
193.20000,7.11867,-3.18130
193.21000,7.47838,-3.64780
193.22000,7.33031,-3.43638
193.23000,7.26358,-3.48138
193.24000,7.16031,-3.35640
193.25000,7.07750,-3.42178
193.26000,7.00551,-3.40255
193.27000,7.01585,-3.90105
193.28000,7.17009,-3.86115
193.29000,6.77501,-3.85438
193.30000,6.85161,-3.56008
193.31000,6.86549,-4.11147
193.32000,6.93712,-4.13959
193.33000,6.90161,-3.72491
193.34000,7.03038,-3.89213
193.35000,6.53934,-4.04790
193.36000,6.88424,-4.28404
193.37000,6.78951,-4.24901
193.38000,7.02195,-4.17722
193.39000,6.69460,-4.19074
193.40000,6.76617,-4.31163
193.41000,6.93441,-4.41871
193.42000,6.65146,-4.55334
193.43000,6.78914,-4.49675
193.44000,7.07547,-4.26223
193.45000,6.83007,-4.33099
193.46000,6.75080,-4.70310
193.47000,6.78120,-4.59139
193.48000,6.67068,-4.52901
193.49000,6.60384,-4.39782
193.50000,6.51953,-4.78034
193.51000,6.58333,-4.71085
193.52000,6.45401,-4.84801
193.53000,6.23399,-4.70504
193.54000,6.35064,-4.99566
193.55000,6.17788,-4.96149
193.56000,5.88323,-5.02820
193.57000,6.32881,-5.17098
193.58000,6.13154,-4.95493
193.59000,6.29994,-5.30042
193.60000,6.14878,-5.16537
193.61000,6.16899,-4.93114
193.62000,6.21207,-4.86644
193.63000,5.93586,-4.86928
193.64000,5.91248,-5.44706
193.65000,6.01220,-5.47246
193.66000,6.14478,-5.35476
193.67000,5.78030,-5.20506
193.68000,5.98846,-5.18184
193.69000,5.75729,-5.47908
193.70000,5.85560,-5.38956
193.71000,5.58868,-5.07620
193.72000,6.18754,-5.82783
193.73000,5.65050,-5.81722
193.74000,5.59425,-5.65509
193.75000,5.84902,-5.46479
193.76000,5.33624,-5.55198
193.77000,5.67396,-5.90850
193.78000,5.59562,-5.65089
193.79000,5.45762,-5.87390
193.80000,5.80264,-5.97821
193.81000,5.79476,-6.07479
193.82000,5.06059,-5.87263
193.83000,5.19311,-5.89900
193.84000,5.60018,-5.73236
193.85000,5.26045,-6.07853
193.86000,4.97236,-5.94379
193.87000,5.38826,-6.07199
193.88000,5.10643,-5.64597
193.89000,5.20042,-5.81969
193.90000,5.00605,-6.22019
193.91000,4.96248,-6.31167
193.92000,5.12275,-6.35022
193.93000,4.75536,-6.43291
193.94000,4.95776,-6.47526
193.95000,5.01298,-6.24866
193.96000,4.87117,-6.10157
193.97000,4.68311,-6.59465
193.98000,4.42999,-6.12865
193.99000,4.33140,-6.46988
194.00000,4.38316,-6.32261
194.01000,4.69202,-6.44530
194.02000,4.61032,-6.56279
194.03000,4.62748,-6.62347
194.04000,4.58296,-6.36422
194.05000,4.39983,-6.48050
194.06000,4.29666,-6.44305
194.07000,4.75023,-6.75424
194.08000,4.16441,-6.76536
194.09000,4.32283,-6.37986
194.10000,4.04777,-6.79062
194.11000,3.88077,-6.65151
194.12000,4.23010,-7.27143
194.13000,4.04643,-6.54889
194.14000,4.40993,-6.98652
194.15000,4.34441,-6.90516
194.16000,4.10143,-6.94073
194.17000,4.15964,-7.03545
194.18000,3.94973,-6.72597
194.19000,3.87895,-6.89547
194.20000,4.18996,-7.31043
194.21000,4.15654,-7.41591
194.22000,3.80833,-7.17480
194.23000,3.86376,-6.93985
194.24000,3.69934,-6.94717
194.25000,3.55621,-7.06353
194.26000,3.53008,-7.37272
194.27000,3.56293,-7.12595
194.28000,3.41776,-7.19105
194.29000,3.33895,-7.30758
194.30000,3.36801,-7.18948
194.31000,3.42541,-7.33019
194.32000,3.42809,-7.28988
194.33000,3.13027,-7.52446
194.34000,3.40442,-7.33476
194.35000,3.00399,-7.40412
194.36000,2.90258,-7.31109
194.37000,3.24062,-7.26719
194.38000,2.81500,-7.73491
194.39000,3.19536,-7.37145
194.40000,2.73196,-7.12767
194.41000,3.05901,-7.64128
194.42000,2.82152,-7.51457
194.43000,2.91314,-7.17457
194.44000,2.53009,-7.47508
194.45000,2.93305,-7.81157
194.46000,2.86566,-7.76701
194.47000,2.69897,-7.53122
194.48000,2.48864,-7.58446
194.49000,2.35606,-7.29133
194.50000,2.68905,-7.50972
194.51000,2.76681,-7.66591
194.52000,2.45536,-7.30965
194.53000,2.52095,-7.80385
194.54000,2.25897,-7.39519
194.55000,2.41695,-7.65364
194.56000,1.98246,-7.64708
194.57000,2.28029,-7.91529
194.58000,1.83453,-7.80044
194.59000,2.26288,-7.57897
194.60000,2.13540,-7.95225
194.61000,1.69295,-7.87497
194.62000,2.08624,-7.72213
194.63000,2.00190,-7.69612
194.64000,1.98145,-7.72092
194.65000,1.69787,-7.60095
194.66000,2.09158,-7.53172
194.67000,1.55582,-7.84625
194.68000,1.44815,-7.65862
194.69000,1.78451,-8.12321
194.70000,1.62356,-7.77926
194.71000,1.50885,-7.67739
194.72000,1.70702,-7.76814
194.73000,0.83735,-8.38989
194.74000,1.60825,-7.69752
194.75000,1.21961,-7.76004
194.76000,1.10046,-7.87089
194.77000,1.48478,-7.67452
194.78000,1.17542,-7.98433
194.79000,1.31037,-7.79046
194.80000,1.14584,-7.85792
194.81000,0.87418,-7.84194
194.82000,0.69117,-8.33515
194.83000,1.00278,-7.84162
194.84000,0.74419,-8.22092
194.85000,0.84055,-8.28815
194.86000,0.28002,-7.92551
194.87000,0.65519,-8.13609
194.88000,0.42100,-8.05060
194.89000,0.53316,-7.90630
194.90000,0.52095,-7.99480
194.91000,0.66087,-7.88634
194.92000,0.51396,-7.67421
194.93000,0.25173,-7.78494
194.94000,0.08555,-7.79063
194.95000,-0.13620,-8.27797
194.96000,0.33280,-8.05690
194.97000,0.25702,-7.95169
194.98000,-0.01084,-8.13147
194.99000,-0.05098,-7.90258
195.00000,0.09748,-7.73886
195.01000,-0.11799,-8.07185
195.02000,-0.29595,-7.87769
195.03000,-0.07088,-7.94447
195.04000,-0.15882,-7.78933
195.05000,-0.24022,-7.81206
195.06000,-0.20378,-8.11932
195.07000,-0.50130,-7.99777
195.08000,-0.50390,-8.07789
195.09000,-0.35499,-7.79965
195.10000,-0.50778,-7.81591
195.11000,-0.46734,-7.73874
195.12000,-0.85345,-8.01715
195.13000,-0.32359,-8.15638
195.14000,-0.83099,-8.52263
195.15000,-0.72292,-7.88812
195.16000,-0.98146,-7.94561
195.17000,-0.85040,-8.18568
195.18000,-0.79737,-7.77870
195.19000,-1.02122,-7.98480
195.20000,-1.02872,-8.49930
195.21000,-0.64166,-7.80514
195.22000,-0.78831,-7.76139
195.23000,-1.36430,-7.96923
195.24000,-1.39864,-8.03384
195.25000,-1.03088,-7.86071
195.26000,-1.27932,-7.76306
195.27000,-1.26082,-7.85942
195.28000,-1.33345,-7.69007
195.29000,-1.62000,-7.88099
195.30000,-1.56240,-7.96175
195.31000,-1.15221,-7.72033
195.32000,-1.52769,-7.74500
195.33000,-1.71702,-7.78002
195.34000,-1.47677,-7.70753
195.35000,-1.50218,-7.60607
195.36000,-1.53927,-7.70286
195.37000,-1.99169,-7.80000
195.38000,-1.85000,-7.74403
195.39000,-1.81742,-7.41355
195.40000,-2.17089,-7.78397
195.41000,-1.92417,-7.90250
195.42000,-2.05138,-7.95761
195.43000,-2.20282,-8.32412
195.44000,-2.26894,-7.72969
195.45000,-2.41610,-7.68467
195.46000,-2.06529,-7.81609
195.47000,-2.42643,-7.61870
195.48000,-2.17892,-7.59408
195.49000,-2.33085,-7.69112
195.50000,-2.22588,-7.53599
195.51000,-2.53755,-7.86884
195.52000,-2.43563,-7.53052
195.53000,-2.52075,-7.58823
195.54000,-2.26709,-7.71430
195.55000,-2.67815,-7.75907
195.56000,-2.86754,-7.60952
195.57000,-2.95027,-7.75854
195.58000,-2.71471,-7.63654
195.59000,-3.02061,-7.41843
195.60000,-2.86502,-7.50557
195.61000,-2.74170,-7.45693
195.62000,-2.69625,-7.49626
195.63000,-3.38688,-7.82109
195.64000,-3.00628,-7.55921
195.65000,-3.04019,-7.64601
195.66000,-3.26431,-7.28704
195.67000,-3.50023,-7.60688
195.68000,-2.87858,-7.31775
195.69000,-3.28104,-7.24154
195.70000,-3.43976,-7.42813
195.71000,-3.22583,-7.43442
195.72000,-3.00904,-7.46271
195.73000,-3.39668,-7.16853
195.74000,-3.35449,-7.00897
195.75000,-3.91579,-7.04901
195.76000,-3.53712,-6.85524
195.77000,-3.62217,-6.92256
195.78000,-3.85102,-7.31986
195.79000,-3.90368,-7.54495
195.80000,-3.55607,-7.20212
195.81000,-3.81301,-6.98159
195.82000,-3.89709,-7.07702
195.83000,-3.85740,-7.03252
195.84000,-4.07355,-6.97967
195.85000,-3.89629,-6.86286
195.86000,-4.28613,-6.83455
195.87000,-4.19904,-6.72273
195.88000,-4.40692,-6.77002
195.89000,-4.05561,-6.93669
195.90000,-4.15605,-6.77027
195.91000,-4.14046,-6.91952
195.92000,-4.42881,-6.68773
195.93000,-4.58930,-6.63074
195.94000,-4.68060,-6.77926
195.95000,-4.83594,-6.60483
195.96000,-4.41970,-6.71066
195.97000,-4.77287,-6.32908
195.98000,-4.54910,-6.55907
195.99000,-4.58476,-6.47910
196.00000,-4.86921,-6.55423
196.01000,-4.91570,-6.35434
196.02000,-4.69942,-6.35008
196.03000,-5.09755,-6.58681
196.04000,-4.82031,-6.18328
196.05000,-4.58435,-6.44025
196.06000,-4.97396,-6.25506
196.07000,-5.07609,-6.20201
196.08000,-4.94467,-6.05166
196.09000,-4.94527,-5.94857
196.10000,-5.04018,-5.86253
196.11000,-5.29359,-6.09774
196.12000,-5.22351,-5.90608
196.13000,-5.46500,-5.95785
196.14000,-5.18610,-5.73310
196.15000,-5.26157,-5.92524
196.16000,-4.98111,-6.33891
196.17000,-5.24113,-5.84775
196.18000,-5.15069,-5.93719
196.19000,-5.79723,-5.74009
196.20000,-5.80885,-5.72671
196.21000,-5.67328,-5.79996
196.22000,-5.40116,-5.82250
196.23000,-5.59893,-5.57140
196.24000,-5.61905,-5.68737
196.25000,-5.91661,-5.64521
196.26000,-5.57679,-5.69938
196.27000,-5.79324,-5.49862
196.28000,-5.73653,-5.43841
196.29000,-5.98305,-5.86564
196.30000,-5.80474,-5.73540
196.31000,-5.96447,-5.69567
196.32000,-6.03318,-5.23226
196.33000,-5.83658,-5.32768
196.34000,-6.03421,-4.80894
196.35000,-6.20313,-5.58320
196.36000,-6.13525,-5.22094
196.37000,-6.05763,-5.13681
196.38000,-6.20424,-5.55126
196.39000,-5.67031,-5.48490
196.40000,-6.31651,-5.18775
196.41000,-6.01642,-4.92643
196.42000,-6.05303,-5.19961
196.43000,-6.08229,-4.90283
196.44000,-6.15754,-4.76734
196.45000,-6.31982,-4.78551
196.46000,-6.15121,-4.83750
196.47000,-6.36989,-4.89326
196.48000,-6.42390,-4.97234
196.49000,-6.70836,-4.71119
196.50000,-6.71337,-4.93897
196.51000,-6.36629,-4.85977
196.52000,-6.50134,-4.32026
196.53000,-6.58194,-4.55673
196.54000,-6.28959,-4.70934
196.55000,-6.84913,-4.35956
196.56000,-6.51567,-4.29672
196.57000,-6.86220,-4.48261
196.58000,-6.79999,-4.64478
196.59000,-6.72657,-4.20837
196.60000,-6.92102,-4.16447
196.61000,-6.66037,-4.61609
196.62000,-6.91871,-4.01166
196.63000,-6.66442,-4.36178
196.64000,-7.22852,-4.23050
196.65000,-6.96849,-4.05104
196.66000,-7.06941,-3.71550
196.67000,-6.58027,-4.04714
196.68000,-6.76121,-3.93834
196.69000,-6.78227,-3.72317
196.70000,-6.97468,-3.94938
196.71000,-7.09519,-3.92560
196.72000,-7.07396,-3.67803
196.73000,-7.33262,-3.60701
196.74000,-7.01997,-3.59646
196.75000,-6.91743,-3.54077
196.76000,-6.58798,-3.56123
196.77000,-7.41023,-3.47090
196.78000,-7.13265,-3.37602
196.79000,-7.11523,-3.54798
196.80000,-6.88544,-3.77411
196.81000,-7.30926,-3.41911
196.82000,-7.65471,-3.55749
196.83000,-7.47834,-3.59435
196.84000,-7.12771,-3.34040
196.85000,-7.39161,-3.30663
196.86000,-7.51973,-3.23095
196.87000,-7.36408,-3.48440
196.88000,-7.34085,-2.96258
196.89000,-7.30590,-2.89863
196.90000,-7.44730,-3.27251
196.91000,-7.49369,-2.83660
196.92000,-7.56475,-2.54368
196.93000,-7.58976,-2.94381
196.94000,-7.63727,-2.80245
196.95000,-7.39621,-2.58785
196.96000,-7.35911,-2.46429
196.97000,-7.60032,-2.66198
196.98000,-7.56368,-2.65902
196.99000,-7.60215,-2.48597
197.00000,-7.60129,-2.27342
197.01000,-7.29132,-2.49978
197.02000,-7.51588,-2.58943
197.03000,-7.72129,-2.57193
197.04000,-7.58024,-2.34767
197.05000,-7.91022,-2.51775
197.06000,-7.35960,-2.41800
197.07000,-7.80616,-2.10782
197.08000,-7.72120,-2.14816
197.09000,-7.88481,-1.81990
197.10000,-8.02019,-2.01689
197.11000,-7.66053,-1.84491
197.12000,-7.92249,-1.97362
197.13000,-7.86670,-2.18670
197.14000,-8.00741,-1.83582
197.15000,-8.23037,-1.72637
197.16000,-8.07964,-1.64226
197.17000,-7.76883,-1.87086
197.18000,-7.76632,-1.49490
197.19000,-7.68591,-1.53353
197.20000,-7.68802,-1.64250
197.21000,-7.66030,-1.47871
197.22000,-7.90443,-0.89789
197.23000,-8.25031,-1.17996
197.24000,-8.01234,-1.37684
197.25000,-7.76448,-1.44057
197.26000,-8.36364,-1.01380
197.27000,-8.00662,-1.52528
197.28000,-8.00477,-1.10361
197.29000,-8.01639,-1.27693
197.30000,-7.86047,-0.81918
197.31000,-7.98068,-1.02583
197.32000,-8.21626,-0.64557
197.33000,-8.15688,-0.89322
197.34000,-7.83466,-0.82449
197.35000,-8.03457,-0.78957
197.36000,-8.15008,-0.82900
197.37000,-8.38008,-0.50755
197.38000,-8.12211,-0.88976
197.39000,-8.03803,-0.66508
197.40000,-7.99340,-0.31826
197.41000,-7.80084,-0.43963
197.42000,-7.42044,-0.16440
197.43000,-7.87896,-0.62122
197.44000,-7.97456,-0.20390
197.45000,-7.90043,-0.38237
197.46000,-8.20106,-0.18589
197.47000,-8.10635,0.06269
197.48000,-7.73828,-0.13255
197.49000,-8.08765,0.01038
197.50000,-7.97707,-0.30196
197.51000,-7.91010,0.03750
197.52000,-7.86860,0.28147
197.53000,-8.06468,0.06876
197.54000,-8.04471,0.16321
197.55000,-7.91165,-0.10690
197.56000,-8.00665,0.18164
197.57000,-8.00428,0.54510
197.58000,-8.03956,0.56547
197.59000,-7.89749,0.48295
197.60000,-7.80894,0.48591
197.61000,-7.99439,0.46615
197.62000,-7.73776,0.55088
197.63000,-8.20040,0.80885
197.64000,-8.02002,0.75969
197.65000,-7.97429,0.83009
197.66000,-8.13127,0.87232
197.67000,-8.00625,0.82746
197.68000,-7.85753,1.09532
197.69000,-7.99087,0.69240
197.70000,-7.71529,1.04523
197.71000,-7.77507,1.26051
197.72000,-7.78187,1.01999
197.73000,-7.66468,1.12161
197.74000,-7.97349,0.83203
197.75000,-8.00718,1.51347
197.76000,-7.71781,1.24881
197.77000,-8.01271,1.55016
197.78000,-7.81489,1.09122
197.79000,-8.33302,1.61029
197.80000,-7.89513,1.61061
197.81000,-7.61505,1.74448
197.82000,-8.30624,1.58434
197.83000,-7.48312,1.65539
197.84000,-7.44180,1.38285
197.85000,-7.98932,1.48934
197.86000,-7.77798,1.96583
197.87000,-7.72199,1.72978
197.88000,-7.61563,1.97782
197.89000,-7.50605,1.94243
197.90000,-7.55795,1.55447
197.91000,-7.70942,2.02409
197.92000,-7.82698,1.76759
197.93000,-7.51351,2.13600
197.94000,-8.09659,2.11820
197.95000,-7.78564,2.47550
197.96000,-7.71279,2.38583
197.97000,-7.36811,2.32184
197.98000,-7.48870,2.41054
197.99000,-7.38592,2.48677
198.00000,-7.74448,2.38732
198.01000,-7.41572,2.20000
198.02000,-7.44083,2.82144
198.03000,-7.41706,2.73053
198.04000,-7.44472,2.42758
198.05000,-7.60471,2.87398
198.06000,-7.56127,2.64734
198.07000,-7.63914,2.56812
198.08000,-7.49294,2.94960
198.09000,-7.44639,3.03827
198.10000,-7.66509,2.92997
198.11000,-7.47879,3.03396
198.12000,-7.55932,2.96526
198.13000,-7.19189,3.23023
198.14000,-7.69548,3.18406
198.15000,-7.12276,3.21013
198.16000,-7.33676,3.53798
198.17000,-7.24219,3.40755
198.18000,-7.29011,3.40985
198.19000,-7.37102,3.56578
198.20000,-7.42444,3.46583
198.21000,-7.01442,3.53699
198.22000,-7.14264,3.76408
198.23000,-7.52574,3.57352
198.24000,-7.28635,3.65763
198.25000,-7.36070,3.73048
198.26000,-6.98273,3.58665
198.27000,-6.77419,3.90244
198.28000,-6.93325,3.56983
198.29000,-6.75591,3.78313
198.30000,-7.15148,3.90568
198.31000,-6.78367,4.12557
198.32000,-6.72607,4.06680
198.33000,-7.28989,4.16988
198.34000,-7.05006,3.98838
198.35000,-6.91416,3.88921
198.36000,-6.79102,4.17893
198.37000,-6.76387,4.36944
198.38000,-7.03551,4.37265
198.39000,-6.62244,4.25214
198.40000,-6.55517,4.20817
198.41000,-6.78032,4.24539
198.42000,-6.66403,4.50264
198.43000,-6.22852,4.25636
198.44000,-6.30050,4.62178
198.45000,-6.40194,4.75327
198.46000,-6.39425,4.96047
198.47000,-6.36657,4.48756
198.48000,-6.37971,4.26044
198.49000,-6.56324,4.59748
198.50000,-6.74420,4.67343
198.51000,-6.29077,4.67263
198.52000,-6.49302,4.68042
198.53000,-6.71748,4.85393
198.54000,-6.49066,4.62325
198.55000,-6.24167,4.74686
198.56000,-6.36668,4.99086
198.57000,-5.88436,5.06286
198.58000,-6.42495,5.08544
198.59000,-6.17780,5.32185
198.60000,-5.95685,5.30757
198.61000,-6.09479,5.25705
198.62000,-6.35488,5.09812
198.63000,-6.07505,5.43685
198.64000,-6.30859,5.51918
198.65000,-5.94340,5.16910
198.66000,-5.95889,5.26340
198.67000,-6.03907,5.64029
198.68000,-5.58132,5.46360
198.69000,-5.88644,5.21327
198.70000,-5.74518,5.38762
198.71000,-5.72395,5.72190
198.72000,-5.98880,5.50887
198.73000,-6.09868,5.70857
198.74000,-5.87194,5.58063
198.75000,-5.82062,5.59428
198.76000,-5.63057,6.04478
198.77000,-6.04864,5.83676
198.78000,-5.46598,6.17374
198.79000,-5.17873,5.67753
198.80000,-5.70427,5.51707
198.81000,-5.57476,5.72215
198.82000,-5.31276,6.07375
198.83000,-5.43053,5.87590
198.84000,-5.41272,6.01733
198.85000,-5.51658,6.06455
198.86000,-5.45144,6.05955
198.87000,-5.16248,6.17008
198.88000,-5.12378,6.09249
198.89000,-5.28796,6.27688
198.90000,-5.29013,6.11066
198.91000,-5.09826,6.29321
198.92000,-4.96029,6.04875
198.93000,-5.00539,6.55834
198.94000,-5.07979,6.37111
198.95000,-4.73488,6.38412
198.96000,-4.93230,6.33186
198.97000,-4.70261,6.43245
198.98000,-4.52578,5.94098
198.99000,-4.84832,5.92985
199.00000,-5.04286,6.28577
199.01000,-4.85069,6.24425
199.02000,-4.38724,6.45036
199.03000,-4.61380,6.72595
199.04000,-4.84908,6.77231
199.05000,-4.69862,6.41802
199.06000,-4.40434,6.88875
199.07000,-4.51915,6.69777
199.08000,-4.48329,6.51550
199.09000,-4.28698,6.63169
199.10000,-4.09911,6.79389
199.11000,-4.36515,6.71176
199.12000,-4.18975,6.97132
199.13000,-4.52085,6.71182
199.14000,-4.10238,6.52548
199.15000,-3.89052,7.15185
199.16000,-4.06657,7.10431
199.17000,-3.95830,7.09897
199.18000,-3.72441,7.05862
199.19000,-3.83576,7.16279
199.20000,-3.82366,6.62486
199.21000,-4.08889,7.40274
199.22000,-3.76161,6.93049
199.23000,-3.74197,7.34311
199.24000,-3.49517,7.06702
199.25000,-3.73542,7.46485
199.26000,-3.99899,6.84554
199.27000,-3.19916,7.22172
199.28000,-3.47856,6.98960
199.29000,-3.43402,7.13067
199.30000,-3.36742,7.31849
199.31000,-3.54714,6.95933
199.32000,-3.35569,6.81107
199.33000,-2.97133,7.13932
199.34000,-3.53620,7.58503
199.35000,-3.21623,7.51848
199.36000,-3.32361,7.21838
199.37000,-2.72927,7.63017
199.38000,-3.16361,8.06972
199.39000,-3.14946,7.67545
199.40000,-2.96414,7.19354
199.41000,-2.89458,7.64435
199.42000,-2.83492,7.53887
199.43000,-2.77661,7.18863
199.44000,-2.52217,7.39474
199.45000,-2.86589,7.64543
199.46000,-2.43990,7.69264
199.47000,-2.52481,7.57731
199.48000,-2.58820,7.72063
199.49000,-2.35269,7.76274
199.50000,-2.41634,7.80068
199.51000,-2.40413,7.60658
199.52000,-2.11123,7.35263
199.53000,-2.24684,7.75052
199.54000,-2.56837,7.57727
199.55000,-2.32526,7.59940
199.56000,-2.06584,7.47164
199.57000,-2.04016,7.53207
199.58000,-2.13966,7.66408
199.59000,-2.32165,7.58313
199.60000,-1.90792,7.83168
199.61000,-1.79603,7.88733
199.62000,-1.71086,7.94751
199.63000,-2.01192,7.85160
199.64000,-1.98684,7.93073
199.65000,-1.63996,7.86859
199.66000,-1.63112,7.62282
199.67000,-1.61909,7.79041
199.68000,-1.75929,7.62588
199.69000,-1.43516,7.73531
199.70000,-1.80408,8.11328
199.71000,-1.59398,7.87876
199.72000,-1.34873,7.98939
199.73000,-1.32202,7.80504
199.74000,-1.18828,8.02526
199.75000,-1.14887,7.45859
199.76000,-1.29735,8.11555
199.77000,-0.70610,7.95963
199.78000,-1.20388,7.72433
199.79000,-1.00330,7.77482
199.80000,-0.85479,8.01572
199.81000,-1.05966,7.89362
199.82000,-0.84615,8.02652
199.83000,-0.53621,8.06819
199.84000,-1.30474,8.02404
199.85000,-0.34720,7.96239
199.86000,-0.61495,7.91483
199.87000,-0.91877,8.24040
199.88000,-0.73684,7.52626
199.89000,-0.77548,7.79132
199.90000,-0.82933,7.89592
199.91000,-0.40556,8.09283
199.92000,-0.22900,8.11093
199.93000,-0.40549,8.00908
199.94000,-0.34552,7.99436
199.95000,-0.24977,8.13167
199.96000,0.07528,8.21271
199.97000,-0.03274,8.06188
199.98000,-0.14509,8.06328
199.99000,-0.13497,8.12563
200.00000,0.09280,7.85956
200.01000,0.16559,7.78945
200.02000,-0.07473,7.78315
200.03000,0.20934,8.28982
200.04000,0.31521,7.94555
200.05000,0.18466,7.91716
200.06000,0.40818,7.77416
200.07000,0.20236,7.69692
200.08000,0.41037,8.08256
200.09000,0.60573,7.91696
200.10000,0.69863,8.04242
200.11000,0.35622,7.90533
200.12000,0.80192,8.17764
200.13000,0.70319,7.90671
200.14000,0.88616,7.64676
200.15000,0.67995,7.70707
200.16000,0.82993,7.89798
200.17000,0.78759,8.00139
200.18000,0.56265,7.68328
200.19000,0.75965,7.78577
200.20000,0.91065,7.91286
200.21000,1.35529,7.69816
200.22000,1.17388,7.78852
200.23000,1.02704,8.06351
200.24000,1.07001,8.18615
200.25000,1.21921,8.02975
200.26000,1.32725,8.13433
200.27000,0.98656,7.97608
200.28000,1.29369,7.79432
200.29000,1.40272,7.92713
200.30000,1.54577,7.93253
200.31000,1.41964,8.13886
200.32000,1.85091,7.80711
200.33000,2.01155,7.76774
200.34000,1.71712,7.99331
200.35000,1.79313,7.58818
200.36000,1.83814,7.68255
200.37000,1.55513,7.65612
200.38000,2.12287,7.57254
200.39000,1.76433,7.54049
200.40000,1.94850,7.89156
200.41000,2.14321,8.04264
200.42000,1.98924,7.57734
200.43000,2.23018,7.58545
200.44000,2.13186,7.66870
200.45000,2.60541,7.93265
200.46000,2.25561,7.47484
200.47000,2.46040,7.66201
200.48000,2.04161,7.41996
200.49000,2.51120,7.47637
200.50000,2.41663,7.53628
200.51000,2.50446,7.43294
200.52000,2.72077,7.68059
200.53000,2.54867,7.76872
200.54000,2.64803,7.48793
200.55000,2.81083,7.81154
200.56000,2.79510,7.39605
200.57000,2.76572,7.34289
200.58000,2.90899,7.37724
200.59000,3.15535,7.43835
200.60000,2.98704,7.45244
200.61000,3.37453,7.28485
200.62000,3.05471,7.14545
200.63000,3.33343,7.33090
200.64000,3.08074,7.61624
200.65000,3.19185,7.51804
200.66000,2.90274,7.37977
200.67000,3.33945,7.36037
200.68000,3.31449,6.99971
200.69000,3.38809,7.19129
200.70000,3.46261,7.34766
200.71000,3.46230,7.35310
200.72000,3.11935,7.18615
200.73000,3.56148,6.94901
200.74000,3.39906,7.22213
200.75000,3.42957,7.26516
200.76000,3.60544,7.26664
200.77000,3.56044,7.01558
200.78000,3.43951,7.19204
200.79000,3.90345,6.95455
200.80000,3.94150,7.26078
200.81000,3.98954,7.03132
200.82000,4.19029,6.82840
200.83000,3.83466,6.62827
200.84000,3.72147,6.77826
200.85000,3.72510,6.72955
200.86000,4.20046,6.56021
200.87000,4.07539,6.75111
200.88000,3.88360,6.78214
200.89000,4.08622,6.95152
200.90000,4.50447,6.49807
200.91000,4.30604,6.72444
200.92000,4.58343,6.71136
200.93000,4.15187,6.38372
200.94000,4.18978,6.69428
200.95000,4.50069,6.81291
200.96000,4.41424,6.44306
200.97000,4.36410,6.46895
200.98000,4.68080,6.64920
200.99000,4.52968,6.19596
201.00000,4.80974,6.34009
201.01000,4.70365,6.60654
201.02000,4.51210,6.82703
201.03000,4.38975,6.49841
201.04000,5.02747,6.06104
201.05000,4.95501,5.90345
201.06000,4.91563,6.14060
201.07000,4.83412,6.53296
201.08000,5.08297,6.27116
201.09000,5.15525,6.03065
201.10000,4.72516,6.11973
201.11000,4.86201,5.92841
201.12000,5.06437,6.53928
201.13000,5.14889,5.87148
201.14000,5.40905,5.79433
201.15000,5.14491,5.67369
201.16000,5.37570,6.02470
201.17000,5.53935,5.96508
201.18000,5.18764,5.78477
201.19000,5.34811,5.39307
201.20000,5.23824,5.88664
201.21000,5.67857,5.98104
201.22000,5.55429,5.45795
201.23000,5.67702,5.41318
201.24000,5.35388,6.06760
201.25000,5.77054,5.63255
201.26000,5.82645,5.40128
201.27000,5.66160,5.28206
201.28000,5.66875,5.77504
201.29000,5.85102,5.51717
201.30000,5.92874,5.65611
201.31000,5.94032,5.33739
201.32000,6.13841,5.62928
201.33000,6.20033,5.72099
201.34000,6.11099,5.36910
201.35000,5.91587,5.28678
201.36000,5.72608,5.38396
201.37000,6.18073,5.10094
201.38000,5.97731,5.03191
201.39000,6.03012,5.03935
201.40000,5.99438,5.13040
201.41000,5.93015,5.12840
201.42000,6.21621,5.22889
201.43000,6.05814,4.90007
201.44000,6.50762,5.18731
201.45000,6.24871,4.71290
201.46000,6.40774,4.66890
201.47000,6.57454,4.81870
201.48000,6.52098,4.46227
201.49000,6.63031,4.47015
201.50000,6.34604,4.58028
201.51000,6.54019,4.58642
201.52000,6.48531,4.48951
201.53000,6.52002,4.88557
201.54000,6.62551,4.68721
201.55000,6.83612,4.58083
201.56000,6.76034,4.55394
201.57000,6.44447,4.31477
201.58000,6.99058,4.38765
201.59000,6.50502,4.26845
201.60000,6.52530,4.36231
201.61000,6.40345,4.67384
201.62000,6.97808,4.30642
201.63000,7.11066,4.00595
201.64000,7.01518,4.06458
201.65000,6.83277,3.84628
201.66000,7.02853,4.09606
201.67000,6.63238,4.14247
201.68000,6.99820,3.95876
201.69000,6.83170,3.53145
201.70000,7.10395,3.97480
201.71000,7.02967,3.64726
201.72000,7.33344,3.54317
201.73000,7.05612,3.55307
201.74000,7.15354,3.48692
201.75000,6.99288,3.59442
201.76000,7.02612,3.74264
201.77000,7.30413,3.66410
201.78000,7.02742,3.35378
201.79000,7.04130,3.44552
201.80000,7.09777,3.13022
201.81000,7.36458,3.36112
201.82000,7.35774,3.27514
201.83000,7.09378,3.25012
201.84000,7.51428,3.16360
201.85000,7.54640,3.45002
201.86000,7.60377,3.18641
201.87000,7.40865,3.05901
201.88000,7.29276,3.06139
201.89000,7.49380,2.93792
201.90000,7.70068,2.88425
201.91000,7.48445,2.95999
201.92000,7.76261,2.92835
201.93000,7.71206,2.76709
201.94000,7.67064,2.88671
201.95000,7.58416,2.76073
201.96000,7.53600,2.66922
201.97000,7.67455,2.62199
201.98000,7.50672,2.54071
201.99000,7.84859,2.78578
202.00000,7.52334,2.37589
202.01000,7.62760,2.24848
202.02000,7.68002,2.72083
202.03000,7.62550,2.15519
202.04000,7.51181,2.32903
202.05000,7.63102,2.19739
202.06000,7.93133,2.27350
202.07000,7.67525,2.62185
202.08000,7.91360,1.99447
202.09000,7.85640,2.16460
202.10000,7.82398,2.34111
202.11000,7.65321,2.15284
202.12000,7.66614,1.94983
202.13000,7.62480,1.71235
202.14000,7.82004,1.79202
202.15000,7.60701,1.95343
202.16000,7.94525,1.83084
202.17000,7.41608,1.85083
202.18000,7.84381,1.64634
202.19000,8.08119,1.51820
202.20000,7.85806,1.63098
202.21000,7.98342,1.28858
202.22000,7.84067,0.98819
202.23000,7.84895,1.09766
202.24000,8.01162,1.30533
202.25000,7.91288,1.19903
202.26000,7.76528,1.44026
202.27000,7.49321,1.36056
202.28000,7.72206,1.16951
202.29000,7.85952,1.30143
202.30000,7.79891,1.01735
202.31000,8.25094,0.65415
202.32000,8.14064,1.04778
202.33000,7.99628,0.64936
202.34000,7.94959,0.91786
202.35000,7.66521,0.85905
202.36000,7.80658,0.70316
202.37000,8.03423,0.50213
202.38000,7.52106,0.41699
202.39000,7.79927,0.43507
202.40000,8.26192,0.43889
202.41000,7.90862,0.50339
202.42000,8.04645,0.38162
202.43000,8.09410,0.53680
202.44000,8.27644,0.38610
202.45000,7.98509,0.14745
202.46000,8.10069,0.05501
202.47000,8.04612,0.11496
202.48000,7.56265,-0.20769
202.49000,7.94667,0.32947
202.50000,8.02581,-0.06634
202.51000,7.89966,-0.33112
202.52000,8.58338,-0.01919
202.53000,8.11795,-0.13745
202.54000,8.09301,-0.35409
202.55000,7.82184,-0.31790
202.56000,7.84994,-0.19954
202.57000,8.16671,-0.36125
202.58000,8.51634,-0.75428
202.59000,8.26596,-0.49980
202.60000,8.09521,-0.52163
202.61000,7.90812,-0.53403
202.62000,7.85241,-0.51557
202.63000,8.33248,-0.93070
202.64000,7.80843,-0.34223
202.65000,7.85614,-0.64227
202.66000,8.21255,-0.72882
202.67000,7.88666,-0.86466
202.68000,7.75704,-0.94051
202.69000,7.89316,-0.72885
202.70000,8.07232,-1.46609
202.71000,7.72918,-1.09568
202.72000,7.78103,-1.35327
202.73000,7.86324,-1.06319
202.74000,7.93012,-1.08413
202.75000,7.91838,-1.24482
202.76000,7.69047,-1.30154
202.77000,8.28702,-1.32658
202.78000,8.05781,-1.60500
202.79000,7.84256,-1.49585
202.80000,8.02665,-1.91720
202.81000,8.06167,-1.65947
202.82000,7.92665,-1.86184
202.83000,7.83957,-1.58734
202.84000,7.91359,-1.57860
202.85000,7.48281,-1.99866
202.86000,7.86476,-1.89772
202.87000,7.40388,-2.04758
202.88000,7.86457,-1.99323
202.89000,7.45658,-1.96582
202.90000,7.75262,-1.88867
202.91000,7.81262,-1.69105
202.92000,7.85235,-2.08361
202.93000,7.85012,-1.86698
202.94000,7.60071,-2.42925
202.95000,7.55065,-2.28367
202.96000,7.94910,-2.28991
202.97000,8.09067,-2.39862
202.98000,7.55067,-2.39582
202.99000,7.66163,-2.27016
203.00000,7.41553,-2.47783
203.01000,7.55887,-2.58220
203.02000,7.31328,-2.38424
203.03000,7.75599,-2.37061
203.04000,7.62682,-2.67137
203.05000,7.52600,-2.62224
203.06000,7.39656,-2.75271
203.07000,7.37509,-2.74368
203.08000,7.38060,-2.78971
203.09000,7.32905,-2.94647
203.10000,7.33145,-3.01539
203.11000,7.50798,-3.33969
203.12000,7.27387,-2.88130
203.13000,7.32963,-3.05073
203.14000,7.44390,-3.00988
203.15000,7.48434,-3.08102
203.16000,7.48865,-3.29546
203.17000,7.01624,-3.54308
203.18000,7.61197,-3.14785
203.19000,7.32900,-3.45273
203.20000,7.27623,-3.30930
203.21000,7.06513,-3.26101
203.22000,7.48310,-3.65145
203.23000,7.08915,-3.70726
203.24000,7.20692,-3.49419
203.25000,6.85460,-3.03409
203.26000,7.16725,-3.81952
203.27000,6.95665,-4.13409
203.28000,7.02196,-3.80728
203.29000,6.76972,-3.70959
203.30000,6.99121,-3.70033
203.31000,7.08931,-3.61794
203.32000,6.77951,-3.94968
203.33000,6.76743,-3.85913
203.34000,6.75643,-4.22858
203.35000,6.72775,-4.12263
203.36000,7.08189,-4.17033
203.37000,6.69512,-4.37024
203.38000,6.71172,-4.33897
203.39000,6.79664,-4.05378
203.40000,6.74682,-4.42540
203.41000,6.52952,-4.35098
203.42000,6.55540,-4.37468
203.43000,6.91616,-4.04786
203.44000,6.55756,-4.54629
203.45000,6.55290,-4.53635
203.46000,6.37439,-4.30081
203.47000,6.76820,-4.57459
203.48000,6.55252,-4.63650
203.49000,6.69109,-4.25549
203.50000,6.46152,-5.11982
203.51000,6.33722,-4.83176
203.52000,6.45060,-5.17434
203.53000,6.29232,-4.66940
203.54000,6.27571,-4.96326
203.55000,6.51350,-4.98654
203.56000,6.22926,-4.91295
203.57000,6.39711,-4.99810
203.58000,6.47000,-5.08112
203.59000,6.30336,-4.90653
203.60000,5.94844,-4.94108
203.61000,6.13152,-4.95417
203.62000,5.88255,-5.41873
203.63000,5.89943,-5.15692
203.64000,5.64300,-5.46606
203.65000,6.01550,-5.17016
203.66000,6.18559,-5.29676
203.67000,5.71810,-5.17004
203.68000,5.91676,-5.27168
203.69000,6.10474,-5.28756
203.70000,5.99356,-5.65876
203.71000,5.73945,-5.57024
203.72000,5.51853,-5.43564
203.73000,5.75788,-5.42990
203.74000,5.82328,-5.56623
203.75000,5.52321,-5.77166
203.76000,5.22909,-5.41893
203.77000,5.50803,-5.96861
203.78000,5.39931,-5.77227
203.79000,5.45347,-5.75965
203.80000,5.28374,-6.08820
203.81000,5.53997,-5.92915
203.82000,5.09992,-5.80954
203.83000,5.58486,-5.52022
203.84000,5.49391,-5.75214
203.85000,5.26608,-6.01057
203.86000,5.51225,-6.09348
203.87000,5.33512,-6.32904
203.88000,5.26383,-5.84738
203.89000,4.91699,-5.98357
203.90000,5.06883,-6.15586
203.91000,5.09021,-5.82262
203.92000,5.12710,-5.95586
203.93000,4.90620,-6.53812
203.94000,4.59683,-6.47369
203.95000,4.92477,-6.36845
203.96000,4.91397,-6.35375
203.97000,5.08517,-6.40131
203.98000,4.68703,-6.56585
203.99000,4.51874,-6.26273
204.00000,4.64427,-6.39105
204.01000,4.44815,-6.51932
204.02000,4.76591,-6.39080
204.03000,4.26946,-6.14697
204.04000,4.66179,-6.31659
204.05000,4.49528,-6.34567
204.06000,4.49304,-6.64919
204.07000,4.24512,-6.87710
204.08000,4.37712,-6.41118
204.09000,4.27079,-6.84622
204.10000,4.66157,-6.61410
204.11000,4.10099,-7.02325
204.12000,4.64451,-6.79895
204.13000,3.84506,-6.91719
204.14000,4.26407,-6.63324
204.15000,4.13157,-6.79641
204.16000,4.18994,-7.10973
204.17000,3.82418,-6.84445
204.18000,4.14467,-6.86351
204.19000,3.95354,-7.23304
204.20000,3.59324,-7.06586
204.21000,3.67921,-7.35004
204.22000,3.76968,-6.93459
204.23000,3.43926,-7.23671
204.24000,3.71608,-7.10207
204.25000,3.34067,-7.19706
204.26000,3.22301,-7.31104
204.27000,3.16927,-7.19066
204.28000,3.81161,-7.05140
204.29000,3.57563,-7.27194
204.30000,3.47362,-7.23955
204.31000,3.26241,-7.25308
204.32000,3.05871,-7.39092
204.33000,3.22867,-7.29856
204.34000,3.30424,-7.34351
204.35000,3.08462,-7.09696
204.36000,3.11232,-7.09553
204.37000,3.08810,-7.52614
204.38000,2.93530,-7.35183
204.39000,2.96446,-7.35300
204.40000,2.89696,-7.51357
204.41000,2.92987,-7.41621
204.42000,2.55452,-7.71693
204.43000,2.81657,-7.63234
204.44000,2.53350,-7.65950
204.45000,2.56690,-7.54152
204.46000,2.61928,-7.51041
204.47000,2.42013,-7.69417
204.48000,2.62988,-7.44516
204.49000,2.25759,-7.35771
204.50000,2.23327,-7.45105
204.51000,2.12460,-7.94406
204.52000,2.25141,-7.55115
204.53000,2.06413,-7.70898
204.54000,1.93998,-7.56500
204.55000,2.23492,-8.11018
204.56000,1.97508,-7.78130
204.57000,1.96835,-7.64691
204.58000,2.03182,-7.70152
204.59000,2.18605,-7.98704
204.60000,1.73510,-7.85827
204.61000,2.23678,-7.63605
204.62000,1.72585,-7.95818
204.63000,2.05846,-7.82989
204.64000,1.82894,-7.89219
204.65000,1.76758,-7.86697
204.66000,1.61463,-8.07673
204.67000,1.71953,-7.80284
204.68000,1.55614,-7.64661
204.69000,1.52575,-7.78383
204.70000,1.71569,-7.83983
204.71000,1.53605,-7.86467
204.72000,1.55413,-7.82958
204.73000,1.33476,-7.96559
204.74000,1.14687,-7.52788
204.75000,1.35622,-8.16423
204.76000,1.33186,-8.17294
204.77000,1.32021,-8.07166
204.78000,1.12540,-8.15443
204.79000,0.99087,-8.25818
204.80000,1.31804,-7.93465
204.81000,1.05878,-7.89829
204.82000,0.18008,-8.15525
204.83000,1.09378,-8.09455
204.84000,1.12708,-7.71690
204.85000,0.85993,-7.87357
204.86000,0.71761,-7.98241
204.87000,0.72397,-7.76848
204.88000,0.80044,-7.72609
204.89000,0.59873,-8.10800
204.90000,0.31310,-7.74731
204.91000,0.06886,-8.15653
204.92000,0.77702,-8.06463
204.93000,0.41917,-7.69478
204.94000,-0.09680,-7.91102
204.95000,0.16414,-8.17049
204.96000,0.09186,-7.93905
204.97000,0.21625,-8.00215
204.98000,0.20972,-8.11262
204.99000,0.16495,-7.96437
205.00000,-0.26988,-7.81569
205.01000,0.09920,-7.81406
205.02000,-0.05336,-8.36463
205.03000,-0.06871,-7.85373
205.04000,-0.46137,-7.81332
205.05000,-0.07707,-8.07943
205.06000,-0.39067,-8.15618
205.07000,-0.47422,-7.98241
205.08000,-0.35040,-8.25617
205.09000,-0.25082,-7.91460
205.10000,-0.60127,-8.04149
205.11000,-0.68520,-8.03143
205.12000,-0.55799,-8.11191
205.13000,-0.37144,-8.12099
205.14000,-0.66809,-7.75496
205.15000,-0.61276,-7.96913
205.16000,-0.94116,-8.09763
205.17000,-1.30938,-8.06188
205.18000,-0.89013,-7.99017
205.19000,-0.84552,-7.73935
205.20000,-0.85129,-7.79677
205.21000,-1.08901,-7.99847
205.22000,-1.10255,-8.08390
205.23000,-1.00827,-8.11365
205.24000,-0.99617,-7.73083
205.25000,-1.30458,-7.68321
205.26000,-1.30732,-7.97810
205.27000,-1.34461,-7.67867
205.28000,-1.03377,-7.97265
205.29000,-1.44993,-7.84306
205.30000,-1.35438,-7.71100
205.31000,-1.92599,-7.74572
205.32000,-1.58400,-7.88887
205.33000,-1.73912,-7.69043
205.34000,-1.56336,-7.77636
205.35000,-2.00682,-7.51875
205.36000,-1.44642,-7.77023
205.37000,-2.03472,-8.26997
205.38000,-2.17312,-7.70437
205.39000,-2.05679,-7.84487
205.40000,-2.04966,-7.66618
205.41000,-2.67679,-7.71700
205.42000,-2.18497,-7.81415
205.43000,-2.29097,-7.91036
205.44000,-2.19337,-7.24532
205.45000,-2.09024,-7.84269
205.46000,-2.36628,-7.37929
205.47000,-1.93395,-7.58457
205.48000,-2.42407,-7.96626
205.49000,-2.49562,-7.56155
205.50000,-2.40175,-7.67376
205.51000,-2.44262,-7.37208
205.52000,-2.39414,-7.68531
205.53000,-2.46527,-7.60229
205.54000,-2.64139,-7.51254
205.55000,-2.61642,-7.57217
205.56000,-2.93017,-7.48627
205.57000,-2.65262,-7.58862
205.58000,-3.03152,-7.55744
205.59000,-2.78029,-7.60899
205.60000,-2.70479,-7.56582
205.61000,-2.93869,-7.21583
205.62000,-3.09371,-7.55364
205.63000,-2.89366,-7.20017
205.64000,-2.72144,-7.53367
205.65000,-2.96446,-7.47803
205.66000,-3.07254,-7.03484
205.67000,-3.42546,-7.35457
205.68000,-3.34809,-7.08292
205.69000,-3.23236,-7.01973
205.70000,-3.10601,-7.64773
205.71000,-3.51650,-7.12423
205.72000,-3.50452,-7.33984
205.73000,-3.90842,-7.35282
205.74000,-3.67743,-7.36164
205.75000,-3.62586,-7.39949
205.76000,-3.68020,-7.06973
205.77000,-3.72455,-7.15631
205.78000,-3.69980,-6.99204
205.79000,-3.75902,-7.12940
205.80000,-3.76182,-6.86991
205.81000,-3.98481,-7.06266
205.82000,-4.09388,-7.23151
205.83000,-3.93915,-6.96679
205.84000,-4.59694,-6.80859
205.85000,-3.89182,-6.79182
205.86000,-4.12366,-6.87104
205.87000,-4.32709,-6.67749
205.88000,-4.19520,-6.77544
205.89000,-4.15788,-7.07812
205.90000,-4.22912,-6.69549
205.91000,-4.57597,-6.92732
205.92000,-4.28119,-6.86328
205.93000,-4.64586,-6.82270
205.94000,-4.32896,-6.34820
205.95000,-4.46515,-6.66399
205.96000,-4.22907,-6.54380
205.97000,-4.48424,-6.51508
205.98000,-4.64382,-7.04201
205.99000,-4.58898,-6.27510
206.00000,-4.30621,-6.30102
206.01000,-4.59156,-6.43733
206.02000,-4.67364,-6.26035
206.03000,-4.47741,-6.87394
206.04000,-4.96882,-6.00144
206.05000,-5.42577,-6.59732
206.06000,-5.03171,-6.14271
206.07000,-4.96697,-6.30428
206.08000,-5.01298,-6.11224
206.09000,-4.91484,-6.59584
206.10000,-5.12666,-6.16144
206.11000,-5.34563,-5.84378
206.12000,-5.05874,-5.88772
206.13000,-5.18389,-6.14139
206.14000,-5.35774,-6.01257
206.15000,-5.68492,-5.72749
206.16000,-5.59254,-6.09722
206.17000,-5.19761,-5.72195
206.18000,-5.16217,-5.86204
206.19000,-5.07307,-6.07418
206.20000,-5.34949,-5.62805
206.21000,-5.64573,-5.58723
206.22000,-5.87237,-5.75312
206.23000,-5.62845,-5.97563
206.24000,-5.67205,-5.93563
206.25000,-5.67474,-5.72050
206.26000,-5.66398,-5.59746
206.27000,-5.55512,-5.57217
206.28000,-5.58876,-5.60725
206.29000,-5.84794,-5.74886
206.30000,-5.81298,-5.41824
206.31000,-5.93678,-5.45948
206.32000,-6.13098,-5.72730
206.33000,-5.64217,-5.01262
206.34000,-5.86991,-5.41467
206.35000,-5.91589,-5.39941
206.36000,-6.20354,-5.14573
206.37000,-6.16746,-5.05834
206.38000,-6.20759,-5.07704
206.39000,-5.99025,-5.16507
206.40000,-6.24302,-4.97137
206.41000,-6.25377,-5.25883
206.42000,-6.28010,-4.86847
206.43000,-6.20119,-5.02003
206.44000,-6.46941,-4.90837
206.45000,-6.34303,-4.94968
206.46000,-6.52752,-5.10288
206.47000,-6.27685,-4.58743
206.48000,-6.39420,-4.83629
206.49000,-6.45274,-4.64671
206.50000,-6.56731,-4.63796
206.51000,-6.50425,-4.53364
206.52000,-6.60093,-4.53774
206.53000,-6.33483,-4.51387
206.54000,-6.61349,-4.64500
206.55000,-6.68301,-4.41741
206.56000,-6.65297,-4.34034
206.57000,-6.80035,-4.33307
206.58000,-6.37773,-4.44715
206.59000,-6.55184,-4.41618
206.60000,-6.44815,-4.32749
206.61000,-6.63919,-4.29971
206.62000,-6.96569,-4.41598
206.63000,-7.06272,-4.24670
206.64000,-7.05531,-4.01727
206.65000,-6.99191,-3.79238
206.66000,-6.73738,-3.88798
206.67000,-6.78230,-4.00213
206.68000,-6.74152,-4.15070
206.69000,-7.08132,-4.16041
206.70000,-7.26111,-4.06470
206.71000,-6.96021,-3.77523
206.72000,-7.01669,-3.60037
206.73000,-6.91382,-3.51461
206.74000,-7.00390,-3.81067
206.75000,-7.14896,-3.41336
206.76000,-6.95895,-3.84099
206.77000,-6.96012,-3.44934
206.78000,-6.95321,-3.41850
206.79000,-7.30408,-3.48120
206.80000,-7.40511,-3.54695
206.81000,-7.14578,-3.26214
206.82000,-7.41134,-3.51974
206.83000,-7.48315,-3.25750
206.84000,-7.23073,-3.31083
206.85000,-7.38132,-2.99347
206.86000,-7.15220,-3.19217
206.87000,-7.44890,-3.23363
206.88000,-7.48945,-3.35446
206.89000,-7.15853,-3.10502
206.90000,-7.49913,-2.76856
206.91000,-7.41090,-2.77001
206.92000,-7.42405,-2.85395
206.93000,-7.25310,-2.76768
206.94000,-7.44228,-2.54056
206.95000,-7.59752,-2.84636
206.96000,-7.69791,-2.42751
206.97000,-7.82554,-2.62829
206.98000,-7.55382,-2.50133
206.99000,-7.72081,-2.42565
207.00000,-7.67584,-2.36788
207.01000,-7.33118,-2.55077
207.02000,-7.66011,-2.38001
207.03000,-7.62248,-2.39667
207.04000,-8.08040,-2.39311
207.05000,-7.42363,-2.38891
207.06000,-7.57742,-2.23376
207.07000,-7.87553,-2.32528
207.08000,-7.77235,-1.92547
207.09000,-7.94025,-2.10039
207.10000,-7.72351,-2.16348
207.11000,-7.71262,-1.87120
207.12000,-7.74358,-1.77034
207.13000,-8.06775,-1.77412
207.14000,-7.79897,-1.75205
207.15000,-8.01896,-2.07529
207.16000,-8.02498,-1.42636
207.17000,-8.01354,-1.68039
207.18000,-7.66643,-1.50762
207.19000,-7.90568,-1.85409
207.20000,-7.85424,-1.71823
207.21000,-7.89278,-1.74708
207.22000,-7.70906,-1.34264
207.23000,-7.73643,-1.32490
207.24000,-7.90137,-1.26105
207.25000,-7.57851,-1.08851
207.26000,-8.20366,-1.25207
207.27000,-7.82617,-1.23676
207.28000,-7.65945,-1.40128
207.29000,-7.73442,-1.17234
207.30000,-7.39001,-1.10325
207.31000,-8.13094,-0.75613
207.32000,-7.82357,-0.99767
207.33000,-8.14238,-0.78155
207.34000,-7.53735,-0.96928
207.35000,-8.03465,-0.81283
207.36000,-8.08256,-0.65625
207.37000,-8.25229,-0.69307
207.38000,-7.92747,-0.61645
207.39000,-7.81053,-0.71833
207.40000,-8.01072,-0.53239
207.41000,-7.91455,-0.60638
207.42000,-7.82463,-0.61731
207.43000,-7.81900,-0.47158
207.44000,-7.97460,-0.20032
207.45000,-8.07274,0.00420
207.46000,-8.02772,-0.00504
207.47000,-8.13233,-0.04285
207.48000,-8.22884,-0.30114
207.49000,-8.21457,-0.07059
207.50000,-8.05175,-0.41674
207.51000,-7.92554,-0.03945
207.52000,-7.69269,0.20253
207.53000,-8.04763,0.30859
207.54000,-7.96773,0.18329
207.55000,-8.27279,0.31299
207.56000,-7.84542,0.49534
207.57000,-8.02517,0.58101
207.58000,-7.38361,0.51006
207.59000,-8.16601,0.62005
207.60000,-7.92325,0.58079
207.61000,-7.87850,0.19222
207.62000,-8.22258,0.45989
207.63000,-8.00409,0.50858
207.64000,-8.17690,0.85805
207.65000,-8.03998,0.55402
207.66000,-8.10376,1.18258
207.67000,-7.79918,1.16001
207.68000,-7.97005,0.78419
207.69000,-8.05511,0.64374
207.70000,-8.02167,0.95542
207.71000,-8.12049,1.03456
207.72000,-8.02425,1.03217
207.73000,-8.11327,1.20532
207.74000,-7.93348,0.80964
207.75000,-7.84947,1.44509
207.76000,-8.01170,1.43224
207.77000,-7.76731,1.26564
207.78000,-7.36893,1.45706
207.79000,-7.85571,1.33152
207.80000,-7.75669,1.27933
207.81000,-7.77530,1.69106
207.82000,-7.76413,1.65111
207.83000,-7.79693,1.76370
207.84000,-7.81726,1.65884
207.85000,-7.95577,1.84128
207.86000,-7.93932,1.91547
207.87000,-8.02936,2.17904
207.88000,-7.75288,1.67579
207.89000,-7.86871,1.98870
207.90000,-7.90824,1.44965
207.91000,-7.53837,1.94241
207.92000,-7.51109,2.14681
207.93000,-8.17247,2.11591
207.94000,-7.59090,1.90993
207.95000,-7.58195,2.14365
207.96000,-7.82174,2.30100
207.97000,-7.43919,2.06706
207.98000,-7.74175,1.94763
207.99000,-7.73586,2.34857
208.00000,-7.78245,2.86323
208.01000,-7.84226,2.47344
208.02000,-7.72409,2.76645
208.03000,-7.36215,2.48992
208.04000,-7.65326,2.90720
208.05000,-7.50340,2.58807
208.06000,-7.24513,2.60428
208.07000,-7.51277,3.02284
208.08000,-7.37812,3.12752
208.09000,-7.44919,2.89935
208.10000,-7.60614,2.86940
208.11000,-7.19915,3.23595
208.12000,-7.46515,2.81661
208.13000,-7.27897,2.85646
208.14000,-7.16674,2.90533
208.15000,-7.48967,3.22200
208.16000,-7.35838,3.34354
208.17000,-7.40259,3.14978
208.18000,-7.53498,3.20828
208.19000,-6.91242,3.23257
208.20000,-7.14721,3.29271
208.21000,-7.16993,3.37418
208.22000,-7.53614,3.32302
208.23000,-7.34731,3.64282
208.24000,-6.97088,3.51187
208.25000,-7.25152,3.92371
208.26000,-7.16199,3.67856
208.27000,-7.13872,3.67397
208.28000,-6.95005,3.69354
208.29000,-7.06515,3.90372
208.30000,-7.08371,4.00797
208.31000,-7.12796,3.91322
208.32000,-6.57221,3.97412
208.33000,-7.05597,4.20407
208.34000,-7.35549,3.80439
208.35000,-6.94127,4.17827
208.36000,-6.59816,4.17312
208.37000,-6.86538,4.29366
208.38000,-6.80334,4.37087
208.39000,-6.81059,4.17206
208.40000,-6.61482,4.48104
208.41000,-6.58974,4.53903
208.42000,-6.97755,4.64898
208.43000,-6.96265,4.42190
208.44000,-6.81487,4.89824
208.45000,-6.64060,4.41711
208.46000,-6.58062,4.48886
208.47000,-6.86060,4.62008
208.48000,-6.60478,4.71816
208.49000,-6.43520,4.50113
208.50000,-6.75759,4.63831
208.51000,-6.55956,4.91499
208.52000,-6.43076,4.70621
208.53000,-6.15233,4.92989
208.54000,-6.26904,4.80711
208.55000,-6.23975,4.74548
208.56000,-6.69481,5.00503
208.57000,-6.13093,4.92843
208.58000,-6.22509,4.93906
208.59000,-6.21033,5.10326
208.60000,-6.06872,5.14926
208.61000,-5.93226,5.30491
208.62000,-6.18590,5.24511
208.63000,-6.15517,5.37537
208.64000,-6.15094,5.24853
208.65000,-5.92574,5.27606
208.66000,-6.00933,5.18158
208.67000,-5.92790,5.60177
208.68000,-5.86606,5.41575
208.69000,-6.00143,5.12023
208.70000,-5.82003,5.78059
208.71000,-5.90668,5.41305
208.72000,-5.66520,5.37816
208.73000,-5.99933,5.65051
208.74000,-5.39455,5.25242
208.75000,-5.84235,5.44036
208.76000,-5.65265,5.67507
208.77000,-5.60713,5.79896
208.78000,-5.58883,5.88419
208.79000,-5.97675,5.71433
208.80000,-5.30689,5.98396
208.81000,-5.44039,5.90679
208.82000,-5.40796,5.98645
208.83000,-5.42480,6.00431
208.84000,-5.59584,5.90184
208.85000,-5.18170,6.17136
208.86000,-5.22536,6.40316
208.87000,-5.10374,6.27013
208.88000,-5.05798,6.21535
208.89000,-5.21451,5.90103
208.90000,-5.22139,6.33001
208.91000,-5.24762,6.18464
208.92000,-5.18322,6.68458
208.93000,-5.12242,6.11760
208.94000,-4.74542,6.62157
208.95000,-5.08322,6.11750
208.96000,-4.76881,6.45863
208.97000,-5.08782,6.47784
208.98000,-4.30149,6.41519
208.99000,-4.85443,6.65828
209.00000,-4.64609,6.37131
209.01000,-4.54621,6.53018
209.02000,-4.85517,6.61757
209.03000,-4.78184,6.68143
209.04000,-4.42947,6.33268
209.05000,-4.41178,6.24729
209.06000,-4.20828,6.66561
209.07000,-4.25851,6.50698
209.08000,-4.29689,6.45364
209.09000,-4.27518,6.86231
209.10000,-4.32024,6.90647
209.11000,-4.13268,6.56602
209.12000,-4.10701,6.60144
209.13000,-4.08279,6.99803
209.14000,-4.48130,6.65133
209.15000,-3.57333,7.04643
209.16000,-4.15968,6.92511
209.17000,-3.81603,6.99292
209.18000,-4.15621,7.07407
209.19000,-4.09554,7.32637
209.20000,-3.91722,7.16807
209.21000,-3.76294,7.11702
209.22000,-3.72255,7.24837
209.23000,-3.91325,7.22211
209.24000,-3.80371,6.89426
209.25000,-3.61051,6.84020
209.26000,-3.83246,7.04879
209.27000,-3.57953,7.37628
209.28000,-3.79329,7.23874
209.29000,-3.53277,6.88373
209.30000,-3.46270,7.10262
209.31000,-3.52914,7.39263
209.32000,-3.68535,7.37933
209.33000,-3.07687,7.21073
209.34000,-3.37750,7.14930
209.35000,-2.99662,7.58963
209.36000,-2.98395,7.42169
209.37000,-3.18804,7.51516
209.38000,-3.04066,7.77788
209.39000,-2.99866,6.85631
209.40000,-2.73619,7.56906
209.41000,-2.91864,7.22962
209.42000,-2.76548,7.47448
209.43000,-2.83047,7.52828
209.44000,-2.89480,7.38607
209.45000,-2.76463,7.39798
209.46000,-2.88692,7.43632
209.47000,-2.74271,7.84459
209.48000,-2.58170,7.65544
209.49000,-2.29347,7.72257
209.50000,-2.61159,7.71315
209.51000,-2.39491,7.94239
209.52000,-2.28466,7.98437
209.53000,-2.14362,7.81339
209.54000,-2.28618,7.74719
209.55000,-1.95722,7.47333
209.56000,-2.23203,7.68930
209.57000,-2.35962,7.79855
209.58000,-2.08548,7.65670
209.59000,-1.80448,7.58368
209.60000,-2.04039,7.58841
209.61000,-1.76253,7.82247
209.62000,-1.85076,7.78588
209.63000,-2.11968,7.74468
209.64000,-1.74899,7.89692
209.65000,-1.35904,7.91506
209.66000,-1.74618,7.88039
209.67000,-1.64460,8.04518
209.68000,-1.21643,7.90832
209.69000,-1.35892,7.89775
209.70000,-1.51855,7.92892
209.71000,-1.01769,7.70328
209.72000,-1.42040,7.72534
209.73000,-1.10879,7.88566
209.74000,-1.20138,8.20505
209.75000,-1.15296,8.26361
209.76000,-1.15439,7.97034
209.77000,-1.04642,7.90291
209.78000,-1.04134,7.94026
209.79000,-1.54422,7.85634
209.80000,-1.38698,8.18476
209.81000,-0.61477,7.75376
209.82000,-0.67912,7.86591
209.83000,-0.87684,8.16283
209.84000,-0.46232,7.99702
209.85000,-1.01712,8.02179
209.86000,-0.56278,7.72622
209.87000,-0.77655,8.19865
209.88000,-0.60953,8.08325
209.89000,-0.59128,7.89839
209.90000,-0.40727,8.14062
209.91000,-0.31275,7.95230
209.92000,-0.54213,8.27303
209.93000,-0.18276,7.92937
209.94000,-0.39482,8.02290
209.95000,-0.19777,7.96136
209.96000,-0.38185,7.80183
209.97000,-0.41637,7.94079
209.98000,0.07006,8.04900
209.99000,-0.31856,8.04229
210.00000,-0.03191,7.90938
210.01000,0.03805,7.86250
210.02000,-0.01068,7.91072
210.03000,0.29896,8.00846
210.04000,0.19678,7.93818
210.05000,0.24680,7.93858
210.06000,0.12417,8.22733
210.07000,0.43845,7.93069
210.08000,0.49961,8.02759
210.09000,0.17080,7.96508
210.10000,0.54373,7.84179
210.11000,0.29119,7.63155
210.12000,0.49895,7.81095
210.13000,1.08640,7.92114
210.14000,0.63262,7.99666
210.15000,0.72086,8.05520
210.16000,0.82192,8.00752
210.17000,0.84207,7.72002
210.18000,0.92730,7.81480
210.19000,1.20123,8.08285
210.20000,0.97505,7.88335
210.21000,0.52463,7.72143
210.22000,1.17315,7.77344
210.23000,1.00919,7.60026
210.24000,1.36636,7.37925
210.25000,1.35196,7.87802
210.26000,1.55362,7.65479
210.27000,1.68135,7.92120
210.28000,1.19565,7.94021
210.29000,1.57394,7.51829
210.30000,1.34145,7.87431
210.31000,1.60510,7.91281
210.32000,1.41572,8.00261
210.33000,1.65159,7.65894
210.34000,1.55180,8.15953
210.35000,1.63309,7.96513
210.36000,1.72871,7.85206
210.37000,2.06279,7.96969
210.38000,1.88254,8.06137
210.39000,1.91012,7.90195
210.40000,1.87359,7.86332
210.41000,2.32257,7.67979
210.42000,2.32438,7.69468
210.43000,2.22649,7.89724
210.44000,2.20285,7.67250
210.45000,2.12540,7.64724
210.46000,2.19376,8.09640
210.47000,2.45535,7.58300
210.48000,2.36634,7.75859
210.49000,2.01125,7.80514
210.50000,2.23278,7.83167
210.51000,2.61301,7.24611
210.52000,2.54943,7.71917
210.53000,2.22424,7.65861
210.54000,2.52399,7.83438
210.55000,2.77591,7.55136
210.56000,2.87319,7.43216
210.57000,2.53235,7.77649
210.58000,2.76813,7.70099
210.59000,2.63947,7.51495
210.60000,2.80837,7.69654
210.61000,3.17957,7.50748
210.62000,2.87878,7.27703
210.63000,3.17153,7.26652
210.64000,3.00789,7.00409
210.65000,2.96763,7.64154
210.66000,3.20704,7.33067
210.67000,3.43922,7.02960
210.68000,3.37610,7.38993
210.69000,3.62302,7.09905
210.70000,3.16424,6.98641
210.71000,3.26711,7.54089
210.72000,3.61733,7.07779
210.73000,3.56835,6.82539
210.74000,3.62398,7.10745
210.75000,3.47440,7.04080
210.76000,3.64179,7.12719
210.77000,3.78455,7.00115
210.78000,3.55214,7.37687
210.79000,3.93419,6.98842
210.80000,3.89025,6.79544
210.81000,3.92654,7.17739
210.82000,4.16285,6.98932
210.83000,3.93793,6.92350
210.84000,3.93063,7.03984
210.85000,4.12662,7.11345
210.86000,3.92192,7.29118
210.87000,3.86150,6.66956
210.88000,4.04844,6.62191
210.89000,4.34054,6.84028
210.90000,4.47070,6.61436
210.91000,4.45915,6.85508
210.92000,4.38586,6.81785
210.93000,4.23188,6.67353
210.94000,4.50491,6.23451
210.95000,4.63208,7.02147
210.96000,4.52972,6.61757
210.97000,4.63020,6.39797
210.98000,4.39909,6.60345
210.99000,4.49229,6.69994
211.00000,4.84258,6.39119
211.01000,4.98680,6.81277
211.02000,4.72317,6.43670
211.03000,4.77113,6.33703
211.04000,4.22441,6.28239
211.05000,4.96236,6.00788
211.06000,5.19727,6.13532
211.07000,4.72488,6.16513
211.08000,4.84140,6.06055
211.09000,4.76716,6.34453
211.10000,5.12959,6.44175
211.11000,5.36937,6.07925
211.12000,5.01435,6.11358
211.13000,5.47180,6.19305
211.14000,5.26808,6.19022
211.15000,4.84084,5.40425
211.16000,5.23836,5.99493
211.17000,5.20747,6.06233
211.18000,5.08143,5.98538
211.19000,5.56671,5.86363
211.20000,5.33360,5.88119
211.21000,5.38413,5.96300
211.22000,5.28616,5.74359
211.23000,5.57737,5.56202
211.24000,5.77052,5.57810
211.25000,5.81084,5.61997
211.26000,5.82467,5.72967
211.27000,5.65208,5.48979
211.28000,5.86693,5.36341
211.29000,5.77579,5.20444
211.30000,6.15314,5.29412
211.31000,5.69075,5.61688
211.32000,6.17850,5.66682
211.33000,5.66637,5.45677
211.34000,6.19911,5.31895
211.35000,5.98283,5.22258
211.36000,5.93459,5.12328
211.37000,5.85935,5.09064
211.38000,5.85408,5.20406
211.39000,6.03990,5.43757
211.40000,6.19649,4.97500
211.41000,6.11304,5.24137
211.42000,6.29738,5.18153
211.43000,6.12303,4.77408
211.44000,6.12500,4.94048
211.45000,6.25077,5.07508
211.46000,6.46811,4.83121
211.47000,6.19207,4.90199
211.48000,6.31235,4.95084
211.49000,6.47856,4.71203
211.50000,6.44780,4.83686
211.51000,6.66161,4.55257
211.52000,6.71275,4.23468
211.53000,7.04980,4.63996
211.54000,6.40966,4.76198
211.55000,6.57944,4.28251
211.56000,6.69883,4.31286
211.57000,6.74110,4.46447
211.58000,6.64506,4.59867
211.59000,6.84067,4.06388
211.60000,6.90582,4.45991
211.61000,6.64162,4.57213
211.62000,6.83017,4.26132
211.63000,7.01742,4.47872
211.64000,6.85978,4.09271
211.65000,7.36502,3.84388
211.66000,6.91616,4.00536
211.67000,6.91606,3.91222
211.68000,7.01699,3.82872
211.69000,6.79906,3.78802
211.70000,7.06701,3.95489
211.71000,7.11672,3.76249
211.72000,7.17230,3.95315
211.73000,7.06451,3.63606
211.74000,7.13526,3.31872
211.75000,6.96798,3.89379
211.76000,7.02200,3.64432
211.77000,7.10559,3.20814
211.78000,7.02975,3.52544
211.79000,6.76124,3.38169
211.80000,6.96739,3.37605
211.81000,6.99724,3.60974
211.82000,6.97583,2.93574
211.83000,7.38266,3.07658
211.84000,7.32537,3.15982
211.85000,7.38143,3.07974
211.86000,7.51045,3.44425
211.87000,7.37902,3.22318
211.88000,7.59148,3.17800
211.89000,7.44455,3.08613
211.90000,7.61970,2.94715
211.91000,7.52890,2.65759
211.92000,7.33783,2.69702
211.93000,7.60721,2.77803
211.94000,7.42385,2.48858
211.95000,7.57442,2.74461
211.96000,7.54490,2.67432
211.97000,7.41005,2.92043
211.98000,7.55125,2.61321
211.99000,7.78326,2.64804
212.00000,7.62757,2.65837
212.01000,7.49161,2.49177
212.02000,7.60452,2.25690
212.03000,7.40929,2.27133
212.04000,7.70167,2.02526
212.05000,7.77934,2.36481
212.06000,7.79214,2.32335
212.07000,7.81250,2.29687
212.08000,8.11108,2.16957
212.09000,7.58916,2.21205
212.10000,7.88866,1.88565
212.11000,7.85351,1.81964
212.12000,7.81160,2.16233
212.13000,7.66230,2.16321
212.14000,7.86731,1.79339
212.15000,7.86094,1.73987
212.16000,7.90478,1.92411
212.17000,7.79758,1.76246
212.18000,7.86862,1.31737
212.19000,7.73777,1.56678
212.20000,7.53553,1.46185
212.21000,8.14391,1.65464
212.22000,7.68280,1.48988
212.23000,8.01479,1.30518
212.24000,8.29251,1.32865
212.25000,8.10030,0.63180
212.26000,7.82129,1.66638
212.27000,8.28164,1.00329
212.28000,7.85698,1.24202
212.29000,7.61489,1.28999
212.30000,7.81392,0.92976
212.31000,8.07604,1.04086
212.32000,7.84541,0.76160
212.33000,8.22335,0.75359
212.34000,7.88568,1.16755
212.35000,7.87351,0.78217
212.36000,7.68566,0.75037
212.37000,8.45386,0.78155
212.38000,7.78228,0.78916
212.39000,7.99001,0.77972
212.40000,7.95725,0.39120
212.41000,8.12903,0.73663
212.42000,7.85409,0.35845
212.43000,8.22049,0.41634
212.44000,7.90668,0.68629
212.45000,8.12159,0.47616
212.46000,7.99845,0.30587
212.47000,8.06521,0.10029
212.48000,8.05760,0.24463
212.49000,8.03532,-0.19574
212.50000,8.12303,-0.05204
212.51000,7.95589,-0.24395
212.52000,7.91191,-0.02536
212.53000,8.34549,-0.15174
212.54000,8.38075,-0.26070
212.55000,7.99375,-0.11085
212.56000,8.31007,-0.08379
212.57000,8.04954,-0.29047
212.58000,7.65563,-0.68021
212.59000,8.06354,-0.15226
212.60000,8.04764,-0.16788
212.61000,7.46043,-0.65760
212.62000,8.08957,-0.83483
212.63000,7.56709,-0.63146
212.64000,7.99863,-0.58424
212.65000,8.04553,-0.64997
212.66000,8.19699,-0.79691
212.67000,7.94306,-0.93737
212.68000,7.85301,-0.76196
212.69000,8.03722,-0.57505
212.70000,7.79807,-1.01061
212.71000,7.97305,-1.33811
212.72000,8.23423,-0.85613
212.73000,7.62190,-1.28382
212.74000,7.82664,-1.44245
212.75000,7.98729,-1.25023
212.76000,7.94240,-1.13916
212.77000,7.93130,-0.81003
212.78000,7.79366,-1.10966
212.79000,7.89856,-1.48912
212.80000,7.95796,-1.27421
212.81000,7.61111,-1.74931
212.82000,7.72765,-1.75037
212.83000,7.96203,-1.57454
212.84000,7.77870,-1.66293
212.85000,7.63408,-1.84713
212.86000,8.06040,-1.70198
212.87000,7.64060,-1.98419
212.88000,7.69801,-1.74870
212.89000,7.58355,-2.22380
212.90000,7.79422,-1.91933
212.91000,7.55793,-2.28290
212.92000,7.74572,-1.89514
212.93000,7.69403,-2.13543
212.94000,7.78447,-2.18548
212.95000,7.55827,-1.80918
212.96000,7.58326,-2.43915
212.97000,7.61497,-2.34165
212.98000,7.90236,-2.45980
212.99000,7.79887,-2.45566
213.00000,7.71130,-2.17393
213.01000,7.38795,-2.64705
213.02000,7.23052,-2.67159
213.03000,7.75955,-2.76757
213.04000,7.45202,-2.38924
213.05000,7.29962,-2.57970
213.06000,7.44524,-2.76654
213.07000,7.95917,-2.74419
213.08000,7.44788,-2.92236
213.09000,7.50868,-2.84788
213.10000,7.46333,-2.75937
213.11000,7.55178,-3.25407
213.12000,7.42256,-2.96602
213.13000,7.35429,-2.97303
213.14000,7.56099,-3.00166
213.15000,7.15022,-3.15385
213.16000,7.23379,-3.14442
213.17000,7.84720,-3.08219
213.18000,7.15165,-3.34302
213.19000,7.30414,-3.32109
213.20000,7.27454,-3.54406
213.21000,7.16155,-3.42281
213.22000,6.98109,-3.81928
213.23000,6.87282,-3.56406
213.24000,7.29521,-3.59150
213.25000,7.40922,-3.82504
213.26000,7.22859,-3.65038
213.27000,7.09890,-3.83638
213.28000,7.22974,-3.73823
213.29000,6.90805,-3.49493
213.30000,6.78110,-3.86108
213.31000,6.74539,-4.03485
213.32000,6.89095,-3.75561
213.33000,7.12943,-4.31143
213.34000,7.02184,-3.88046
213.35000,7.01987,-3.90061
213.36000,7.25027,-3.83944
213.37000,7.17706,-4.16877
213.38000,6.88803,-4.22477
213.39000,6.72364,-4.15831
213.40000,6.47790,-4.63247
213.41000,6.78543,-4.44741
213.42000,6.47609,-4.54185
213.43000,6.77901,-4.11538
213.44000,6.94417,-4.49431
213.45000,6.77547,-4.37176
213.46000,6.76857,-4.59172
213.47000,6.66924,-4.67985
213.48000,6.59107,-4.81311
213.49000,6.48454,-4.56485
213.50000,6.49062,-4.97842
213.51000,6.33656,-4.59990
213.52000,6.40429,-4.96554
213.53000,6.33300,-4.68936
213.54000,6.35813,-5.07225
213.55000,6.49714,-5.29082
213.56000,6.16123,-5.18258
213.57000,6.13805,-5.11904
213.58000,6.42420,-4.88015
213.59000,6.01923,-4.76413
213.60000,6.61068,-5.05057
213.61000,6.19237,-5.17259
213.62000,6.06808,-5.11590
213.63000,6.15225,-5.18092
213.64000,6.33103,-4.93847
213.65000,5.68171,-5.19127
213.66000,6.00351,-5.43713
213.67000,5.75804,-5.23272
213.68000,5.46256,-5.45424
213.69000,6.00584,-5.63003
213.70000,6.03879,-5.53479
213.71000,5.52315,-5.61346
213.72000,5.50816,-5.27855
213.73000,5.76217,-5.73819
213.74000,5.76913,-5.42715
213.75000,5.60801,-5.73146
213.76000,5.26150,-6.01658
213.77000,5.58324,-5.55892
213.78000,5.25297,-5.97069
213.79000,5.48870,-5.49175
213.80000,5.34630,-5.63483
213.81000,5.85136,-5.87504
213.82000,5.33959,-6.03409
213.83000,5.36115,-5.68162
213.84000,5.41854,-6.03431
213.85000,5.25795,-6.29734
213.86000,5.29919,-6.06608
213.87000,4.99193,-6.14629
213.88000,5.28434,-5.99795
213.89000,5.15270,-6.32475
213.90000,5.02078,-6.28339
213.91000,4.97353,-6.30584
213.92000,4.94445,-6.18870
213.93000,4.91649,-6.20096
213.94000,4.92256,-6.35158
213.95000,4.76081,-6.27493
213.96000,4.70827,-6.26550
213.97000,4.73618,-6.50277
213.98000,4.69023,-6.18448
213.99000,4.99014,-6.49511
214.00000,5.15793,-6.44475
214.01000,4.62059,-6.44085
214.02000,4.61718,-6.35232
214.03000,4.45774,-6.64071
214.04000,4.60919,-6.36313
214.05000,4.42584,-6.71815
214.06000,4.38626,-6.57435
214.07000,4.46080,-6.71702
214.08000,4.50775,-6.88512
214.09000,4.41123,-6.71003
214.10000,4.24048,-6.60122
214.11000,4.16763,-6.66213
214.12000,4.14686,-6.80388
214.13000,4.19014,-6.97925
214.14000,4.07826,-6.65271
214.15000,4.11527,-6.61894
214.16000,4.40395,-7.01058
214.17000,4.06712,-6.95892
214.18000,4.00854,-6.66769
214.19000,3.63798,-6.76803
214.20000,3.88194,-6.83659
214.21000,3.75045,-7.06865
214.22000,3.58527,-7.32538
214.23000,3.63609,-6.90437
214.24000,3.54313,-7.26853
214.25000,3.54380,-6.92999
214.26000,3.47379,-7.09417
214.27000,3.42403,-7.12239
214.28000,3.49215,-7.11647
214.29000,3.26371,-7.14220
214.30000,3.41582,-7.32639
214.31000,3.28452,-7.27878
214.32000,3.17687,-7.57859
214.33000,3.29428,-7.18799
214.34000,3.29475,-7.62077
214.35000,3.06242,-7.51732
214.36000,3.20697,-7.28092
214.37000,3.08301,-7.12297
214.38000,3.30610,-7.58558
214.39000,3.19769,-7.19314
214.40000,3.03976,-7.70223
214.41000,2.86626,-7.47296
214.42000,2.67508,-7.85586
214.43000,3.05647,-7.68015
214.44000,2.47251,-7.35889
214.45000,2.79098,-7.54039
214.46000,2.57169,-7.61629
214.47000,2.70748,-7.38633
214.48000,2.70568,-7.47679
214.49000,2.19574,-7.46048
214.50000,2.37212,-7.88577
214.51000,2.23787,-7.55041
214.52000,2.34549,-7.50226
214.53000,2.36008,-7.56536
214.54000,2.30253,-7.47474
214.55000,2.34009,-7.44037
214.56000,2.26974,-7.68225
214.57000,2.39679,-7.70659
214.58000,2.37333,-7.42117
214.59000,2.33003,-7.73342
214.60000,2.17111,-7.76627
214.61000,2.04747,-7.58315
214.62000,1.93000,-7.96089
214.63000,1.91094,-7.59720
214.64000,1.83505,-8.25801
214.65000,1.76564,-7.75128
214.66000,1.83455,-8.00171
214.67000,1.30160,-7.93360
214.68000,1.25403,-7.85231
214.69000,1.59179,-8.13817
214.70000,1.41013,-8.10040
214.71000,1.44820,-7.91698
214.72000,1.67099,-7.96798
214.73000,1.24514,-8.08661
214.74000,1.24048,-7.88328
214.75000,1.02424,-7.63878
214.76000,1.25380,-7.61621
214.77000,1.26898,-7.72692
214.78000,0.83981,-7.98995
214.79000,1.09776,-7.93177
214.80000,0.82150,-8.12116
214.81000,0.86324,-8.06897
214.82000,0.92437,-8.21989
214.83000,0.51475,-7.78428
214.84000,1.16758,-8.13823
214.85000,0.79275,-8.18074
214.86000,0.57516,-7.65094
214.87000,0.82515,-8.04257
214.88000,0.58633,-8.10819
214.89000,0.81175,-8.17079
214.90000,0.41015,-8.24314
214.91000,0.48077,-8.15769
214.92000,0.22332,-7.61007
214.93000,0.40184,-7.98664
214.94000,0.06004,-8.23740
214.95000,0.62836,-7.96411
214.96000,0.43085,-7.98898
214.97000,0.16307,-7.96424
214.98000,-0.16771,-7.68046
214.99000,0.01070,-7.86445
215.00000,-0.01223,-8.23190
215.01000,-0.18280,-7.81201
215.02000,0.14384,-8.10825
215.03000,-0.04505,-7.92410
215.04000,-0.08481,-7.95102
215.05000,-0.20328,-8.11480
215.06000,-0.56225,-8.06370
215.07000,-0.40692,-8.13691
215.08000,-0.42409,-7.86700
215.09000,-0.62462,-8.22251
215.10000,-0.36136,-7.90771
215.11000,-0.59657,-8.01383
215.12000,-0.51010,-7.92769
215.13000,-0.80210,-7.80596
215.14000,-0.74837,-7.93374
215.15000,-0.94782,-7.80136
215.16000,-1.34841,-7.83879
215.17000,-0.67160,-7.59648
215.18000,-0.77352,-8.11116
215.19000,-1.33406,-7.60763
215.20000,-1.11635,-8.04673
215.21000,-1.38359,-7.92010
215.22000,-1.17616,-7.88467
215.23000,-1.07177,-7.75789
215.24000,-1.35799,-7.71461
215.25000,-1.14402,-7.74175
215.26000,-1.15161,-7.89183
215.27000,-1.19833,-7.78725
215.28000,-1.55127,-7.82733
215.29000,-1.12875,-7.63582
215.30000,-1.26085,-7.82251
215.31000,-1.45190,-8.05051
215.32000,-1.78759,-8.00270
215.33000,-1.45662,-7.63289
215.34000,-1.48915,-7.82030
215.35000,-1.48881,-7.91013
215.36000,-1.94783,-7.78469
215.37000,-1.39586,-7.76876
215.38000,-2.23492,-7.84625
215.39000,-1.86623,-7.93127
215.40000,-2.02375,-7.58790
215.41000,-1.89177,-7.71460
215.42000,-2.13307,-7.59626
215.43000,-2.28333,-7.61074
215.44000,-2.36205,-7.68750
215.45000,-2.39268,-7.57073
215.46000,-2.40765,-7.77572
215.47000,-2.14933,-7.62148
215.48000,-2.55291,-7.43234
215.49000,-2.33706,-7.63568
215.50000,-2.26931,-7.86617
215.51000,-2.39887,-7.47929
215.52000,-2.29240,-7.62575
215.53000,-2.65874,-7.51985
215.54000,-2.63592,-7.73506
215.55000,-2.74102,-7.74443
215.56000,-2.72310,-7.69773
215.57000,-3.04641,-7.63767
215.58000,-2.81411,-7.43105
215.59000,-2.82315,-7.31905
215.60000,-3.36797,-7.39264
215.61000,-2.96147,-7.07992
215.62000,-3.20850,-7.36588
215.63000,-3.32635,-7.73239
215.64000,-3.36116,-7.36838
215.65000,-2.89652,-7.34888
215.66000,-2.91360,-7.49127
215.67000,-3.20204,-7.20893
215.68000,-3.13993,-7.18945
215.69000,-3.35146,-6.96731
215.70000,-3.31502,-7.20904
215.71000,-3.22758,-7.42000
215.72000,-3.67109,-7.00824
215.73000,-3.60895,-7.08550
215.74000,-3.70880,-7.20611
215.75000,-3.74065,-7.31848
215.76000,-3.62562,-6.69645
215.77000,-3.80390,-6.84165
215.78000,-3.78183,-7.18112
215.79000,-3.81393,-6.74333
215.80000,-4.14258,-6.79573
215.81000,-3.75667,-6.75485
215.82000,-4.45563,-6.53020
215.83000,-4.27592,-6.74919
215.84000,-3.98503,-7.00849
215.85000,-4.20219,-6.55249
215.86000,-3.91345,-7.18089
215.87000,-4.17981,-7.06059
215.88000,-4.14658,-7.25855
215.89000,-4.38646,-6.68174
215.90000,-4.35487,-7.04299
215.91000,-4.59263,-6.81996
215.92000,-4.49127,-6.35002
215.93000,-4.38683,-6.70605
215.94000,-4.03606,-6.49017
215.95000,-4.33398,-6.40664
215.96000,-4.42982,-6.60580
215.97000,-4.84306,-6.71646
215.98000,-4.65392,-6.59186
215.99000,-4.48736,-6.71447
216.00000,-4.66867,-6.32850
216.01000,-4.78911,-6.48185
216.02000,-4.73412,-6.42758
216.03000,-5.06718,-6.48235
216.04000,-4.93565,-6.15564
216.05000,-4.98139,-6.57078
216.06000,-4.60546,-6.45730
216.07000,-5.19528,-6.44330
216.08000,-4.99970,-6.41119
216.09000,-5.31715,-6.05573
216.10000,-5.27884,-6.16931
216.11000,-5.06722,-6.34714
216.12000,-5.45757,-6.22932
216.13000,-5.36178,-6.02167
216.14000,-5.19135,-6.26004
216.15000,-5.50602,-6.27860
216.16000,-5.45258,-5.96377
216.17000,-5.53882,-5.83757
216.18000,-5.39230,-5.92947
216.19000,-5.92043,-5.88278
216.20000,-5.65380,-6.16173
216.21000,-5.44147,-5.55076
216.22000,-5.46644,-5.59527
216.23000,-5.55065,-5.82615
216.24000,-5.51661,-5.82385
216.25000,-5.57760,-5.50578
216.26000,-5.75578,-5.50025
216.27000,-5.74211,-5.32662
216.28000,-6.00522,-5.78991
216.29000,-5.82367,-5.54020
216.30000,-6.08041,-5.54015
216.31000,-5.72619,-5.32061
216.32000,-5.87923,-5.54394
216.33000,-6.05857,-5.35499
216.34000,-5.87432,-5.52019
216.35000,-5.90905,-5.25021
216.36000,-5.89323,-5.45338
216.37000,-6.13035,-4.93589
216.38000,-6.50227,-5.11008
216.39000,-5.98797,-4.64933
216.40000,-6.05490,-4.98800
216.41000,-6.31578,-5.42739
216.42000,-6.23050,-4.82003
216.43000,-6.18393,-5.21930
216.44000,-6.49130,-5.02231
216.45000,-6.33165,-5.08318
216.46000,-6.62229,-4.87032
216.47000,-6.31105,-4.57884
216.48000,-6.44726,-4.69952
216.49000,-6.23237,-4.75588
216.50000,-6.27604,-4.67029
216.51000,-6.51332,-4.80823
216.52000,-6.43900,-4.73510
216.53000,-6.50624,-4.34884
216.54000,-6.26202,-4.56230
216.55000,-6.48435,-4.50951
216.56000,-6.87416,-4.41039
216.57000,-6.40050,-4.24035
216.58000,-6.63346,-4.25420
216.59000,-6.70209,-4.50719
216.60000,-6.73695,-4.38788
216.61000,-7.03981,-4.19840
216.62000,-6.93224,-4.36525
216.63000,-6.61506,-4.05729
216.64000,-7.11850,-4.22097
216.65000,-6.62530,-4.21318
216.66000,-6.85455,-3.79963
216.67000,-7.10951,-3.77527
216.68000,-7.05864,-4.07183
216.69000,-6.76515,-3.64356
216.70000,-7.06354,-3.65989
216.71000,-7.04712,-3.74837
216.72000,-7.04249,-3.81258
216.73000,-7.30120,-3.70309
216.74000,-6.72322,-3.60536
216.75000,-6.97994,-3.93351
216.76000,-7.17273,-3.59277
216.77000,-7.11702,-3.34516
216.78000,-7.09849,-3.37043
216.79000,-7.45431,-3.46178
216.80000,-7.14192,-3.25637
216.81000,-6.99450,-3.53772
216.82000,-7.49762,-3.03946
216.83000,-7.47500,-3.12140
216.84000,-7.50165,-3.13740
216.85000,-7.65568,-3.06699
216.86000,-7.32196,-3.42455
216.87000,-7.46399,-2.82075
216.88000,-7.63711,-3.08917
216.89000,-7.54006,-2.97203
216.90000,-7.39674,-2.86737
216.91000,-7.33849,-2.83580
216.92000,-7.54690,-2.64093
216.93000,-7.54824,-2.74428
216.94000,-7.39672,-2.79333
216.95000,-7.36395,-2.67122
216.96000,-7.76875,-2.30027
216.97000,-7.47224,-2.40007
216.98000,-7.63452,-2.44592
216.99000,-7.36932,-2.52500
217.00000,-7.66855,-2.74044
217.01000,-7.64204,-2.33377
217.02000,-7.46828,-2.44160
217.03000,-7.90231,-2.31597
217.04000,-7.97588,-2.09166
217.05000,-7.92635,-2.23358
217.06000,-7.76408,-2.10617
217.07000,-7.58108,-2.24181
217.08000,-7.79164,-2.18667
217.09000,-7.59131,-1.92677
217.10000,-7.77488,-1.83571
217.11000,-7.70940,-1.93780
217.12000,-7.88038,-1.87517
217.13000,-8.00471,-1.82395
217.14000,-7.98248,-1.84985
217.15000,-7.65721,-1.59884
217.16000,-8.00464,-1.77762
217.17000,-7.78609,-1.64470
217.18000,-7.58825,-1.70152
217.19000,-7.91296,-1.35532
217.20000,-7.82676,-1.30298
217.21000,-7.59825,-1.19232
217.22000,-7.43560,-1.16546
217.23000,-8.18189,-1.25707
217.24000,-7.93876,-1.07530
217.25000,-7.95649,-1.38677
217.26000,-7.60478,-1.17580
217.27000,-7.97885,-0.83505
217.28000,-8.01622,-1.16852
217.29000,-7.90257,-0.97740
217.30000,-7.90938,-1.32395
217.31000,-7.99955,-0.65277
217.32000,-8.13083,-0.98839
217.33000,-7.70794,-0.79356
217.34000,-7.70507,-0.38893
217.35000,-7.66205,-1.03100
217.36000,-7.97813,-0.57546
217.37000,-7.94354,-0.65053
217.38000,-8.11168,-0.52167
217.39000,-8.04655,-0.84722
217.40000,-7.93917,-0.69543
217.41000,-8.16515,-0.47834
217.42000,-8.07923,-0.74603
217.43000,-7.77418,-0.01385
217.44000,-7.92267,-0.16000
217.45000,-8.07519,-0.08945
217.46000,-7.97098,-0.35749
217.47000,-8.05316,-0.10468
217.48000,-7.85927,-0.14125
217.49000,-7.79666,-0.21598
217.50000,-7.86324,-0.03407
217.51000,-7.83698,0.26362
217.52000,-7.67956,0.08599
217.53000,-8.11045,0.07834
217.54000,-8.15033,0.20533
217.55000,-7.76882,0.18298
217.56000,-7.92064,0.40726
217.57000,-7.92704,0.14759
217.58000,-8.03441,0.51842
217.59000,-7.82386,0.35098
217.60000,-8.03995,0.45583
217.61000,-8.09801,0.46897
217.62000,-8.18025,0.43783
217.63000,-7.82716,0.78340
217.64000,-7.78939,0.75141
217.65000,-8.21917,0.82648
217.66000,-7.92464,0.74127
217.67000,-8.12202,0.74611
217.68000,-8.08901,1.24630
217.69000,-8.01060,0.70729
217.70000,-7.95250,0.88983
217.71000,-7.94686,1.02270
217.72000,-7.86320,1.15768
217.73000,-7.63253,1.08877
217.74000,-7.96311,1.08073
217.75000,-8.01697,0.85675
217.76000,-7.80176,1.31830
217.77000,-8.04924,1.46571
217.78000,-7.96726,1.22185
217.79000,-7.75991,1.31077
217.80000,-7.78964,1.53994
217.81000,-7.98057,1.60430
217.82000,-7.63333,1.49214
217.83000,-7.96952,1.52789
217.84000,-7.71225,1.33664
217.85000,-7.59183,1.54161
217.86000,-7.65842,1.85323
217.87000,-7.94121,1.78214
217.88000,-7.54996,2.19819
217.89000,-7.87485,1.97878
217.90000,-8.11722,1.73423
217.91000,-7.70239,2.23237
217.92000,-7.55690,1.84229
217.93000,-7.70341,2.03477
217.94000,-7.60046,2.20932
217.95000,-7.64796,2.53305
217.96000,-7.73119,2.18290
217.97000,-7.35599,2.20100
217.98000,-7.61447,2.47011
217.99000,-7.65119,2.44214
218.00000,-7.58018,2.74057
218.01000,-7.93164,2.64789
218.02000,-7.54699,2.61133
218.03000,-7.70180,2.17268
218.04000,-7.38790,2.73119
218.05000,-7.45821,2.79273
218.06000,-7.50255,2.27795
218.07000,-7.13980,2.77926
218.08000,-7.80202,2.77456
218.09000,-7.68368,2.64734
218.10000,-7.28209,2.67029
218.11000,-7.42443,2.94933
218.12000,-7.53954,3.16563
218.13000,-7.27490,2.97670
218.14000,-7.18663,3.06880
218.15000,-7.35652,3.44560
218.16000,-7.62966,3.21496
218.17000,-7.30066,3.36170
218.18000,-7.03719,2.99321
218.19000,-7.65175,3.54489
218.20000,-7.45952,3.44484
218.21000,-7.10940,3.27088
218.22000,-7.17184,3.83783
218.23000,-7.23422,3.33862
218.24000,-7.51767,3.70829
218.25000,-7.47614,3.97839
218.26000,-7.12526,3.95537
218.27000,-7.14206,3.84217
218.28000,-7.48997,3.82215
218.29000,-6.76752,3.49246
218.30000,-7.14699,3.57780
218.31000,-6.79449,3.74232
218.32000,-6.79282,4.06045
218.33000,-6.99627,3.97573
218.34000,-6.88211,4.51014
218.35000,-6.77907,4.25630
218.36000,-6.93137,4.00515
218.37000,-6.65472,4.05257
218.38000,-6.34014,3.96983
218.39000,-6.65939,4.40845
218.40000,-6.68778,4.29882
218.41000,-6.48278,4.45312
218.42000,-6.58245,3.96405
218.43000,-6.54465,4.39585
218.44000,-6.52644,4.33651
218.45000,-6.43981,4.43588
218.46000,-6.82257,4.71116
218.47000,-6.33433,4.33262
218.48000,-6.68425,4.59052
218.49000,-6.68146,4.55430
218.50000,-6.43354,4.45427
218.51000,-6.53685,4.75469
218.52000,-6.65032,4.85192
218.53000,-6.32315,4.95039
218.54000,-6.48406,4.75693
218.55000,-6.23816,4.93920
218.56000,-6.59330,4.87656
218.57000,-6.15272,4.81075
218.58000,-6.38185,4.97066
218.59000,-5.94174,5.00611
218.60000,-6.34846,4.72256
218.61000,-6.25217,5.33835
218.62000,-6.57414,5.53894
218.63000,-5.97321,5.17609
218.64000,-6.05617,5.39458
218.65000,-5.63109,5.35522
218.66000,-6.06967,5.16145
218.67000,-6.05171,5.39506
218.68000,-5.96986,5.08262
218.69000,-5.69612,5.38265
218.70000,-5.77615,5.54906
218.71000,-6.05171,5.66417
218.72000,-5.68431,5.43903
218.73000,-5.84493,5.51987
218.74000,-5.59329,5.80743
218.75000,-5.67218,5.95407
218.76000,-5.83548,5.39297
218.77000,-5.48535,5.55886
218.78000,-5.69837,5.60081
218.79000,-5.39517,5.91075
218.80000,-5.69894,6.12971
218.81000,-5.69159,5.95274
218.82000,-5.19023,6.36395
218.83000,-5.18735,5.86020
218.84000,-5.65262,6.07168
218.85000,-5.16465,6.13231
218.86000,-5.07792,6.15330
218.87000,-4.94461,6.19720
218.88000,-5.34930,6.01086
218.89000,-5.23609,6.31895
218.90000,-5.10805,6.27199
218.91000,-5.00182,6.06798
218.92000,-5.13332,5.88434
218.93000,-4.91098,6.63929
218.94000,-5.03534,6.53492
218.95000,-4.70371,6.60884
218.96000,-4.94730,6.56153
218.97000,-4.98102,6.11120
218.98000,-4.72429,6.28078
218.99000,-4.62318,6.26524
219.00000,-4.79688,6.88361
219.01000,-4.87245,6.60418
219.02000,-4.51978,6.69266
219.03000,-4.46048,6.36271
219.04000,-4.59933,6.41036
219.05000,-4.44594,6.66270
219.06000,-4.02654,6.60555
219.07000,-4.43763,6.66033
219.08000,-4.49930,6.67981
219.09000,-4.41959,7.00958
219.10000,-4.25812,6.38896
219.11000,-4.39618,6.57025
219.12000,-4.09851,6.62553
219.13000,-4.03708,6.52504
219.14000,-4.23353,7.22112
219.15000,-4.18514,6.88049
219.16000,-3.55966,6.64321
219.17000,-3.94396,6.81817
219.18000,-4.06643,6.79683
219.19000,-4.04972,7.20511
219.20000,-3.54289,7.12430
219.21000,-3.92231,6.99471
219.22000,-3.52586,7.14392
219.23000,-3.53105,6.82948
219.24000,-3.52275,7.20886
219.25000,-3.92263,7.28289
219.26000,-3.49734,7.16814
219.27000,-3.46212,6.95852
219.28000,-3.28708,7.15525
219.29000,-3.65579,7.05011
219.30000,-3.10477,7.25542
219.31000,-3.46605,7.24197
219.32000,-3.36808,7.15475
219.33000,-3.21994,7.23143
219.34000,-3.32891,7.46688
219.35000,-3.53834,7.27643
219.36000,-3.46851,7.21581
219.37000,-3.25177,7.39265
219.38000,-2.97708,7.62811
219.39000,-3.28618,7.71815
219.40000,-3.34276,7.30698
219.41000,-2.74307,7.43029
219.42000,-3.08640,7.33000
219.43000,-2.70421,7.26341
219.44000,-2.85376,7.55551
219.45000,-2.90915,7.43989
219.46000,-2.71806,7.09217
219.47000,-2.42061,7.57629
219.48000,-2.46482,7.83867
219.49000,-2.72673,7.67237
219.50000,-2.58379,7.41607
219.51000,-2.16618,7.68061
219.52000,-2.48294,7.62179
219.53000,-2.29778,7.43607
219.54000,-2.56254,7.75880
219.55000,-2.12167,7.64756
219.56000,-2.30741,7.84525
219.57000,-2.24470,7.80428
219.58000,-2.41713,7.72478
219.59000,-1.91292,7.75542
219.60000,-1.66900,7.88305
219.61000,-2.26472,7.83302
219.62000,-1.83131,7.70144
219.63000,-2.06130,8.21087
219.64000,-1.59008,7.72115
219.65000,-1.99416,7.79290
219.66000,-1.31781,7.52992
219.67000,-1.46467,7.75128
219.68000,-1.51161,7.83915
219.69000,-1.56170,7.73094
219.70000,-1.60724,8.06447
219.71000,-1.54102,7.73135
219.72000,-1.29511,7.91821
219.73000,-1.47488,7.87517
219.74000,-1.06142,7.96929
219.75000,-1.36191,7.81820
219.76000,-1.35459,7.81024
219.77000,-1.33412,7.94173
219.78000,-1.07733,8.04312
219.79000,-1.18070,8.15912
219.80000,-1.05133,7.79455
219.81000,-1.03252,8.04698
219.82000,-0.90530,8.10638
219.83000,-0.93224,8.01055
219.84000,-1.01218,7.92707
219.85000,-0.66296,7.89976
219.86000,-0.79659,8.21345
219.87000,-0.81821,7.84784
219.88000,-0.75978,8.18749
219.89000,-0.56264,7.88351
219.90000,-0.34660,7.80356
219.91000,-0.70817,7.85234
219.92000,-0.23970,8.01794
219.93000,-0.17780,7.77954
219.94000,-0.32193,8.04221
219.95000,-0.51288,8.04601
219.96000,-0.19077,7.84731
219.97000,-0.33151,8.07189
219.98000,-0.37490,7.93165
219.99000,0.02226,7.93795
220.00000,-0.51133,8.22833
220.01000,0.02823,7.96292
220.02000,0.19346,7.85416
220.03000,0.17577,7.82716
220.04000,0.34918,7.86392
220.05000,0.09288,7.66135
220.06000,0.46602,7.89997
220.07000,0.29279,7.66119
220.08000,0.29226,8.07499
220.09000,0.63262,8.04091
220.10000,0.50950,8.21363
220.11000,0.42146,7.96207
220.12000,0.61124,8.03712
220.13000,1.05823,7.63029
220.14000,0.78507,7.91798
220.15000,0.60388,8.04373
220.16000,0.86154,8.33416
220.17000,0.98377,8.23234
220.18000,0.86237,7.87094
220.19000,1.15770,7.93145
220.20000,0.91507,8.07762
220.21000,1.15504,7.81365
220.22000,1.20505,8.17385
220.23000,1.15930,7.94993
220.24000,1.09031,8.07580
220.25000,1.20102,7.90289
220.26000,1.20869,7.84863
220.27000,1.45637,8.04084
220.28000,1.28083,7.85875
220.29000,1.72620,7.88217
220.30000,1.57092,8.07416
220.31000,1.38298,7.81222
220.32000,1.22155,8.03972
220.33000,1.30391,7.78598
220.34000,1.99724,8.05986
220.35000,1.64794,7.85352
220.36000,1.82044,7.78836
220.37000,1.40357,7.98770
220.38000,1.70056,7.79509
220.39000,1.93955,7.59289
220.40000,1.86403,7.76113
220.41000,2.14453,7.75858
220.42000,2.11827,7.71146
220.43000,1.70868,7.80852
220.44000,2.26884,7.80916
220.45000,2.09389,7.44814
220.46000,2.26892,7.68594
220.47000,2.74794,7.58120
220.48000,2.21223,7.36427
220.49000,2.20112,7.46636
220.50000,2.32332,7.84204
220.51000,2.32693,7.59947
220.52000,2.83032,7.60982
220.53000,2.45425,7.58625
220.54000,2.66952,7.79806
220.55000,2.62245,7.60878
220.56000,2.63309,7.45250
220.57000,2.64606,7.28656
220.58000,2.93722,7.66083
220.59000,2.75953,7.00763
220.60000,3.11743,7.35616
220.61000,3.00087,7.44367
220.62000,3.19185,7.79113
220.63000,3.24258,7.43336
220.64000,2.94846,7.52059
220.65000,2.97047,7.48456
220.66000,3.30803,7.05723
220.67000,3.53212,7.41792
220.68000,3.01974,7.30715
220.69000,3.44986,7.35641
220.70000,3.30300,7.57566
220.71000,3.33362,7.31009
220.72000,3.55139,7.05667
220.73000,3.45499,7.35669
220.74000,3.34300,7.41818
220.75000,3.27703,7.02240
220.76000,3.64172,6.84832
220.77000,3.51133,6.78665
220.78000,4.07701,6.71250
220.79000,3.99913,6.89655
220.80000,3.76005,7.13081
220.81000,3.94655,6.84970
220.82000,3.76950,7.23118
220.83000,3.95931,7.25811
220.84000,3.97872,6.69083
220.85000,3.90255,6.46508
220.86000,4.06768,6.98784
220.87000,4.20021,7.19591
220.88000,4.16445,6.82457
220.89000,4.55794,6.54177
220.90000,4.03770,7.08156
220.91000,4.39420,6.81004
220.92000,4.31654,6.58067
220.93000,4.45783,6.41134
220.94000,4.52050,6.73869
220.95000,4.25567,7.01442
220.96000,4.69425,6.97220
220.97000,4.44565,6.84470
220.98000,4.50219,6.51439
220.99000,4.72853,6.51542
221.00000,4.60179,6.51056
221.01000,4.71816,6.44796
221.02000,5.05910,6.19453
221.03000,4.60853,6.44321
221.04000,4.67503,6.68155
221.05000,5.21663,6.24800
221.06000,4.85208,5.95382
221.07000,5.06370,6.38216
221.08000,5.14728,5.99980
221.09000,5.10892,6.36907
221.10000,4.88215,5.96824
221.11000,4.88456,5.90990
221.12000,4.91715,6.17622
221.13000,5.45396,6.09093
221.14000,5.43480,5.96583
221.15000,5.50566,5.84566
221.16000,5.12005,6.22798
221.17000,5.35550,5.98896
221.18000,5.27474,5.91670
221.19000,5.24364,5.98498
221.20000,5.98611,6.01794
221.21000,5.56372,5.91129
221.22000,5.32474,6.04511
221.23000,5.70636,5.93851
221.24000,5.59818,5.77102
221.25000,5.68784,5.76778
221.26000,5.55049,5.62640
221.27000,5.78928,5.55587
221.28000,5.83952,5.33598
221.29000,5.80936,5.49766
221.30000,5.57467,5.72793
221.31000,5.93840,5.29375
221.32000,5.70582,5.39900
221.33000,6.04620,5.31746
221.34000,6.23543,5.42190
221.35000,5.97571,5.51861
221.36000,6.06523,5.33518
221.37000,6.10704,5.23713
221.38000,6.06584,5.16303
221.39000,6.33953,5.26787
221.40000,6.27979,5.14248
221.41000,6.33960,4.94420
221.42000,6.37289,5.18289
221.43000,6.14241,4.84765
221.44000,6.41803,4.82824
221.45000,6.45055,4.63205
221.46000,6.03473,4.63146
221.47000,6.45251,4.62242
221.48000,6.43469,4.60590
221.49000,6.29459,4.36760
221.50000,6.59767,4.98526
221.51000,6.86936,4.72350
221.52000,6.29452,4.71157
221.53000,6.68461,4.84664
221.54000,6.05060,4.63817
221.55000,6.93996,4.47203
221.56000,6.58393,4.64385
221.57000,6.48548,4.74274
221.58000,7.08340,4.52880
221.59000,6.66815,4.18738
221.60000,6.60397,4.01416
221.61000,6.63798,4.23043
221.62000,6.69657,3.83462
221.63000,7.18217,3.96834
221.64000,7.14230,4.23340
221.65000,6.64982,3.96485
221.66000,6.73599,3.80068
221.67000,7.02789,3.93892
221.68000,6.96846,4.05777
221.69000,6.97759,4.39374
221.70000,6.85584,3.85580
221.71000,6.99698,3.70552
221.72000,7.36801,3.49175
221.73000,6.88785,3.94759
221.74000,6.63473,3.54577
221.75000,7.28368,3.46639
221.76000,7.00119,3.32007
221.77000,7.11658,3.90935
221.78000,7.09663,3.41141
221.79000,7.15303,3.44019
221.80000,7.29736,3.82012
221.81000,7.20921,3.47719
221.82000,7.22263,3.37294
221.83000,7.51188,3.30816
221.84000,7.21963,3.00250
221.85000,7.36033,3.25521
221.86000,7.46559,3.05836
221.87000,7.63194,3.00625
221.88000,7.28856,3.22401
221.89000,7.02332,3.11228
221.90000,7.46535,3.14044
221.91000,7.55741,2.57668
221.92000,7.37258,2.91436
221.93000,7.49879,2.70873
221.94000,7.63939,2.71667
221.95000,7.89825,2.81803
221.96000,7.63230,2.85947
221.97000,7.35779,2.52739
221.98000,7.77876,2.46133
221.99000,7.50250,2.62186
222.00000,7.72103,2.26478
222.01000,7.67539,2.59811
222.02000,7.90117,2.28002
222.03000,7.48443,2.37650
222.04000,7.95792,2.34156
222.05000,7.31091,2.06079
222.06000,7.80586,2.16033
222.07000,7.98005,2.35011
222.08000,7.70597,1.62791
222.09000,8.05599,2.11999
222.10000,8.06578,2.00183
222.11000,7.86608,2.05907
222.12000,7.69101,1.88745
222.13000,7.69878,1.68002
222.14000,7.78117,1.78635
222.15000,7.74583,1.85705
222.16000,7.91725,1.88169
222.17000,7.89409,1.61449
222.18000,7.59698,1.51676
222.19000,8.02864,1.66911
222.20000,7.53990,1.82216
222.21000,7.78868,1.47968
222.22000,7.78276,1.47721
222.23000,7.58989,1.32325
222.24000,8.07121,1.39774
222.25000,7.53644,1.43742
222.26000,7.77083,1.30901
222.27000,8.18651,0.98277
222.28000,8.27542,1.08649
222.29000,7.83108,1.10647
222.30000,7.79636,0.97848
222.31000,8.20999,0.97788
222.32000,8.19697,0.90943
222.33000,7.97762,1.13647
222.34000,8.11012,1.03023
222.35000,8.08855,0.60769
222.36000,8.12336,0.51459
222.37000,7.91397,0.83519
222.38000,8.18817,0.39325
222.39000,8.05067,0.75472
222.40000,8.28351,0.15224
222.41000,7.83607,0.47619
222.42000,7.91649,0.11668
222.43000,8.06768,0.57392
222.44000,7.70352,0.29255
222.45000,8.33262,0.03115
222.46000,8.17472,-0.07503
222.47000,7.74891,0.21891
222.48000,7.65288,-0.04149
222.49000,8.39052,-0.04245
222.50000,8.13205,-0.32868
222.51000,7.94087,0.16219
222.52000,7.99488,-0.13586
222.53000,8.10288,-0.06703
222.54000,7.91370,-0.23046
222.55000,7.89110,-0.23720
222.56000,7.81964,-0.25327
222.57000,7.70478,-0.26012
222.58000,8.09908,-0.63968
222.59000,8.21298,-0.73018
222.60000,7.98328,-0.70801
222.61000,8.00569,-0.21779
222.62000,8.01663,-0.69905
222.63000,8.01705,-0.72439
222.64000,7.99643,-0.42676
222.65000,7.77954,-0.89411
222.66000,7.94607,-0.91487
222.67000,7.91412,-1.05772
222.68000,8.03209,-0.43785
222.69000,8.34710,-0.81584
222.70000,7.80771,-1.03246
222.71000,7.76732,-1.29779
222.72000,8.10760,-1.24105
222.73000,8.02499,-1.02813
222.74000,7.55290,-1.32719
222.75000,7.84892,-1.39219
222.76000,8.01523,-1.36045
222.77000,8.12738,-1.26821
222.78000,7.58151,-1.47912
222.79000,8.36268,-1.13502
222.80000,7.85410,-1.67118
222.81000,7.91423,-1.79185
222.82000,7.58081,-1.51827
222.83000,7.46235,-1.56304
222.84000,7.82936,-1.57283
222.85000,7.66380,-1.68524
222.86000,7.73436,-1.65585
222.87000,7.94621,-1.91748
222.88000,7.89174,-1.62480
222.89000,7.49319,-2.12967
222.90000,7.60748,-1.76404
222.91000,7.41826,-1.83819
222.92000,7.49335,-2.26370
222.93000,7.80250,-1.98039
222.94000,7.57874,-2.15111
222.95000,7.70326,-1.81233
222.96000,7.82052,-1.94926
222.97000,7.66868,-2.71099
222.98000,7.43679,-2.31098
222.99000,7.58564,-2.35983
223.00000,7.51351,-2.53995
223.01000,7.60558,-2.28702
223.02000,7.19498,-2.85194
223.03000,7.42409,-2.75394
223.04000,7.30356,-2.66061
223.05000,7.60447,-3.08033
223.06000,7.39458,-2.45369
223.07000,7.63842,-2.99206
223.08000,7.65948,-3.20013
223.09000,7.68565,-3.17555
223.10000,7.49957,-2.92205
223.11000,7.09700,-2.89263
223.12000,7.21937,-2.92587
223.13000,7.40546,-3.35726
223.14000,7.34365,-3.28701
223.15000,7.14727,-3.32097
223.16000,7.24867,-2.97811
223.17000,7.30390,-3.55676
223.18000,7.30967,-3.51236
223.19000,7.37333,-3.70540
223.20000,6.98934,-3.34001
223.21000,7.41187,-3.29001
223.22000,7.26323,-3.58191
223.23000,6.81936,-3.24264
223.24000,7.21402,-3.58507
223.25000,6.95273,-3.88464
223.26000,7.21495,-3.52107
223.27000,7.28857,-3.65159
223.28000,7.18097,-3.58312
223.29000,7.25871,-4.11530
223.30000,6.86091,-3.96410
223.31000,7.03827,-3.62963
223.32000,7.09907,-4.11867
223.33000,6.68853,-3.96076
223.34000,6.70554,-3.95552
223.35000,6.73108,-4.01329
223.36000,6.87700,-4.32010
223.37000,6.91807,-4.17701
223.38000,6.84312,-4.12166
223.39000,7.02921,-4.26863
223.40000,6.84301,-4.26218
223.41000,6.67595,-4.08965
223.42000,6.65821,-4.11601
223.43000,6.31320,-4.78495
223.44000,6.78610,-4.78563
223.45000,6.74116,-4.77899
223.46000,6.56571,-4.47401
223.47000,6.60168,-4.56834
223.48000,6.66649,-4.28528
223.49000,6.70645,-4.62053
223.50000,6.51964,-4.65167
223.51000,6.53459,-4.98064
223.52000,6.37439,-4.66114
223.53000,6.44862,-4.44017
223.54000,6.58094,-4.71642
223.55000,6.22729,-5.07331
223.56000,6.19502,-4.80770
223.57000,6.22205,-4.85592
223.58000,6.28082,-4.60151
223.59000,6.15154,-5.17488
223.60000,6.24035,-4.95655
223.61000,5.99704,-5.28638
223.62000,6.14082,-5.15184
223.63000,6.23248,-4.99241
223.64000,5.88891,-5.14882
223.65000,5.69345,-5.48328
223.66000,6.18678,-5.46083
223.67000,5.77097,-5.47813
223.68000,5.85565,-5.30556
223.69000,5.73839,-5.65304
223.70000,5.51775,-5.46754
223.71000,5.81936,-5.40981
223.72000,5.80358,-5.28596
223.73000,5.65652,-5.45706
223.74000,5.49987,-5.39508
223.75000,5.68741,-5.36962
223.76000,5.65907,-5.63892
223.77000,5.78486,-5.79160
223.78000,5.69399,-5.65227
223.79000,5.31212,-6.02099
223.80000,5.47793,-5.61041
223.81000,5.68723,-5.98472
223.82000,5.25371,-5.86112
223.83000,5.71420,-5.93100
223.84000,5.26975,-5.95399
223.85000,5.30538,-5.59087
223.86000,5.20814,-6.24010
223.87000,4.86692,-6.06625
223.88000,5.30002,-6.24903
223.89000,5.17135,-6.17157
223.90000,4.83943,-6.20462
223.91000,5.11911,-5.90981
223.92000,5.24413,-6.27393
223.93000,4.84121,-5.94737
223.94000,4.97838,-6.06597
223.95000,4.94571,-6.38293
223.96000,5.09615,-6.59183
223.97000,4.77654,-6.38690
223.98000,4.52516,-6.46766
223.99000,4.76505,-6.53332
224.00000,4.79292,-6.92261
224.01000,4.72120,-6.44831
224.02000,4.42889,-6.68651
224.03000,4.52680,-6.50020
224.04000,4.98984,-6.67829
224.05000,4.72666,-6.47194
224.06000,4.34450,-6.45713
224.07000,4.34889,-6.93803
224.08000,4.28305,-6.87472
224.09000,4.22786,-6.82401
224.10000,4.25715,-7.06887
224.11000,4.00909,-7.08746
224.12000,4.30652,-6.69484
224.13000,3.90502,-6.90051
224.14000,4.25553,-6.79760
224.15000,4.19372,-7.10641
224.16000,3.97927,-6.98232
224.17000,4.06937,-7.03383
224.18000,4.05605,-7.07607
224.19000,3.87715,-7.44886
224.20000,3.65109,-6.91150
224.21000,3.63041,-7.29288
224.22000,4.08306,-6.95782
224.23000,3.89117,-7.00586
224.24000,3.51643,-6.78120
224.25000,3.76580,-7.04528
224.26000,3.47108,-7.14844
224.27000,3.58391,-6.82964
224.28000,3.45787,-7.39353
224.29000,3.87010,-7.26824
224.30000,3.09474,-7.24209
224.31000,3.40618,-7.32344
224.32000,3.66613,-7.35068
224.33000,3.19548,-7.10298
224.34000,3.48023,-7.40521
224.35000,2.92809,-7.24321
224.36000,2.79687,-7.32957
224.37000,3.09855,-7.50052
224.38000,3.24209,-7.09058
224.39000,3.16731,-7.29105
224.40000,3.17601,-7.53690
224.41000,2.72673,-7.57079
224.42000,3.05780,-7.27628
224.43000,2.52968,-7.55937
224.44000,2.72629,-7.66835
224.45000,2.56054,-7.70307
224.46000,2.54426,-7.56795
224.47000,2.57553,-7.22498
224.48000,2.88040,-7.64133
224.49000,2.52731,-7.38431
224.50000,2.60407,-7.54421
224.51000,2.73832,-7.72256
224.52000,2.41555,-7.47033
224.53000,2.54721,-7.47661
224.54000,2.48781,-7.87426
224.55000,2.07918,-7.49272
224.56000,2.25231,-7.87576
224.57000,2.01418,-7.71256
224.58000,2.13323,-7.55437
224.59000,2.22736,-8.03835
224.60000,1.83221,-7.64500
224.61000,1.69733,-7.74775
224.62000,1.96207,-8.01953
224.63000,1.56899,-7.99901
224.64000,1.80361,-7.84616
224.65000,1.44277,-7.93030
224.66000,1.78521,-7.47724
224.67000,1.73021,-7.73826
224.68000,1.80230,-7.69709
224.69000,1.57743,-8.19311
224.70000,1.85916,-7.70030
224.71000,1.49039,-7.76215
224.72000,1.37634,-7.79613
224.73000,1.19331,-7.91966
224.74000,1.36009,-7.76007
224.75000,1.41333,-7.94833
224.76000,1.69702,-8.08327
224.77000,0.98243,-8.04399
224.78000,1.02530,-7.67392
224.79000,1.27015,-8.05624
224.80000,1.24553,-8.13546
224.81000,1.05240,-7.86963
224.82000,1.01387,-7.91675
224.83000,0.96808,-7.75008
224.84000,0.69884,-8.00133
224.85000,1.14669,-7.86629
224.86000,0.62045,-7.78892
224.87000,0.50323,-7.84306
224.88000,0.58948,-7.99897
224.89000,0.72092,-8.04230
224.90000,0.58946,-7.68144
224.91000,0.04174,-7.90154
224.92000,0.54780,-7.95141
224.93000,0.29006,-8.02476
224.94000,0.41238,-8.31563
224.95000,0.10508,-8.10579
224.96000,0.20831,-7.87992
224.97000,0.17845,-8.08732
224.98000,0.06848,-7.97082
224.99000,-0.26594,-8.00543
225.00000,-0.06736,-7.63826
225.01000,0.07481,-8.08603
225.02000,0.03533,-7.99776
225.03000,-0.09343,-8.00412
225.04000,0.12111,-7.87111
225.05000,-0.12127,-7.90609
225.06000,-0.16608,-7.99727
225.07000,-0.02232,-8.02040
225.08000,-0.70537,-8.03960
225.09000,-0.04763,-7.88721
225.10000,-0.38900,-7.76968
225.11000,-0.51606,-7.90076
225.12000,-0.56489,-7.91286
225.13000,-0.71010,-7.93545
225.14000,-0.93491,-7.99231
225.15000,-1.06669,-8.29814
225.16000,-0.96171,-7.79576
225.17000,-0.54510,-7.67954
225.18000,-1.07117,-7.86484
225.19000,-1.09760,-7.69346
225.20000,-1.17753,-7.90152
225.21000,-1.31236,-8.27665
225.22000,-0.90415,-8.12903
225.23000,-0.90901,-8.11755
225.24000,-1.26654,-7.98675
225.25000,-1.08544,-7.86670
225.26000,-1.15704,-7.69552
225.27000,-1.20282,-7.97274
225.28000,-1.35742,-7.52526
225.29000,-1.19064,-7.93672
225.30000,-1.64337,-7.81518
225.31000,-1.81407,-7.80331
225.32000,-1.43429,-7.80507
225.33000,-1.62211,-7.76538
225.34000,-1.69414,-7.84299
225.35000,-1.58406,-7.67922
225.36000,-2.02240,-7.74498
225.37000,-1.69759,-7.71042
225.38000,-1.88558,-7.54786
225.39000,-1.80340,-7.62955
225.40000,-2.13620,-7.72194
225.41000,-1.81264,-7.44012
225.42000,-2.02545,-7.43034
225.43000,-2.09055,-7.47670
225.44000,-2.04380,-7.49063
225.45000,-2.30638,-7.47161
225.46000,-1.98245,-7.69613
225.47000,-2.20577,-7.30454
225.48000,-2.42913,-7.64852
225.49000,-2.45002,-7.54483
225.50000,-2.26785,-7.72326
225.51000,-2.67457,-7.64598
225.52000,-2.80998,-7.54845
225.53000,-2.31046,-7.71211
225.54000,-2.48040,-7.73523
225.55000,-2.64259,-7.67663
225.56000,-2.79091,-7.48790
225.57000,-2.51232,-7.74988
225.58000,-2.65876,-7.37341
225.59000,-2.85545,-7.49361
225.60000,-2.74077,-7.10599
225.61000,-2.78719,-7.38229
225.62000,-3.08276,-7.57623
225.63000,-3.12940,-7.42553
225.64000,-3.16461,-7.51023
225.65000,-3.28537,-7.45248
225.66000,-3.43059,-7.05742
225.67000,-3.02583,-7.17097
225.68000,-3.21073,-7.22730
225.69000,-3.40888,-7.53475
225.70000,-3.29049,-7.50939
225.71000,-3.61078,-6.98681
225.72000,-3.42446,-7.18102
225.73000,-3.70269,-7.29806
225.74000,-3.61580,-7.06752
225.75000,-3.98135,-7.40971
225.76000,-3.44223,-6.84783
225.77000,-3.98172,-6.95749
225.78000,-3.97517,-7.18033
225.79000,-3.69356,-7.10392
225.80000,-3.91198,-6.86897
225.81000,-4.01857,-7.03154
225.82000,-3.91016,-7.04402
225.83000,-3.88858,-6.74578
225.84000,-3.75397,-6.82433
225.85000,-4.04050,-6.62437
225.86000,-3.83890,-6.70575
225.87000,-4.22377,-6.71294
225.88000,-4.14894,-6.48653
225.89000,-4.12188,-6.75611
225.90000,-4.32880,-6.52034
225.91000,-4.55383,-6.73693
225.92000,-4.58216,-6.77610
225.93000,-4.58342,-6.61549
225.94000,-4.33790,-6.85175
225.95000,-4.33774,-6.72246
225.96000,-4.69967,-6.35322
225.97000,-4.73272,-6.59066
225.98000,-4.85507,-6.54600
225.99000,-4.31771,-6.82158
226.00000,-4.52644,-6.65054
226.01000,-4.57468,-6.44343
226.02000,-4.80646,-6.53131
226.03000,-4.64463,-6.43084
226.04000,-4.76839,-6.40625
226.05000,-4.86122,-6.32176
226.06000,-4.84968,-6.18755
226.07000,-5.07330,-6.09048
226.08000,-4.94796,-6.31001
226.09000,-5.08719,-6.12805
226.10000,-5.15560,-5.98121
226.11000,-4.94954,-6.03285
226.12000,-5.10013,-6.06450
226.13000,-5.25047,-6.33538
226.14000,-5.25863,-5.65634
226.15000,-5.49152,-5.89378
226.16000,-5.11036,-5.75535
226.17000,-5.41691,-6.03461
226.18000,-5.08964,-5.55835
226.19000,-5.46644,-5.75469
226.20000,-5.56357,-5.98232
226.21000,-5.64423,-5.83929
226.22000,-5.41404,-5.47548
226.23000,-5.47407,-5.36694
226.24000,-5.10098,-5.44371
226.25000,-6.00312,-5.64336
226.26000,-5.56032,-5.82563
226.27000,-5.80733,-5.48256
226.28000,-5.68074,-5.55729
226.29000,-5.59239,-5.61503
226.30000,-5.94088,-5.15485
226.31000,-5.75450,-5.41438
226.32000,-5.84884,-5.77198
226.33000,-6.20092,-5.70778
226.34000,-5.81731,-5.31602
226.35000,-5.81443,-5.50961
226.36000,-5.88209,-5.17518
226.37000,-6.02949,-5.11937
226.38000,-6.26512,-4.83801
226.39000,-6.13389,-4.85998
226.40000,-6.06770,-5.36823
226.41000,-6.14153,-5.00634
226.42000,-6.10206,-4.90488
226.43000,-6.23461,-4.58886
226.44000,-5.97373,-4.75300
226.45000,-6.39791,-4.66638
226.46000,-6.11563,-4.93583
226.47000,-6.32666,-5.13639
226.48000,-6.30240,-4.59953
226.49000,-6.19980,-4.58102
226.50000,-6.21785,-4.90137
226.51000,-6.32794,-4.67772
226.52000,-6.57194,-4.63673
226.53000,-6.49882,-4.54612
226.54000,-6.38765,-4.52281
226.55000,-6.82475,-4.53842
226.56000,-6.45602,-4.70273
226.57000,-6.64600,-4.87236
226.58000,-6.83878,-4.26073
226.59000,-6.36539,-4.11563
226.60000,-6.78298,-4.76558
226.61000,-6.84717,-4.39261
226.62000,-6.92217,-4.38587
226.63000,-6.65197,-4.04050
226.64000,-6.66843,-3.91733
226.65000,-6.75385,-3.97808
226.66000,-7.22773,-4.05576
226.67000,-6.72592,-4.15939
226.68000,-6.80374,-3.89260
226.69000,-6.98697,-4.19455
226.70000,-7.19521,-3.40211
226.71000,-7.13344,-4.15503
226.72000,-7.00714,-3.81995
226.73000,-7.07938,-3.65649
226.74000,-7.22203,-3.73393
226.75000,-7.51506,-3.82402
226.76000,-7.12530,-3.46524
226.77000,-7.30959,-3.73295
226.78000,-7.44911,-3.65455
226.79000,-7.05459,-3.36691
226.80000,-7.42243,-3.17566
226.81000,-7.31421,-3.35453
226.82000,-7.59723,-3.38426
226.83000,-7.15555,-3.51234
226.84000,-7.19923,-3.38782
226.85000,-7.17044,-3.21598
226.86000,-7.42618,-3.17251
226.87000,-7.31085,-3.51422
226.88000,-7.39381,-2.91868
226.89000,-7.63578,-2.98105
226.90000,-7.27814,-2.80481
226.91000,-7.55044,-3.16216
226.92000,-7.48061,-2.73288
226.93000,-7.60469,-2.72174
226.94000,-7.28218,-2.90989
226.95000,-7.58879,-2.80778
226.96000,-7.74791,-2.77105
226.97000,-7.49459,-2.60579
226.98000,-7.42079,-2.76060
226.99000,-7.59546,-2.48038
227.00000,-7.52472,-2.50031
227.01000,-7.42825,-2.44779
227.02000,-7.42117,-2.37945
227.03000,-7.41655,-2.47507
227.04000,-7.47671,-2.29218
227.05000,-7.93766,-2.22116
227.06000,-7.70416,-2.31029
227.07000,-7.81126,-2.02829
227.08000,-7.65392,-2.23356
227.09000,-8.06373,-1.90617
227.10000,-7.87188,-2.01544
227.11000,-7.55668,-1.77182
227.12000,-7.79783,-1.83116
227.13000,-7.60195,-1.86472
227.14000,-7.62101,-1.49232
227.15000,-7.78034,-1.69245
227.16000,-7.80840,-1.50030
227.17000,-7.64078,-1.60647
227.18000,-7.93853,-1.66224
227.19000,-7.84839,-1.35368
227.20000,-7.78271,-1.74467
227.21000,-8.19561,-1.25671
227.22000,-7.92228,-1.51596
227.23000,-7.80819,-1.23067
227.24000,-8.09597,-1.19107
227.25000,-7.66180,-1.11879
227.26000,-7.95245,-1.17873
227.27000,-7.69996,-1.19269
227.28000,-7.97234,-1.28580
227.29000,-7.93423,-1.18813
227.30000,-8.15802,-1.29814
227.31000,-8.01698,-1.24804
227.32000,-7.76552,-0.99867
227.33000,-7.70351,-0.58881
227.34000,-7.84693,-0.64199
227.35000,-7.76762,-0.59519
227.36000,-7.82975,-0.61870
227.37000,-7.87549,-0.69631
227.38000,-7.96097,-0.93990
227.39000,-7.75015,-0.45073
227.40000,-7.88963,-0.81092
227.41000,-7.73359,-0.36383
227.42000,-8.16340,-0.32269
227.43000,-8.10969,-0.52139
227.44000,-7.83502,-0.46688
227.45000,-7.98160,-0.20708
227.46000,-8.17483,-0.48336
227.47000,-7.81745,-0.07790
227.48000,-7.91105,-0.03530
227.49000,-7.98475,-0.16023
227.50000,-7.94881,0.24688
227.51000,-7.85149,-0.12384
227.52000,-8.28036,-0.12118
227.53000,-7.84201,0.13465
227.54000,-8.05303,0.25226
227.55000,-8.21223,0.29840
227.56000,-7.98217,0.41435
227.57000,-7.77834,0.38561
227.58000,-8.04840,0.66559
227.59000,-7.80132,0.42184
227.60000,-7.75229,0.38503
227.61000,-7.93162,0.74848
227.62000,-8.02431,0.57539
227.63000,-8.21693,0.26548
227.64000,-7.97575,0.79020
227.65000,-8.03829,0.60522
227.66000,-7.83993,0.86475
227.67000,-8.14940,0.71295
227.68000,-7.84659,0.68641
227.69000,-7.74396,1.09380
227.70000,-8.08573,0.87834
227.71000,-7.80184,1.23822
227.72000,-8.02572,0.99679
227.73000,-7.69702,1.27653
227.74000,-8.04342,1.19179
227.75000,-7.83118,1.03857
227.76000,-7.73903,1.44253
227.77000,-7.95234,1.29029
227.78000,-7.90962,1.25071
227.79000,-7.82912,1.52678
227.80000,-7.99078,1.73059
227.81000,-7.90865,1.55590
227.82000,-8.03630,1.92330
227.83000,-7.69765,1.44901
227.84000,-7.45546,1.90612
227.85000,-7.78723,1.70020
227.86000,-7.83774,1.79002
227.87000,-7.89484,1.79073
227.88000,-7.98194,1.83064
227.89000,-8.02575,1.75236
227.90000,-7.74374,1.89720
227.91000,-7.77936,2.00834
227.92000,-7.32295,2.03785
227.93000,-7.69244,1.82787
227.94000,-7.77998,2.43504
227.95000,-7.74050,2.15264
227.96000,-7.43419,2.57927
227.97000,-8.06970,2.12921
227.98000,-7.77155,2.13337
227.99000,-7.58536,2.47422
228.00000,-7.22813,2.30727
228.01000,-7.69354,2.40886
228.02000,-7.59698,2.69267
228.03000,-7.58316,2.52678
228.04000,-7.26603,2.99284
228.05000,-7.81222,2.64604
228.06000,-7.35687,2.46838
228.07000,-7.65238,2.80764
228.08000,-7.35454,2.81511
228.09000,-7.42137,2.97054
228.10000,-7.63306,2.81493
228.11000,-7.65619,3.02720
228.12000,-7.40591,2.99469
228.13000,-7.54991,3.27016
228.14000,-7.36248,3.01844
228.15000,-7.48848,3.25325
228.16000,-7.45460,3.15079
228.17000,-7.28421,3.32953
228.18000,-6.90939,3.29107
228.19000,-7.30251,3.61000
228.20000,-7.27659,3.45062
228.21000,-7.26131,3.50209
228.22000,-7.43224,3.42512
228.23000,-6.94693,3.86919
228.24000,-6.98908,3.65169
228.25000,-7.21681,3.96376
228.26000,-7.01347,3.74677
228.27000,-7.10603,3.45445
228.28000,-7.12923,3.97943
228.29000,-7.02854,3.78722
228.30000,-6.96126,3.71612
228.31000,-7.00920,3.86642
228.32000,-6.95394,3.93509
228.33000,-6.83920,3.98929
228.34000,-6.43887,4.10237
228.35000,-6.77516,3.98610
228.36000,-6.96263,4.06804
228.37000,-6.63646,4.16353
228.38000,-6.89948,4.37811
228.39000,-6.36492,4.53352
228.40000,-6.79780,4.13417
228.41000,-6.76649,4.29264
228.42000,-6.42668,4.47508
228.43000,-6.60733,4.59235
228.44000,-6.72946,4.41976
228.45000,-6.40303,4.23477
228.46000,-6.89973,4.59727
228.47000,-6.55084,4.55662
228.48000,-6.50259,4.75447
228.49000,-6.21764,4.82498
228.50000,-6.46615,4.89549
228.51000,-6.13975,4.84167
228.52000,-6.41313,4.99243
228.53000,-6.59185,4.82920
228.54000,-6.27799,5.10682
228.55000,-6.57560,4.73805
228.56000,-6.69604,4.73604
228.57000,-6.10514,4.74847
228.58000,-6.20666,4.99439
228.59000,-5.87649,5.08417
228.60000,-6.30233,5.13451
228.61000,-6.41847,4.94376
228.62000,-5.97719,5.11167
228.63000,-5.92735,5.20763
228.64000,-5.87432,5.34376
228.65000,-6.05808,5.60865
228.66000,-6.02817,5.05633
228.67000,-5.72828,5.32630
228.68000,-5.89223,5.40293
228.69000,-6.03047,5.81549
228.70000,-5.56314,5.56521
228.71000,-5.91530,5.69185
228.72000,-6.01250,5.68587
228.73000,-5.59980,5.64506
228.74000,-5.31463,5.71006
228.75000,-5.62436,5.62205
228.76000,-5.61868,5.55945
228.77000,-5.70408,5.89774
228.78000,-5.69123,5.68045
228.79000,-5.57822,6.09311
228.80000,-5.48303,6.06299
228.81000,-5.63041,5.94575
228.82000,-5.34769,5.79601
228.83000,-5.36116,5.89410
228.84000,-5.45262,6.02339
228.85000,-5.19432,5.93495
228.86000,-5.00452,5.95966
228.87000,-5.09421,6.04858
228.88000,-5.27530,5.94775
228.89000,-5.03138,5.93147
228.90000,-5.07526,6.05991
228.91000,-5.06108,5.99124
228.92000,-5.18679,6.46621
228.93000,-4.87131,6.18635
228.94000,-5.05535,6.34984
228.95000,-4.43910,6.18829
228.96000,-4.73979,6.53245
228.97000,-4.95909,6.34671
228.98000,-4.97850,6.56991
228.99000,-4.93858,6.49593
229.00000,-4.71332,6.92634
229.01000,-4.49889,6.75445
229.02000,-4.68668,6.54754
229.03000,-4.32019,6.46981
229.04000,-4.67755,6.47380
229.05000,-4.72691,6.42423
229.06000,-4.33466,6.53984
229.07000,-4.24598,6.56153
229.08000,-4.59530,6.94446
229.09000,-4.52060,6.79584
229.10000,-4.49260,7.09544
229.11000,-4.35398,6.80739
229.12000,-3.99680,6.87117
229.13000,-4.07945,6.76486
229.14000,-4.05375,7.11623
229.15000,-4.17386,6.78942
229.16000,-3.99792,6.61843
229.17000,-3.93123,7.05521
229.18000,-3.99643,6.73623
229.19000,-3.83814,6.83478
229.20000,-3.46738,7.00093
229.21000,-3.50036,7.12558
229.22000,-3.65159,6.86716
229.23000,-3.96007,6.90059
229.24000,-3.74627,7.09260
229.25000,-3.66697,7.30978
229.26000,-3.79573,7.26617
229.27000,-3.50748,7.69220
229.28000,-3.07006,7.22879
229.29000,-3.59855,6.80904
229.30000,-3.41615,7.02652
229.31000,-3.21956,7.34153
229.32000,-3.01804,6.72231
229.33000,-3.09611,7.33382
229.34000,-3.22446,7.50365
229.35000,-3.00060,7.35486
229.36000,-3.09125,7.26791
229.37000,-3.02375,7.68487
229.38000,-2.75713,7.64683
229.39000,-3.06800,7.16702
229.40000,-2.86969,7.43520
229.41000,-3.09703,7.63356
229.42000,-2.76353,7.45060
229.43000,-2.60850,7.64160
229.44000,-2.72479,7.82492
229.45000,-2.90620,7.58751
229.46000,-2.81469,7.58349
229.47000,-2.51072,7.87056
229.48000,-2.89405,7.70879
229.49000,-2.68688,7.39688
229.50000,-2.08681,7.57772
229.51000,-2.32772,7.55710
229.52000,-2.19253,7.43244
229.53000,-2.13726,7.29423
229.54000,-2.15768,7.75359
229.55000,-2.16525,7.40526
229.56000,-2.33933,7.81384
229.57000,-2.35951,7.72202
229.58000,-1.68049,7.80700
229.59000,-2.23077,7.64167
229.60000,-1.97556,7.88734
229.61000,-1.91571,7.99560
229.62000,-1.65833,7.64348
229.63000,-1.94154,7.47547
229.64000,-1.67370,7.58648
229.65000,-1.48409,7.99710
229.66000,-1.40845,7.69795
229.67000,-1.76301,7.78016
229.68000,-1.69241,7.82911
229.69000,-1.77225,7.90873
229.70000,-1.73749,7.65529
229.71000,-1.27734,8.16890
229.72000,-1.44350,7.94090
229.73000,-1.41476,8.12527
229.74000,-1.12450,7.40385
229.75000,-1.16322,7.93846
229.76000,-1.19341,7.76772
229.77000,-1.17172,7.63589
229.78000,-1.08522,8.04503
229.79000,-1.04041,8.06717
229.80000,-1.09761,8.06466
229.81000,-0.80691,7.96056
229.82000,-1.06960,8.13850
229.83000,-0.60745,8.01764
229.84000,-1.02308,8.17377
229.85000,-0.57434,8.01891
229.86000,-0.83253,7.83145
229.87000,-0.83736,8.06158
229.88000,-0.65893,8.05357
229.89000,-0.76318,7.89099
229.90000,-0.37169,7.85229
229.91000,-0.41005,8.31227
229.92000,-0.42702,8.14772
229.93000,-0.65581,7.64040
229.94000,-0.42461,8.28289
229.95000,-0.37415,7.78580
229.96000,-0.13381,7.86716
229.97000,0.05565,8.00520
229.98000,0.07340,7.98187
229.99000,0.01431,8.18288
230.00000,-0.00242,8.19557
230.01000,-0.22392,7.95117
230.02000,0.09435,7.94830
230.03000,0.02593,7.73760
230.04000,0.00699,7.76813
230.05000,0.01108,8.02276
230.06000,0.45983,8.17269
230.07000,0.48930,7.84406
230.08000,0.67648,8.07971
230.09000,0.63474,7.97597
230.10000,0.44009,7.74065
230.11000,0.53602,7.73223
230.12000,0.78001,8.25703
230.13000,0.71321,7.94151
230.14000,0.65078,8.23494
230.15000,0.87289,7.88159
230.16000,0.58617,8.05937
230.17000,0.79625,7.72632
230.18000,0.39631,7.93298
230.19000,1.09809,7.93325
230.20000,0.72177,7.81313
230.21000,1.05754,7.98859
230.22000,1.30709,7.91501
230.23000,1.19287,7.87880
230.24000,1.14711,7.95488
230.25000,0.88321,7.94898
230.26000,1.34673,7.62838
230.27000,1.45751,7.74479
230.28000,1.16331,8.08865
230.29000,1.60365,7.58112
230.30000,1.38751,7.86957
230.31000,1.68005,7.93349
230.32000,1.38479,7.74550
230.33000,1.71711,7.58723
230.34000,1.89700,8.10867
230.35000,1.72741,7.87307
230.36000,1.83819,7.81449
230.37000,1.81196,7.84250
230.38000,1.74599,7.86928
230.39000,1.84327,7.49627
230.40000,1.86009,7.45777
230.41000,2.02893,7.74957
230.42000,1.96471,7.55973
230.43000,2.07132,7.65528
230.44000,2.24606,7.48989
230.45000,2.15881,7.98970
230.46000,2.28121,7.37485
230.47000,2.11730,7.72645
230.48000,2.27535,7.82906
230.49000,2.35777,7.22924
230.50000,2.25827,7.81805
230.51000,2.45985,7.35607
230.52000,2.56000,7.45663
230.53000,2.23498,7.36109
230.54000,2.72973,7.49193
230.55000,2.50194,7.16470
230.56000,2.73205,7.66876
230.57000,2.75557,7.46312
230.58000,2.64034,7.46710
230.59000,2.71846,7.53930
230.60000,2.70031,7.80620
230.61000,3.02516,7.56647
230.62000,2.90502,7.44470
230.63000,3.41736,7.54398
230.64000,3.04235,7.46680
230.65000,3.39410,7.33683
230.66000,2.98752,7.40999
230.67000,3.28074,7.50128
230.68000,3.41572,7.28862
230.69000,3.26268,7.44847
230.70000,3.47391,7.48371
230.71000,3.61966,7.27841
230.72000,3.54818,7.39740
230.73000,3.59391,7.13666
230.74000,3.87618,7.10881
230.75000,3.79985,6.93670
230.76000,3.82147,7.27141
230.77000,3.40361,7.13864
230.78000,3.71186,7.07641
230.79000,3.88993,7.05254
230.80000,4.03207,7.37936
230.81000,3.97401,7.18443
230.82000,3.98677,6.84557
230.83000,4.07305,6.34427
230.84000,4.00318,7.07579
230.85000,4.29105,6.91632
230.86000,3.90104,7.16453
230.87000,4.00376,6.62036
230.88000,4.20068,6.68913
230.89000,4.38176,7.02897
230.90000,4.21826,6.69824
230.91000,4.29114,6.66521
230.92000,4.18242,6.76216
230.93000,4.19227,6.72956
230.94000,4.58809,6.85912
230.95000,4.57743,6.84764
230.96000,4.36973,6.65072
230.97000,5.02411,6.46985
230.98000,4.51531,6.23330
230.99000,4.60151,6.47853
231.00000,4.95019,6.20157
231.01000,4.69271,6.35195
231.02000,4.65238,6.33541
231.03000,4.86621,6.36685
231.04000,4.88312,6.09609
231.05000,4.91316,6.53789
231.06000,5.11715,6.16128
231.07000,5.41997,6.19856
231.08000,4.84546,6.49058
231.09000,4.59590,6.37901
231.10000,5.19978,6.23793
231.11000,5.49888,6.02989
231.12000,5.04410,6.09590
231.13000,5.30513,6.31989
231.14000,5.25148,6.11841
231.15000,5.24326,5.98012
231.16000,5.15966,5.97285
231.17000,5.31106,5.88117
231.18000,5.32066,5.90631
231.19000,5.48405,5.68946
231.20000,5.61398,5.83432
231.21000,5.56471,5.84614
231.22000,5.38056,5.75095
231.23000,5.11741,5.86773
231.24000,5.63921,5.52605
231.25000,5.48593,5.62873
231.26000,5.90263,5.61089
231.27000,5.69563,5.63622
231.28000,5.27867,5.58684
231.29000,5.76008,5.60265
231.30000,5.75138,5.27032
231.31000,6.17508,5.51913
231.32000,5.77911,5.54917
231.33000,5.77300,5.20202
231.34000,5.80344,5.41559
231.35000,5.87876,5.37699
231.36000,6.40840,5.49501
231.37000,6.46180,5.35262
231.38000,5.97551,5.16922
231.39000,6.23980,5.06366
231.40000,6.22723,5.43646
231.41000,6.25646,4.81864
231.42000,6.13404,5.17742
231.43000,5.97697,5.14865
231.44000,6.43062,4.87883
231.45000,6.19882,4.79097
231.46000,6.63544,5.16133
231.47000,6.31829,4.83979
231.48000,6.23637,4.72502
231.49000,6.42550,4.97686
231.50000,6.17252,4.80338
231.51000,6.27530,4.93510
231.52000,6.27271,4.70201
231.53000,6.25866,4.49756
231.54000,6.82240,4.71347
231.55000,6.61602,4.45181
231.56000,6.73295,4.55326
231.57000,6.35169,4.36836
231.58000,6.77481,4.33850
231.59000,6.75574,4.57061
231.60000,6.86575,4.41742
231.61000,6.92595,4.69122
231.62000,6.84335,4.43171
231.63000,7.11262,4.13337
231.64000,6.79149,4.14957
231.65000,7.07775,3.83884
231.66000,6.91303,4.41188
231.67000,6.99749,4.12550
231.68000,7.18568,4.19882
231.69000,7.19734,4.01812
231.70000,7.18236,4.01199
231.71000,6.94132,3.62041
231.72000,7.04371,3.62214
231.73000,6.97532,3.41076
231.74000,7.27591,3.53559
231.75000,7.28667,3.29447
231.76000,7.05229,3.62113
231.77000,6.83828,3.22864
231.78000,7.19015,3.42813
231.79000,6.99470,3.78293
231.80000,7.50904,3.39993
231.81000,7.34888,3.33060
231.82000,7.33827,3.38132
231.83000,7.38137,3.57603
231.84000,7.30433,3.27509
231.85000,7.23939,3.13016
231.86000,7.49676,3.22463
231.87000,7.40441,3.04042
231.88000,7.28082,3.07705
231.89000,7.56242,2.75529
231.90000,7.41462,3.03504
231.91000,6.94651,2.96637
231.92000,7.53879,2.90299
231.93000,7.64990,2.61296
231.94000,7.46347,2.63464
231.95000,7.33163,2.39837
231.96000,7.44063,2.81993
231.97000,7.57286,2.78708
231.98000,7.75711,2.66921
231.99000,7.81855,2.65735
232.00000,7.70143,2.30203
232.01000,7.52029,2.42744
232.02000,7.55931,2.33266
232.03000,7.81581,2.20991
232.04000,7.62776,2.65646
232.05000,8.22440,2.08529
232.06000,7.38551,2.12947
232.07000,7.49358,2.24015
232.08000,7.67451,2.32940
232.09000,7.46102,2.04099
232.10000,7.69714,2.16702
232.11000,7.75692,1.70133
232.12000,7.73249,1.66472
232.13000,7.62844,2.23573
232.14000,7.47841,1.84142
232.15000,8.45268,1.92383
232.16000,8.09635,2.16620
232.17000,7.99451,1.91215
232.18000,8.11561,1.63394
232.19000,7.71976,1.77328
232.20000,7.92305,1.57442
232.21000,7.98025,1.63187
232.22000,7.49748,1.29836
232.23000,8.07749,1.31901
232.24000,7.96150,1.32680
232.25000,7.56434,1.60614
232.26000,8.10209,1.55212
232.27000,8.10956,1.05923
232.28000,7.93520,1.18127
232.29000,7.97734,1.19496
232.30000,7.84896,1.20553
232.31000,8.33245,1.03360
232.32000,7.74495,0.78971
232.33000,7.70649,0.99792
232.34000,8.07842,0.29599
232.35000,8.26678,0.48727
232.36000,8.01735,0.75518
232.37000,8.20330,0.68791
232.38000,7.85371,0.38033
232.39000,7.90655,0.51566
232.40000,8.15049,0.42267
232.41000,8.23743,0.33880
232.42000,8.09834,0.20825
232.43000,8.03947,0.68864
232.44000,7.49311,0.12634
232.45000,7.71918,0.21982
232.46000,8.26957,0.12088
232.47000,7.92482,0.54221
232.48000,7.96443,-0.15486
232.49000,7.70331,0.38821
232.50000,7.88300,-0.07846
232.51000,8.00014,-0.40392
232.52000,7.94742,-0.10808
232.53000,7.72805,-0.26345
232.54000,7.99293,-0.14064
232.55000,7.68411,-0.24281
232.56000,8.29920,-0.54735
232.57000,7.85052,-0.46755
232.58000,8.03694,-0.50264
232.59000,8.01569,-0.30947
232.60000,7.81502,-0.46055
232.61000,7.77589,-0.66481
232.62000,7.82866,-0.55964
232.63000,8.01117,-0.65659
232.64000,7.86208,-0.54801
232.65000,8.00742,-0.85313
232.66000,7.95039,-0.79593
232.67000,8.20099,-1.07998
232.68000,8.05225,-0.74716
232.69000,7.89094,-0.84875
232.70000,7.99744,-0.83777
232.71000,8.04264,-0.96649
232.72000,7.67339,-1.53234
232.73000,7.74818,-1.06508
232.74000,7.81159,-1.36987
232.75000,7.97402,-1.28201
232.76000,8.18749,-1.30916
232.77000,7.86299,-1.14865
232.78000,8.12134,-1.28026
232.79000,7.98238,-1.68334
232.80000,8.37379,-1.51051
232.81000,7.80612,-1.56069
232.82000,7.88553,-1.81024
232.83000,7.93514,-1.59278
232.84000,7.94390,-2.08357
232.85000,7.72492,-1.58566
232.86000,7.95226,-2.02310
232.87000,7.70456,-2.03373
232.88000,7.91127,-1.86820
232.89000,7.75441,-1.73679
232.90000,7.64606,-2.18522
232.91000,7.60400,-2.00058
232.92000,7.92856,-1.97137
232.93000,7.66219,-1.87168
232.94000,7.65574,-2.24116
232.95000,7.74388,-1.98109
232.96000,7.80393,-2.22457
232.97000,7.11836,-2.34952
232.98000,7.60615,-2.02111
232.99000,7.68516,-2.47226
233.00000,7.58362,-2.31505
233.01000,7.68891,-2.46315
233.02000,7.53710,-2.56451
233.03000,7.71964,-2.42172
233.04000,7.56479,-2.73005
233.05000,7.50497,-2.71981
233.06000,7.85302,-2.66801
233.07000,7.42852,-2.95944
233.08000,7.26740,-2.88421
233.09000,7.28836,-3.04784
233.10000,7.62755,-2.83230
233.11000,7.28945,-3.27830
233.12000,6.94697,-2.88205
233.13000,7.29823,-3.13182
233.14000,7.50381,-2.74881
233.15000,7.36276,-3.42982
233.16000,7.65465,-2.98951
233.17000,7.37040,-3.03589
233.18000,7.21275,-3.24743
233.19000,7.25845,-3.32654
233.20000,7.07575,-3.19131
233.21000,7.18089,-3.35831
233.22000,7.28042,-3.36484
233.23000,7.01823,-3.73582
233.24000,7.18535,-3.69147
233.25000,7.06733,-3.57973
233.26000,7.14281,-3.45117
233.27000,7.18649,-3.81497
233.28000,7.10330,-3.95696
233.29000,7.09923,-3.74676
233.30000,7.05957,-3.98403
233.31000,6.93783,-3.85272
233.32000,6.83542,-4.21137
233.33000,7.06146,-3.65597
233.34000,6.87448,-3.77748
233.35000,6.92311,-3.77418
233.36000,6.93340,-3.93828
233.37000,6.87195,-4.44783
233.38000,6.96290,-3.82595
233.39000,6.71516,-4.12707
233.40000,6.70568,-4.40134
233.41000,6.80248,-4.05388
233.42000,6.77005,-4.67921
233.43000,6.81656,-4.63523
233.44000,6.83507,-4.57231
233.45000,6.70698,-4.65512
233.46000,6.46794,-4.36878
233.47000,6.39844,-4.64475
233.48000,6.44823,-4.84663
233.49000,6.28015,-4.60298
233.50000,6.33601,-4.70390
233.51000,6.59322,-4.61194
233.52000,6.29918,-4.96767
233.53000,6.42011,-5.22705
233.54000,6.23062,-5.00028
233.55000,6.33514,-5.28844
233.56000,6.46747,-5.07222
233.57000,5.65342,-4.41980
233.58000,6.33321,-5.00274
233.59000,6.18320,-4.83010
233.60000,6.21022,-4.95281
233.61000,6.30600,-5.16845
233.62000,6.06520,-5.06589
233.63000,6.02987,-5.05610
233.64000,5.85653,-5.10250
233.65000,6.22204,-5.13590
233.66000,6.01515,-5.31511
233.67000,5.52916,-5.54317
233.68000,5.83245,-5.53743
233.69000,5.82549,-5.46696
233.70000,5.92328,-5.21650
233.71000,5.94440,-5.50471
233.72000,5.87200,-5.19018
233.73000,5.63492,-5.77279
233.74000,5.60730,-5.57146
233.75000,5.69198,-5.59408
233.76000,5.66757,-5.47476
233.77000,5.69180,-5.92331
233.78000,5.24979,-5.93105
233.79000,5.63711,-5.66726
233.80000,5.26985,-6.00119
233.81000,5.17240,-5.91905
233.82000,5.36714,-5.65947
233.83000,5.25862,-5.78301
233.84000,5.68455,-6.17939
233.85000,5.20362,-6.15992
233.86000,5.16965,-5.97837
233.87000,5.20500,-6.15345
233.88000,5.11306,-6.10938
233.89000,5.06778,-5.99905
233.90000,5.02339,-6.05041
233.91000,4.76727,-5.94925
233.92000,5.15921,-6.65054
233.93000,5.25730,-6.19644
233.94000,4.85538,-6.06183
233.95000,4.97742,-6.47661
233.96000,4.82835,-6.42808
233.97000,4.68405,-6.55145
233.98000,4.42433,-6.50519
233.99000,5.18670,-6.79217
234.00000,4.48918,-6.21418
234.01000,4.67029,-6.60673
234.02000,4.64324,-6.52006
234.03000,4.97576,-6.61940
234.04000,4.55990,-6.49701
234.05000,4.55976,-6.93322
234.06000,4.20121,-6.63308
234.07000,4.44298,-6.54815
234.08000,4.42215,-6.73850
234.09000,4.25855,-6.46886
234.10000,4.16216,-6.80372
234.11000,4.20895,-6.55804
234.12000,4.18032,-6.87514
234.13000,4.09131,-6.68944
234.14000,4.26167,-6.82058
234.15000,4.26409,-6.88354
234.16000,3.91185,-6.48371
234.17000,3.86598,-6.74417
234.18000,4.07474,-6.94184
234.19000,4.08696,-6.63665
234.20000,3.71129,-7.02262
234.21000,3.89143,-7.13873
234.22000,3.48828,-7.00854
234.23000,3.99142,-6.88918
234.24000,3.89606,-7.37020
234.25000,3.81608,-7.45381
234.26000,3.73845,-7.10480
234.27000,3.44369,-7.47244
234.28000,3.97289,-7.30340
234.29000,3.23033,-7.24780
234.30000,3.58009,-7.20619
234.31000,3.33266,-7.25143
234.32000,3.55260,-7.35228
234.33000,3.62161,-7.35803
234.34000,3.22722,-7.43650
234.35000,3.75793,-7.35644
234.36000,3.25456,-7.61480
234.37000,3.11653,-7.43507
234.38000,2.95471,-7.19801
234.39000,2.74741,-7.44699
234.40000,2.86334,-7.64131
234.41000,2.64896,-7.40194
234.42000,3.00459,-7.67282
234.43000,2.81642,-7.45713
234.44000,3.03157,-7.51308
234.45000,2.82630,-7.46431
234.46000,2.92273,-7.60277
234.47000,2.76247,-7.40398
234.48000,2.48815,-7.55231
234.49000,2.35513,-7.69079
234.50000,2.58735,-7.68154
234.51000,2.43108,-7.30284
234.52000,2.11723,-7.38528
234.53000,2.48516,-7.46161
234.54000,2.39941,-7.46594
234.55000,2.06775,-7.95724
234.56000,2.33399,-7.62201
234.57000,2.09975,-7.76200
234.58000,2.20265,-7.68431
234.59000,1.87211,-7.72666
234.60000,1.81195,-7.60464
234.61000,1.94939,-7.74238
234.62000,2.18388,-7.86111
234.63000,1.97117,-7.95075
234.64000,2.03192,-7.84934
234.65000,1.76149,-7.87768
234.66000,1.61554,-7.68986
234.67000,1.44021,-8.00883
234.68000,1.78052,-7.79671
234.69000,1.47911,-7.72541
234.70000,1.48019,-7.52650
234.71000,1.36735,-7.81593
234.72000,1.68689,-7.72060
234.73000,1.33657,-8.23654
234.74000,1.25353,-8.11187
234.75000,1.15444,-7.74754
234.76000,1.07312,-8.13495
234.77000,0.97709,-7.85524
234.78000,0.99437,-8.07153
234.79000,1.17592,-7.88252
234.80000,1.35248,-8.03824
234.81000,1.51209,-7.97484
234.82000,0.89332,-7.91010
234.83000,0.73910,-8.08890
234.84000,0.83055,-7.85049
234.85000,0.66528,-8.21182
234.86000,0.75231,-7.56662
234.87000,0.52267,-7.71916
234.88000,0.30077,-7.86273
234.89000,0.57855,-7.83628
234.90000,0.68532,-8.18554
234.91000,0.34082,-7.89875
234.92000,0.85381,-7.96955
234.93000,0.18045,-7.98529
234.94000,0.28953,-8.07690
234.95000,0.14295,-8.20107
234.96000,0.33839,-8.07970
234.97000,0.22610,-7.84776
234.98000,0.02480,-8.13036
234.99000,0.10721,-7.85431
235.00000,-0.22627,-8.03379
235.01000,-0.18050,-8.14980
235.02000,-0.00799,-7.94152
235.03000,-0.11361,-7.75992
235.04000,-0.16110,-7.69159
235.05000,-0.15337,-8.13013
235.06000,-0.17268,-7.83545
235.07000,-0.27294,-8.07155
235.08000,-0.63491,-7.73550
235.09000,-0.34983,-7.86877
235.10000,-0.71773,-8.29526
235.11000,-0.73527,-8.07855
235.12000,-0.50205,-7.97032
235.13000,-0.72076,-8.04079
235.14000,-0.70400,-8.22703
235.15000,-0.81029,-7.94250
235.16000,-0.85339,-8.21331
235.17000,-1.03489,-7.98577
235.18000,-0.84433,-7.81223
235.19000,-1.12640,-8.24133
235.20000,-0.79634,-7.32369
235.21000,-1.21911,-7.92983
235.22000,-0.93747,-7.79042
235.23000,-1.37095,-8.05186
235.24000,-1.50922,-8.23920
235.25000,-1.28234,-7.67589
235.26000,-1.19602,-7.92244
235.27000,-1.10374,-7.65712
235.28000,-1.19978,-8.22369
235.29000,-1.42729,-7.94743
235.30000,-1.16441,-7.62393
235.31000,-1.79704,-7.69753
235.32000,-1.69609,-7.83467
235.33000,-1.76413,-7.92613
235.34000,-2.01357,-7.67336
235.35000,-1.59987,-8.03692
235.36000,-1.79522,-7.76683
235.37000,-1.66140,-7.54676
235.38000,-1.61841,-7.63490
235.39000,-1.85536,-7.73221
235.40000,-1.90301,-7.34658
235.41000,-1.98646,-7.71928
235.42000,-2.14532,-7.54529
235.43000,-2.47899,-7.81985
235.44000,-2.10506,-7.55408
235.45000,-2.17610,-7.38579
235.46000,-2.00214,-7.71858
235.47000,-2.19285,-7.68730
235.48000,-2.23403,-7.40959
235.49000,-2.44831,-7.62923
235.50000,-2.39987,-7.51544
235.51000,-2.44047,-7.48051
235.52000,-2.87951,-7.36627
235.53000,-2.61616,-7.88215
235.54000,-2.58567,-7.11883
235.55000,-2.38739,-7.45481
235.56000,-2.49119,-7.55284
235.57000,-2.57527,-7.42202
235.58000,-2.97685,-7.01666
235.59000,-3.15944,-7.29858
235.60000,-2.81433,-7.48086
235.61000,-3.12412,-7.67929
235.62000,-2.88379,-7.73150
235.63000,-3.02379,-7.11825
235.64000,-3.07627,-7.06875
235.65000,-3.08801,-7.65377
235.66000,-2.81138,-7.45187
235.67000,-3.15637,-7.28191
235.68000,-3.23235,-6.98421
235.69000,-3.16598,-7.03680
235.70000,-3.57121,-7.27901
235.71000,-3.42193,-7.11579
235.72000,-3.32626,-7.27240
235.73000,-3.35971,-6.90195
235.74000,-3.77035,-7.02429
235.75000,-3.75245,-7.21901
235.76000,-3.84711,-6.89217
235.77000,-4.01353,-6.89864
235.78000,-3.98366,-6.89992
235.79000,-4.08025,-6.95396
235.80000,-3.71225,-7.10306
235.81000,-3.92226,-6.88810
235.82000,-3.98355,-6.98605
235.83000,-3.71685,-7.06132
235.84000,-4.39853,-6.69798
235.85000,-4.25745,-6.93776
235.86000,-4.24834,-7.16731
235.87000,-4.39072,-7.01082
235.88000,-4.07184,-6.95369
235.89000,-4.47332,-6.79628
235.90000,-4.24559,-6.79692
235.91000,-4.29972,-6.61501
235.92000,-4.14756,-6.74243
235.93000,-4.16389,-6.58735
235.94000,-4.78511,-6.71380
235.95000,-4.23940,-6.37030
235.96000,-4.40239,-6.75807
235.97000,-4.20221,-6.39789
235.98000,-4.71992,-6.42543
235.99000,-4.80781,-6.30497
236.00000,-4.82351,-6.65330
236.01000,-4.77115,-6.32050
236.02000,-4.43530,-6.53610
236.03000,-4.74472,-6.36294
236.04000,-4.90580,-6.18560
236.05000,-4.99149,-6.44853
236.06000,-5.12751,-6.22440
236.07000,-4.87170,-6.32544
236.08000,-4.92284,-5.90262
236.09000,-4.45622,-6.30595
236.10000,-5.64659,-6.13486
236.11000,-4.94898,-6.27955
236.12000,-5.27407,-5.96138
236.13000,-5.07828,-6.10473
236.14000,-5.58669,-6.16803
236.15000,-5.25761,-5.77157
236.16000,-5.26190,-6.27845
236.17000,-5.62628,-5.71544
236.18000,-5.13010,-5.67436
236.19000,-5.65575,-5.80382
236.20000,-5.16898,-6.07888
236.21000,-5.49495,-5.53647
236.22000,-5.53658,-5.55304
236.23000,-5.63609,-5.83956
236.24000,-5.83249,-5.69322
236.25000,-5.75971,-5.30679
236.26000,-5.56136,-5.88650
236.27000,-6.10498,-5.72695
236.28000,-5.88401,-5.73957
236.29000,-5.72657,-5.53638
236.30000,-5.69918,-5.38454
236.31000,-6.10140,-5.19542
236.32000,-5.71982,-5.46371
236.33000,-5.70099,-5.34110
236.34000,-5.91475,-5.63709
236.35000,-6.00712,-5.29596
236.36000,-5.88878,-5.30556
236.37000,-6.17509,-5.16803
236.38000,-6.41425,-5.07167
236.39000,-5.82044,-5.32297
236.40000,-6.25387,-4.90280
236.41000,-5.81979,-5.22392
236.42000,-6.02430,-4.79386
236.43000,-6.18677,-5.03092
236.44000,-6.36222,-5.16985
236.45000,-6.29894,-4.95366
236.46000,-6.19735,-4.77322
236.47000,-6.08585,-4.55951
236.48000,-6.51318,-4.86317
236.49000,-6.75240,-4.56482
236.50000,-6.43535,-4.73942
236.51000,-6.25759,-4.58464
236.52000,-6.58432,-4.78704
236.53000,-6.99910,-4.31673
236.54000,-6.49622,-4.52507
236.55000,-6.83355,-4.44912
236.56000,-6.61752,-4.88528
236.57000,-6.52505,-4.50266
236.58000,-6.61118,-4.33097
236.59000,-6.89885,-4.41581
236.60000,-6.84237,-4.21364
236.61000,-6.80185,-4.55164
236.62000,-7.08662,-4.32927
236.63000,-6.69589,-3.99417
236.64000,-6.64266,-3.93950
236.65000,-7.18805,-4.05904
236.66000,-6.83936,-3.87546
236.67000,-6.79835,-3.92239
236.68000,-7.10813,-3.87736
236.69000,-6.74258,-3.95654
236.70000,-6.67983,-3.94549
236.71000,-6.71519,-3.40043
236.72000,-7.11951,-3.77022
236.73000,-7.16829,-3.80668
236.74000,-7.33519,-3.42329
236.75000,-7.17047,-3.85340
236.76000,-7.19111,-3.66125
236.77000,-6.68004,-3.52201
236.78000,-6.91659,-3.61490
236.79000,-7.42724,-3.48499
236.80000,-7.39510,-3.55638
236.81000,-7.48633,-3.34910
236.82000,-7.37861,-3.14241
236.83000,-7.33081,-3.31229
236.84000,-7.21085,-3.00440
236.85000,-7.05552,-3.40404
236.86000,-7.39084,-3.14284
236.87000,-7.26113,-2.63080
236.88000,-7.35004,-2.64237
236.89000,-7.61811,-2.92175
236.90000,-7.15287,-3.06943
236.91000,-6.90025,-2.65825
236.92000,-7.37147,-2.83931
236.93000,-7.88145,-2.86607
236.94000,-7.72253,-2.61635
236.95000,-7.66742,-2.82289
236.96000,-7.26696,-2.64080
236.97000,-8.07145,-2.32765
236.98000,-7.68351,-2.17651
236.99000,-7.35041,-2.48596
237.00000,-7.70240,-2.72829
237.01000,-7.61060,-2.28466
237.02000,-8.01538,-2.33989
237.03000,-7.79657,-2.32913
237.04000,-7.55110,-2.17870
237.05000,-7.65729,-2.13937
237.06000,-7.42177,-1.92622
237.07000,-7.77661,-1.77665
237.08000,-7.35843,-2.16662
237.09000,-7.85809,-1.99037
237.10000,-7.70677,-1.83670
237.11000,-7.76558,-2.02261
237.12000,-7.93362,-2.14726
237.13000,-7.89299,-1.86507
237.14000,-7.58135,-2.01567
237.15000,-7.90535,-1.75562
237.16000,-7.63288,-1.80098
237.17000,-7.80192,-1.50809
237.18000,-7.88921,-1.55598
237.19000,-7.68633,-1.68062
237.20000,-7.93080,-1.56938
237.21000,-7.89320,-1.29719
237.22000,-7.83571,-1.48913
237.23000,-7.86018,-1.28006
237.24000,-7.83724,-1.20889
237.25000,-7.46653,-1.11038
237.26000,-8.05565,-1.04274
237.27000,-7.98550,-1.40588
237.28000,-7.81635,-1.37488
237.29000,-8.19698,-0.84810
237.30000,-7.67100,-1.16546
237.31000,-7.66690,-0.81025
237.32000,-7.71348,-0.97754
237.33000,-8.16273,-0.57061
237.34000,-7.91813,-0.89437
237.35000,-8.33221,-0.61084
237.36000,-7.99752,-0.72697
237.37000,-8.17421,-0.68914
237.38000,-8.14801,-0.43689
237.39000,-8.27222,-0.69260
237.40000,-7.95192,-0.52037
237.41000,-7.74941,-0.26449
237.42000,-8.13986,-0.67958
237.43000,-7.73134,0.02786
237.44000,-8.21940,-0.10627
237.45000,-7.79118,-0.27747
237.46000,-7.85907,-0.18953
237.47000,-8.10292,0.19492
237.48000,-8.26112,-0.19710
237.49000,-7.77131,-0.42245
237.50000,-8.06637,-0.07300
237.51000,-8.43499,0.20942
237.52000,-7.95222,0.18335
237.53000,-8.09930,-0.02873
237.54000,-8.00687,0.34627
237.55000,-7.81941,0.23817
237.56000,-8.24890,0.07296
237.57000,-8.16953,0.66576
237.58000,-8.36771,0.18532
237.59000,-8.05756,0.29353
237.60000,-8.20309,0.26970
237.61000,-7.76493,0.55785
237.62000,-8.00266,0.44134
237.63000,-7.63999,0.85131
237.64000,-8.04951,0.83923
237.65000,-7.98653,0.86285
237.66000,-7.93096,1.04977
237.67000,-8.29532,0.84505
237.68000,-8.06145,1.16124
237.69000,-8.14541,0.98524
237.70000,-8.18670,1.08865
237.71000,-7.78526,1.15284
237.72000,-7.76653,1.50394
237.73000,-7.86655,1.65288
237.74000,-7.65649,1.45755
237.75000,-7.98505,1.45775
237.76000,-7.85311,1.46415
237.77000,-7.98735,0.93046
237.78000,-7.94670,1.46738
237.79000,-7.80736,1.11040
237.80000,-8.16673,1.61324
237.81000,-7.68814,1.15492
237.82000,-7.79732,1.65067
237.83000,-7.65888,1.42132
237.84000,-7.89616,1.78478
237.85000,-7.74902,1.65340
237.86000,-7.92307,1.81896
237.87000,-7.73463,1.82944
237.88000,-7.43737,1.88234
237.89000,-7.69051,2.00207
237.90000,-7.76842,2.17282
237.91000,-7.88078,2.13682
237.92000,-8.03684,1.92068
237.93000,-7.64851,1.96915
237.94000,-7.50488,2.17430
237.95000,-7.54006,2.49502
237.96000,-8.01269,2.50523
237.97000,-7.61696,2.17917
237.98000,-7.75084,2.53739
237.99000,-7.79486,2.59237
238.00000,-7.71214,2.57258
238.01000,-7.58509,2.54403
238.02000,-7.37869,2.73300
238.03000,-7.92415,2.72546
238.04000,-7.44877,2.67758
238.05000,-7.49587,2.60755
238.06000,-7.55616,2.82484
238.07000,-7.45909,2.54741
238.08000,-7.24366,2.48793
238.09000,-7.42713,3.00063
238.10000,-7.45176,3.04506
238.11000,-7.31324,2.97843
238.12000,-7.30456,2.65800
238.13000,-7.48404,3.13335
238.14000,-7.60074,3.08636
238.15000,-7.65418,3.08397
238.16000,-7.44262,3.40083
238.17000,-7.41789,3.03166
238.18000,-7.20977,3.40575
238.19000,-7.09145,3.20665
238.20000,-7.45596,3.60224
238.21000,-7.04227,3.47654
238.22000,-7.03262,3.17865
238.23000,-7.11976,3.67711
238.24000,-7.91357,3.67441
238.25000,-7.18582,3.34796
238.26000,-7.75853,3.89890
238.27000,-7.04985,3.48558
238.28000,-7.01648,3.69466
238.29000,-7.13336,3.94432
238.30000,-6.80075,3.79414
238.31000,-7.15504,3.75633
238.32000,-6.66479,3.91997
238.33000,-6.80829,4.02797
238.34000,-6.69372,3.87888
238.35000,-6.62672,4.11362
238.36000,-6.80162,3.88270
238.37000,-6.97465,4.21867
238.38000,-7.01532,4.19475
238.39000,-6.34796,4.02812
238.40000,-6.48449,3.89415
238.41000,-6.88816,4.56071
238.42000,-6.73783,4.33552
238.43000,-6.80948,4.16043
238.44000,-6.60511,4.26545
238.45000,-6.70167,4.54315
238.46000,-6.63387,4.49299
238.47000,-6.53960,4.42979
238.48000,-6.42739,4.60972
238.49000,-6.33137,4.56762
238.50000,-6.57972,4.46003
238.51000,-6.39558,4.95136
238.52000,-6.29557,5.12613
238.53000,-6.18319,4.92221
238.54000,-6.25282,5.27495
238.55000,-6.58902,4.83343
238.56000,-6.29541,5.06537
238.57000,-6.27462,5.00012
238.58000,-5.76707,5.21960
238.59000,-6.34861,5.07408
238.60000,-6.23645,5.36079
238.61000,-5.74516,5.27675
238.62000,-5.94062,5.16242
238.63000,-5.83208,5.21771
238.64000,-6.10292,5.56173
238.65000,-6.08327,5.20859
238.66000,-6.04809,5.21039
238.67000,-5.86278,5.47367
238.68000,-6.00803,5.19369
238.69000,-5.78842,5.35934
238.70000,-6.06478,5.44932
238.71000,-5.69638,5.50090
238.72000,-5.95974,5.53486
238.73000,-5.84815,5.54664
238.74000,-6.07462,5.73122
238.75000,-5.25900,5.22296
238.76000,-5.72929,5.46347
238.77000,-5.60327,5.77554
238.78000,-5.66502,5.64814
238.79000,-5.46670,6.09761
238.80000,-5.36965,5.51939
238.81000,-5.48999,5.97471
238.82000,-5.41234,5.76566
238.83000,-5.68950,6.43549
238.84000,-5.06915,5.94876
238.85000,-5.31099,6.33497
238.86000,-5.07445,6.01469
238.87000,-5.32541,5.86101
238.88000,-5.01176,6.07594
238.89000,-5.10232,6.23864
238.90000,-5.21326,6.20196
238.91000,-5.04240,6.17208
238.92000,-5.28485,6.14083
238.93000,-4.80713,6.18163
238.94000,-4.48999,6.60520
238.95000,-4.76320,6.14893
238.96000,-4.69771,6.44835
238.97000,-4.89150,6.43650
238.98000,-4.86405,6.50411
238.99000,-4.49613,6.65084
239.00000,-4.81376,6.51295
239.01000,-4.28736,6.27015
239.02000,-4.56671,6.80965
239.03000,-4.70032,6.42744
239.04000,-4.50857,6.58333
239.05000,-4.37799,6.38178
239.06000,-4.10083,6.54869
239.07000,-4.27800,6.92099
239.08000,-4.56064,6.53770
239.09000,-4.10020,6.74436
239.10000,-4.34877,6.74048
239.11000,-4.33890,6.57930
239.12000,-4.18005,7.15955
239.13000,-4.38385,7.00557
239.14000,-3.90230,6.79113
239.15000,-3.74118,7.07053
239.16000,-3.99090,6.80072
239.17000,-3.99123,7.00400
239.18000,-3.95049,6.99827
239.19000,-3.72646,7.10485
239.20000,-3.85011,6.96282
239.21000,-3.80687,6.88912
239.22000,-3.99287,6.83915
239.23000,-3.65332,7.07153
239.24000,-3.75978,7.14830
239.25000,-3.46757,6.99486
239.26000,-3.60413,7.06567
239.27000,-3.56071,6.90673
239.28000,-3.55930,7.00481
239.29000,-3.48173,6.75901
239.30000,-3.22484,7.22005
239.31000,-3.36598,7.23402
239.32000,-3.34786,7.48181
239.33000,-3.30440,7.18450
239.34000,-3.26365,7.25909
239.35000,-3.33358,7.22215
239.36000,-2.83402,7.22047
239.37000,-2.93341,7.50780
239.38000,-2.97189,7.25400
239.39000,-3.02650,7.35637
239.40000,-2.82685,7.56403
239.41000,-3.03339,7.38002
239.42000,-2.83088,7.56254
239.43000,-2.73288,7.35223
239.44000,-2.85979,7.42760
239.45000,-2.61903,7.64434
239.46000,-2.82037,7.76574
239.47000,-2.86288,8.17232
239.48000,-2.53011,7.64997
239.49000,-2.60903,7.25441
239.50000,-2.18119,7.97375
239.51000,-2.47177,8.06150
239.52000,-2.34412,7.93218
239.53000,-2.14025,7.63388
239.54000,-2.07804,7.81518
239.55000,-2.00505,7.78389
239.56000,-2.12061,7.74816
239.57000,-1.89405,7.59437
239.58000,-2.18421,7.81067
239.59000,-2.16530,7.90381
239.60000,-2.05821,7.89313
239.61000,-2.22246,7.58807
239.62000,-1.77641,7.65805
239.63000,-2.03211,7.95413
239.64000,-1.89069,7.68311
239.65000,-1.56123,8.04543
239.66000,-1.53031,7.45785
239.67000,-1.79867,7.82039
239.68000,-1.14716,7.63031
239.69000,-1.76457,7.94660
239.70000,-1.47921,7.65880
239.71000,-1.89058,7.66389
239.72000,-1.25414,7.91245
239.73000,-1.25803,8.03139
239.74000,-0.72835,7.92339
239.75000,-1.18647,7.84573
239.76000,-1.22271,7.72566
239.77000,-1.21691,7.75485
239.78000,-1.20328,7.99258
239.79000,-1.33185,8.03529
239.80000,-1.07395,8.04456
239.81000,-1.20110,7.99540
239.82000,-1.17424,7.98102
239.83000,-0.95062,7.96044
239.84000,-0.83915,8.16166
239.85000,-0.99119,7.91324
239.86000,-0.53280,8.00369
239.87000,-1.00526,8.12319
239.88000,-0.81340,7.51620
239.89000,-0.38570,8.08255
239.90000,-1.03279,7.70849
239.91000,-0.48170,8.22930
239.92000,-0.29962,7.85971
239.93000,-0.39311,7.84769
239.94000,-0.28409,7.65336
239.95000,-0.09141,7.99012
239.96000,-0.13706,7.84562
239.97000,0.01558,8.18029
239.98000,0.50836,8.05310
239.99000,0.12335,7.69431
240.00000,0.03998,7.95907
240.01000,0.05485,7.79985
240.02000,0.18098,7.79791
240.03000,0.03090,8.35815
240.04000,0.31055,7.58407
240.05000,-0.00188,8.03262
240.06000,0.26397,8.58192
240.07000,0.23525,7.79997
240.08000,0.15958,7.98516
240.09000,0.68574,8.08478
240.10000,0.40635,7.96291
240.11000,0.47194,8.09250
240.12000,0.62438,7.77107
240.13000,0.29026,7.87861
240.14000,0.48781,8.27591
240.15000,0.49502,7.91012
240.16000,0.92736,8.16382
240.17000,0.93106,7.95652
240.18000,0.53642,8.25693
240.19000,0.99938,8.05436
240.20000,1.01751,7.72528
240.21000,0.76762,8.00986
240.22000,0.90642,7.79269
240.23000,0.92431,7.77470
240.24000,1.10178,8.25893
240.25000,0.90552,7.97196
240.26000,1.18460,7.92041
240.27000,1.61937,8.05778
240.28000,1.47541,8.06088
240.29000,1.22575,7.71985
240.30000,1.38849,7.99712
240.31000,1.47877,7.63997
240.32000,1.70035,7.83263
240.33000,1.75300,7.71443
240.34000,1.82714,7.57061
240.35000,1.76295,7.97227
240.36000,1.87887,7.66904
240.37000,1.72001,7.89140
240.38000,1.96934,7.86672
240.39000,1.85419,7.51740
240.40000,1.70296,7.89790
240.41000,1.92959,7.65634
240.42000,2.34961,7.61736
240.43000,2.18988,8.07315
240.44000,2.32874,7.75755
240.45000,2.45324,7.55834
240.46000,2.10921,7.58155
240.47000,2.10779,7.64513
240.48000,2.25562,7.49503
240.49000,2.22175,7.83289
240.50000,2.51338,7.42024
240.51000,2.54120,7.44448
240.52000,2.43724,7.42731
240.53000,2.67136,7.60505
240.54000,2.56413,7.58440
240.55000,2.94292,7.76032
240.56000,2.53952,7.69726
240.57000,2.84638,7.51580
240.58000,3.16411,7.71132
240.59000,2.83895,7.37441
240.60000,3.02595,7.58495
240.61000,3.13047,7.21472
240.62000,2.88499,7.41253
240.63000,3.12519,7.58609
240.64000,3.02541,7.43056
240.65000,3.20381,7.77752
240.66000,2.89637,7.76593
240.67000,3.16298,7.59980
240.68000,3.28409,7.49438
240.69000,3.17286,7.35573
240.70000,3.48792,7.25820
240.71000,3.41379,7.29213
240.72000,3.25085,7.05602
240.73000,3.43605,7.07332
240.74000,3.47608,6.84353
240.75000,3.40683,7.11944
240.76000,3.43509,7.25078
240.77000,3.57411,7.20578
240.78000,3.68864,7.09872
240.79000,3.98678,7.00467
240.80000,3.78496,7.11991
240.81000,3.68084,7.10558
240.82000,3.77451,7.34653
240.83000,3.51205,7.08039
240.84000,4.02723,6.70658
240.85000,4.11148,7.12717
240.86000,4.28875,6.65205
240.87000,4.07345,6.73444
240.88000,4.31540,6.62599
240.89000,4.19670,6.90703
240.90000,4.50825,7.03772
240.91000,4.24803,6.53705
240.92000,4.52800,6.88948
240.93000,4.40279,6.77117
240.94000,4.68016,6.47467
240.95000,4.32602,6.72252
240.96000,4.59168,6.63131
240.97000,4.61707,6.49248
240.98000,4.61257,6.47992
240.99000,4.63433,6.57848
241.00000,4.50724,6.24436
241.01000,4.45688,6.80730
241.02000,4.74638,6.29703
241.03000,4.82979,6.32333
241.04000,4.89187,6.47807
241.05000,5.09513,6.28703
241.06000,4.89526,6.51057
241.07000,4.91357,6.34115
241.08000,5.15591,6.20211
241.09000,4.73294,5.97124
241.10000,5.16852,6.27225
241.11000,4.97572,5.86086
241.12000,5.44154,5.90281
241.13000,4.99671,5.94014
241.14000,5.39543,5.86691
241.15000,5.50427,5.97145
241.16000,5.16287,5.72411
241.17000,5.07396,5.68387
241.18000,5.01963,6.36750
241.19000,5.67820,5.74420
241.20000,5.21501,6.00956
241.21000,5.40981,5.83118
241.22000,5.31671,6.00899
241.23000,5.69803,5.57283
241.24000,5.40356,5.41843
241.25000,5.45038,5.82493
241.26000,5.89209,5.77133
241.27000,5.69691,5.97496
241.28000,5.70823,5.42952
241.29000,5.67553,5.48861
241.30000,5.83689,5.37392
241.31000,6.40843,5.48015
241.32000,6.06089,5.46217
241.33000,5.96911,5.32277
241.34000,5.86587,5.35934
241.35000,6.04102,5.60185
241.36000,5.93076,5.50216
241.37000,5.87571,5.31027
241.38000,6.14339,5.44775
241.39000,6.10280,5.67566
241.40000,6.09882,5.02257
241.41000,6.26769,5.22944
241.42000,6.14497,5.05274
241.43000,5.93683,4.86015
241.44000,6.38199,4.61690
241.45000,6.15689,4.92988
241.46000,6.29665,4.66335
241.47000,6.51806,4.78186
241.48000,6.34021,5.09148
241.49000,6.58348,5.08824
241.50000,6.48093,4.80420
241.51000,6.66165,4.81920
241.52000,6.28902,4.84725
241.53000,6.44292,4.62089
241.54000,6.54169,4.48427
241.55000,6.42539,4.66455
241.56000,6.39209,4.41272
241.57000,6.77005,4.25807
241.58000,6.48170,4.36493
241.59000,6.70473,4.34054
241.60000,6.69920,4.17403
241.61000,6.84012,4.32767
241.62000,7.07845,4.10333
241.63000,6.72541,4.21392
241.64000,7.27184,4.17662
241.65000,7.01693,3.93072
241.66000,6.76213,3.59685
241.67000,7.28494,4.04020
241.68000,7.27562,3.94580
241.69000,6.79083,3.64671
241.70000,6.99511,4.32986
241.71000,7.23688,3.92288
241.72000,7.14535,3.80068
241.73000,7.04022,3.74007
241.74000,7.13776,3.35837
241.75000,6.86399,3.54475
241.76000,7.14051,3.54742
241.77000,7.84192,3.91136
241.78000,7.18433,3.77970
241.79000,7.21090,3.84229
241.80000,7.65777,3.21865
241.81000,7.17853,3.50861
241.82000,7.10950,3.22643
241.83000,7.00441,3.11998
241.84000,7.41021,3.17748
241.85000,7.50322,3.47962
241.86000,7.45901,3.03731
241.87000,7.36583,3.13560
241.88000,7.42015,2.70845
241.89000,7.30058,2.65678
241.90000,7.40400,2.75165
241.91000,7.28617,2.85590
241.92000,7.75294,2.80551
241.93000,7.41678,2.60084
241.94000,7.09218,2.84109
241.95000,7.50117,2.97524
241.96000,7.53343,2.54677
241.97000,7.59335,2.66702
241.98000,7.92564,2.55218
241.99000,7.82722,2.45733
242.00000,7.55455,2.40894
242.01000,7.68910,2.25674
242.02000,7.68307,2.54143
242.03000,7.52252,2.21847
242.04000,7.43483,2.26680
242.05000,7.60049,2.56944
242.06000,7.90537,2.12719
242.07000,7.69452,1.78124
242.08000,7.71980,2.26041
242.09000,7.83813,1.96413
242.10000,7.83612,2.08372
242.11000,8.14203,1.92436
242.12000,7.80351,2.30561
242.13000,7.83458,1.77719
242.14000,8.11471,1.50144
242.15000,7.84779,1.80561
242.16000,7.65889,1.73756
242.17000,7.68369,1.48281
242.18000,7.61592,1.71247
242.19000,7.81590,1.91145
242.20000,7.40742,1.45232
242.21000,8.18138,1.49539
242.22000,7.92716,1.56233
242.23000,8.05930,1.60522
242.24000,8.05369,1.28975
242.25000,7.80104,1.01009
242.26000,7.85099,0.95241
242.27000,8.20612,0.74178
242.28000,8.00727,1.08637
242.29000,8.01698,1.15584
242.30000,7.99659,0.79387
242.31000,7.88155,0.92458
242.32000,8.18216,0.99523
242.33000,8.00515,1.05799
242.34000,8.09642,0.52062
242.35000,7.77397,0.66817
242.36000,7.97637,0.86814
242.37000,7.97196,0.38885
242.38000,7.71538,0.63910
242.39000,7.82994,0.76323
242.40000,8.14143,0.64198
242.41000,7.94791,0.44308
242.42000,8.38096,0.48257
242.43000,8.43794,0.35433
242.44000,7.70662,0.29809
242.45000,8.14325,0.33570
242.46000,8.16503,0.32815
242.47000,7.99849,-0.26068
242.48000,8.03344,-0.22350
242.49000,8.23859,0.06922
242.50000,8.32797,0.26043
242.51000,7.80219,-0.11995
242.52000,7.56718,-0.25058
242.53000,8.25738,-0.01686
242.54000,8.00382,0.13622
242.55000,7.65322,-0.22368
242.56000,8.27097,-0.37322
242.57000,7.88039,-0.26245
242.58000,7.91204,-0.39373
242.59000,7.97170,-0.91077
242.60000,8.16819,-0.62606
242.61000,8.01424,-0.45967
242.62000,8.01746,-0.89079
242.63000,8.07688,-0.82496
242.64000,8.04275,-0.70460
242.65000,7.95832,-1.19714
242.66000,7.91902,-0.71202
242.67000,7.87912,-0.88127
242.68000,7.79028,-0.88944
242.69000,8.11027,-1.37405
242.70000,7.92345,-1.12277
242.71000,8.42995,-0.98160
242.72000,8.13824,-1.02720
242.73000,7.96991,-0.66432
242.74000,8.12905,-1.15847
242.75000,7.96577,-1.29169
242.76000,7.96367,-1.44957
242.77000,8.11872,-1.27816
242.78000,7.91766,-1.19531
242.79000,7.94056,-1.77156
242.80000,8.13431,-1.30592
242.81000,7.69248,-1.52857
242.82000,7.83029,-1.58608
242.83000,7.89927,-1.73129
242.84000,7.73629,-1.81780
242.85000,7.79908,-1.74015
242.86000,7.70517,-1.83596
242.87000,8.12306,-1.75576
242.88000,7.99635,-1.90210
242.89000,8.08253,-1.66368
242.90000,8.06571,-2.02821
242.91000,7.54885,-1.58243
242.92000,7.76700,-2.09915
242.93000,7.71661,-1.95522
242.94000,7.36738,-2.06163
242.95000,7.55308,-2.64435
242.96000,7.82193,-2.47329
242.97000,7.71417,-2.40073
242.98000,7.45003,-2.49346
242.99000,7.58615,-2.30016
243.00000,7.48881,-2.76362
243.01000,7.50138,-2.40429
243.02000,7.75810,-2.59793
243.03000,7.27078,-2.73607
243.04000,7.23478,-2.62679
243.05000,7.75964,-2.83796
243.06000,7.46531,-2.54545
243.07000,7.14414,-2.74504
243.08000,7.54183,-2.98650
243.09000,6.98860,-2.90708
243.10000,7.14146,-3.09621
243.11000,7.54872,-2.92866
243.12000,7.13073,-3.06585
243.13000,7.16762,-3.25603
243.14000,7.37014,-3.04776
243.15000,7.35148,-3.62225
243.16000,7.57354,-3.24819
243.17000,7.46824,-3.37524
243.18000,6.88294,-3.25096
243.19000,7.34128,-2.95304
243.20000,7.26456,-3.47722
243.21000,6.75869,-3.73033
243.22000,6.95462,-3.42831
243.23000,7.25978,-3.47054
243.24000,7.23347,-3.25843
243.25000,7.13187,-3.66145
243.26000,7.19299,-3.46684
243.27000,6.94604,-3.83753
243.28000,7.27592,-3.63865
243.29000,6.97963,-3.81230
243.30000,6.98659,-4.03288
243.31000,7.39004,-3.95923
243.32000,7.05487,-3.82187
243.33000,6.93612,-4.07751
243.34000,7.07305,-4.50572
243.35000,7.24090,-3.95821
243.36000,6.97285,-3.94753
243.37000,6.53344,-4.07715
243.38000,6.85157,-4.04302
243.39000,6.57953,-4.27564
243.40000,6.51655,-4.24711
243.41000,6.74600,-4.28289
243.42000,6.33839,-4.44239
243.43000,6.55784,-4.21845
243.44000,6.69440,-4.43671
243.45000,6.44779,-4.39092
243.46000,6.56241,-4.66740
243.47000,6.27606,-4.48039
243.48000,6.36315,-4.57930
243.49000,6.49980,-4.39744
243.50000,6.56395,-4.82984
243.51000,6.48002,-4.66699
243.52000,6.29247,-5.12595
243.53000,6.21000,-4.88795
243.54000,6.31671,-5.14396
243.55000,6.12996,-4.71432
243.56000,6.11036,-4.94764
243.57000,6.38562,-4.82522
243.58000,6.05100,-5.11665
243.59000,6.16322,-5.07384
243.60000,6.19832,-5.31253
243.61000,5.90402,-5.18858
243.62000,6.11869,-5.20171
243.63000,5.96420,-5.11138
243.64000,5.78426,-5.28053
243.65000,6.07822,-5.23471
243.66000,6.08606,-5.30754
243.67000,5.58547,-5.42645
243.68000,5.66892,-5.50118
243.69000,5.87851,-5.23008
243.70000,5.73221,-5.37847
243.71000,6.01369,-5.34441
243.72000,5.65623,-5.64261
243.73000,5.77838,-5.90520
243.74000,5.96501,-5.76519
243.75000,5.64543,-5.86976
243.76000,5.56765,-5.97426
243.77000,5.58035,-5.45233
243.78000,5.42939,-5.94928
243.79000,5.55942,-5.97828
243.80000,5.49460,-5.69165
243.81000,5.12680,-5.88273
243.82000,5.42888,-5.72350
243.83000,5.17543,-5.95425
243.84000,5.25803,-6.24749
243.85000,5.25114,-5.93355
243.86000,5.34595,-6.18533
243.87000,5.15586,-6.41116
243.88000,5.39271,-6.02664
243.89000,5.44974,-5.99762
243.90000,4.89014,-5.97710
243.91000,4.70397,-6.06971
243.92000,5.40132,-6.61649
243.93000,4.87854,-6.29422
243.94000,5.01950,-6.58347
243.95000,5.29152,-6.45540
243.96000,4.43775,-6.46977
243.97000,5.00511,-6.35130
243.98000,4.83438,-6.52545
243.99000,5.03848,-6.55284
244.00000,4.58422,-6.57767
244.01000,4.77825,-6.66415
244.02000,4.51572,-6.61118
244.03000,4.66852,-6.83579
244.04000,4.81145,-6.71347
244.05000,4.43207,-6.63017
244.06000,4.70382,-6.74788
244.07000,4.41891,-6.78883
244.08000,4.32445,-6.53175
244.09000,4.69612,-7.05378
244.10000,4.17596,-6.66159
244.11000,4.29056,-6.69256
244.12000,4.12960,-6.93053
244.13000,4.13820,-6.79674
244.14000,4.14833,-6.86592
244.15000,4.11911,-6.83593
244.16000,4.09887,-6.93956
244.17000,3.92485,-6.87892
244.18000,4.33771,-6.72538
244.19000,3.91958,-6.84714
244.20000,4.06124,-6.88467
244.21000,3.57425,-7.23036
244.22000,3.72246,-7.24725
244.23000,3.76754,-7.28702
244.24000,3.58970,-7.12788
244.25000,3.98471,-7.23358
244.26000,3.55109,-6.76265
244.27000,3.32002,-7.37410
244.28000,3.63344,-7.05275
244.29000,3.49660,-7.39547
244.30000,3.74168,-7.41849
244.31000,3.54004,-7.11233
244.32000,3.27210,-7.42637
244.33000,3.14198,-7.46382
244.34000,3.12424,-7.28773
244.35000,2.99176,-7.20717
244.36000,2.93667,-7.17162
244.37000,2.99802,-7.14777
244.38000,3.19307,-7.30920
244.39000,2.92663,-7.54278
244.40000,3.06108,-7.79011
244.41000,3.02412,-7.42803
244.42000,3.06405,-7.43642
244.43000,2.84994,-7.49386
244.44000,3.01440,-7.68376
244.45000,2.83008,-7.36993
244.46000,2.31345,-7.53227
244.47000,2.63751,-7.49749
244.48000,2.44128,-7.62262
244.49000,2.33901,-7.59824
244.50000,2.76651,-7.74940
244.51000,2.67085,-7.68141
244.52000,2.62621,-7.65436
244.53000,2.07989,-7.92119
244.54000,2.34053,-7.50364
244.55000,2.19780,-7.16782
244.56000,2.26414,-7.78852
244.57000,2.27458,-7.42497
244.58000,2.27358,-7.39322
244.59000,2.04451,-7.96819
244.60000,2.00544,-8.17137
244.61000,1.86736,-7.89653
244.62000,2.06387,-7.76297
244.63000,1.50846,-7.85396
244.64000,1.84456,-7.88157
244.65000,1.89881,-8.10667
244.66000,1.68333,-7.86578
244.67000,1.83066,-7.60742
244.68000,1.49668,-7.89400
244.69000,1.35152,-7.92940
244.70000,1.31129,-8.04936
244.71000,1.47682,-7.64121
244.72000,1.27469,-7.91951
244.73000,1.37828,-7.91224
244.74000,1.20873,-7.68659
244.75000,1.37648,-7.79684
244.76000,1.85224,-8.13009
244.77000,1.26016,-7.83125
244.78000,1.10492,-7.79737
244.79000,1.32153,-7.67363
244.80000,1.07377,-7.79111
244.81000,1.01030,-7.85717
244.82000,0.48745,-7.99373
244.83000,1.01381,-8.21739
244.84000,1.05972,-7.85349
244.85000,0.55587,-7.66180
244.86000,0.55626,-7.91833
244.87000,0.40345,-7.92320
244.88000,0.33937,-8.00358
244.89000,0.16278,-7.96753
244.90000,0.36952,-7.80711
244.91000,0.28949,-8.43567
244.92000,0.56898,-7.65421
244.93000,0.06554,-7.85077
244.94000,0.13921,-7.98591
244.95000,0.00878,-8.25512
244.96000,0.42226,-8.22613
244.97000,0.29435,-8.06348
244.98000,0.30596,-7.77419
244.99000,-0.04657,-8.27999
245.00000,0.12387,-8.07716
245.01000,0.24253,-7.90776
245.02000,-0.07750,-7.69000
245.03000,-0.09499,-8.25963
245.04000,-0.42076,-8.32549
245.05000,-0.21366,-8.00190
245.06000,-0.60022,-8.04369
245.07000,-0.10985,-8.03280
245.08000,-0.61510,-7.99506
245.09000,-0.42629,-8.17407
245.10000,-0.70225,-8.02678
245.11000,-0.47127,-7.98778
245.12000,-0.56905,-8.20713
245.13000,-0.75791,-7.64744
245.14000,-1.09028,-8.12480
245.15000,-0.64954,-8.18297
245.16000,-0.60653,-7.97965
245.17000,-1.08834,-8.03560
245.18000,-0.90223,-8.15654
245.19000,-0.95160,-7.95937
245.20000,-1.10915,-7.74587
245.21000,-1.25624,-7.86299
245.22000,-0.94254,-7.77606
245.23000,-1.12647,-7.80945
245.24000,-0.76814,-7.79336
245.25000,-0.98442,-7.96360
245.26000,-1.01376,-7.82656
245.27000,-1.31720,-7.74529
245.28000,-1.56515,-7.90202
245.29000,-0.93728,-7.99537
245.30000,-1.45030,-7.85092
245.31000,-1.43709,-7.80417
245.32000,-1.41070,-7.71784
245.33000,-1.75927,-8.06411
245.34000,-1.59849,-7.66938
245.35000,-1.78636,-7.89173
245.36000,-1.75503,-8.18873
245.37000,-1.87105,-7.41682
245.38000,-1.70213,-7.65940
245.39000,-2.01315,-8.27661
245.40000,-1.99367,-7.87543
245.41000,-2.08696,-7.73498
245.42000,-2.24890,-7.75633
245.43000,-2.36868,-7.55758
245.44000,-2.23015,-7.82261
245.45000,-2.26285,-7.73714
245.46000,-2.39759,-7.86812
245.47000,-2.35558,-7.56031
245.48000,-2.04186,-7.63576
245.49000,-2.23831,-7.69920
245.50000,-2.23893,-7.57794
245.51000,-2.60626,-7.38428
245.52000,-2.93784,-7.57326
245.53000,-2.53688,-7.67393
245.54000,-2.64971,-7.64899
245.55000,-2.91000,-7.43963
245.56000,-2.73375,-7.16682
245.57000,-2.82160,-7.71261
245.58000,-2.89684,-7.43746
245.59000,-2.79173,-7.51512
245.60000,-2.93012,-7.68531
245.61000,-3.00595,-7.18088
245.62000,-3.19482,-7.08571
245.63000,-3.00039,-7.41851
245.64000,-3.24058,-7.56708
245.65000,-3.13202,-7.57366
245.66000,-2.99644,-7.59858
245.67000,-3.05454,-7.27570
245.68000,-3.31549,-7.24289
245.69000,-3.49199,-7.10731
245.70000,-3.25322,-7.06222
245.71000,-3.57583,-7.01622
245.72000,-3.79766,-7.26314
245.73000,-3.60889,-7.28923
245.74000,-3.65543,-6.88290
245.75000,-3.47695,-7.31471
245.76000,-3.80387,-6.82934
245.77000,-3.60771,-7.36234
245.78000,-3.70259,-7.24760
245.79000,-3.51283,-6.95134
245.80000,-3.76527,-6.99557
245.81000,-3.93988,-7.18041
245.82000,-3.85710,-7.17917
245.83000,-3.92897,-6.84711
245.84000,-3.96726,-6.83017
245.85000,-4.03784,-6.57826
245.86000,-3.91632,-6.80685
245.87000,-4.22489,-6.77529
245.88000,-4.08103,-6.73986
245.89000,-4.33199,-6.50584
245.90000,-4.28286,-6.94849
245.91000,-4.45076,-6.71944
245.92000,-4.38736,-6.99784
245.93000,-4.62966,-6.65979
245.94000,-4.39597,-6.69425
245.95000,-4.08205,-6.90990
245.96000,-4.45266,-6.72563
245.97000,-4.59087,-6.79149
245.98000,-4.64145,-6.62556
245.99000,-4.61551,-6.45955
246.00000,-4.78256,-6.08922
246.01000,-4.91385,-6.42411
246.02000,-4.64127,-6.55072
246.03000,-4.81047,-6.25808
246.04000,-5.19137,-6.46774
246.05000,-4.70121,-6.20767
246.06000,-5.01520,-6.28772
246.07000,-5.03425,-6.41475
246.08000,-4.76467,-6.15772
246.09000,-5.16454,-6.04650
246.10000,-5.06870,-6.40712
246.11000,-4.87675,-6.19931
246.12000,-5.07828,-6.02548
246.13000,-5.04070,-6.19255
246.14000,-5.10839,-6.02125
246.15000,-5.37541,-6.08655
246.16000,-5.36379,-6.12327
246.17000,-5.05695,-5.97197
246.18000,-5.10944,-6.20045
246.19000,-5.50847,-5.96239
246.20000,-5.46311,-5.75427
246.21000,-5.73407,-5.94466
246.22000,-5.43587,-5.37708
246.23000,-5.54542,-5.91115
246.24000,-5.67509,-5.68886
246.25000,-5.70207,-5.54242
246.26000,-6.01148,-5.51809
246.27000,-5.81560,-5.53265
246.28000,-5.40410,-5.36672
246.29000,-5.53864,-5.50725
246.30000,-5.64553,-5.46414
246.31000,-5.95738,-5.53657
246.32000,-6.13989,-5.10547
246.33000,-6.35579,-5.43667
246.34000,-5.96160,-5.27088
246.35000,-6.01332,-5.41075
246.36000,-5.91927,-5.26681
246.37000,-6.10790,-5.26706
246.38000,-6.19882,-5.60953
246.39000,-6.02186,-5.16222
246.40000,-6.01951,-5.09263
246.41000,-6.19032,-5.10029
246.42000,-6.23275,-5.15933
246.43000,-6.30078,-5.57689
246.44000,-6.19019,-5.21994
246.45000,-6.37828,-5.16184
246.46000,-6.59669,-4.89121
246.47000,-6.63252,-4.71710
246.48000,-6.44697,-5.02988
246.49000,-6.66124,-4.86285
246.50000,-6.58899,-4.54114
246.51000,-6.23580,-4.50889
246.52000,-6.30585,-4.89860
246.53000,-6.96647,-4.22382
246.54000,-6.67061,-4.50505
246.55000,-6.80572,-4.56381
246.56000,-6.59264,-4.40363
246.57000,-6.57416,-4.62271
246.58000,-6.26836,-4.03313
246.59000,-6.99287,-4.41523
246.60000,-6.81751,-4.32914
246.61000,-6.79520,-4.39266
246.62000,-6.44252,-4.27500
246.63000,-6.90678,-4.24587
246.64000,-7.14525,-4.24749
246.65000,-6.65828,-4.07800
246.66000,-6.98941,-4.06328
246.67000,-6.85249,-4.02252
246.68000,-7.04252,-3.90080
246.69000,-7.15099,-3.71910
246.70000,-6.73002,-3.65615
246.71000,-7.24540,-3.77951
246.72000,-7.14586,-3.53719
246.73000,-7.21682,-3.69364
246.74000,-6.84568,-3.44583
246.75000,-7.26057,-3.55555
246.76000,-7.07520,-3.80783
246.77000,-7.48515,-3.66442
246.78000,-7.25448,-3.60418
246.79000,-7.45426,-3.50094
246.80000,-7.26257,-3.72964
246.81000,-7.27463,-3.23481
246.82000,-7.36090,-3.31099
246.83000,-7.25818,-3.26754
246.84000,-7.22481,-2.99119
246.85000,-7.55924,-3.40840
246.86000,-7.39499,-3.15457
246.87000,-7.39704,-3.10196
246.88000,-7.58668,-2.87375
246.89000,-7.69226,-3.33614
246.90000,-7.17536,-2.88578
246.91000,-7.40181,-2.70252
246.92000,-7.40509,-2.86534
246.93000,-7.15285,-2.84919
246.94000,-7.13835,-2.51126
246.95000,-7.39825,-2.83349
246.96000,-7.96574,-2.48318
246.97000,-7.59989,-2.61284
246.98000,-7.65866,-2.39143
246.99000,-7.51300,-2.27162
247.00000,-7.49555,-2.13797
247.01000,-7.46883,-2.63606
247.02000,-7.34534,-2.35426
247.03000,-7.26108,-2.61367
247.04000,-7.70841,-2.34375
247.05000,-7.53432,-2.15215
247.06000,-7.57654,-2.41259
247.07000,-7.47504,-2.13178
247.08000,-7.49653,-2.24303
247.09000,-7.62679,-2.17311
247.10000,-7.78512,-1.84831
247.11000,-7.58687,-1.59480
247.12000,-7.61317,-1.77311
247.13000,-7.81691,-1.72801
247.14000,-7.81891,-1.92999
247.15000,-7.88699,-1.62423
247.16000,-7.60806,-1.41578
247.17000,-7.96482,-1.45790
247.18000,-7.81304,-1.46624
247.19000,-7.74188,-1.60026
247.20000,-7.76336,-1.74380
247.21000,-7.95695,-1.67364
247.22000,-7.53109,-1.27836
247.23000,-8.04239,-1.50390
247.24000,-7.83427,-1.38710
247.25000,-7.94796,-0.91722
247.26000,-7.88140,-1.15640
247.27000,-7.69341,-1.46091
247.28000,-7.94673,-1.06145
247.29000,-8.01248,-0.96831
247.30000,-7.72418,-0.93680
247.31000,-7.93359,-1.06509
247.32000,-7.84114,-0.69391
247.33000,-8.16101,-0.76940
247.34000,-7.78134,-0.71737
247.35000,-7.93716,-0.83784
247.36000,-7.95403,-0.64265
247.37000,-7.79431,-0.76475
247.38000,-7.72836,-0.56670
247.39000,-8.13144,-0.42789
247.40000,-8.18641,-0.73949
247.41000,-7.89352,-0.21329
247.42000,-7.94629,-0.41755
247.43000,-8.00624,-0.06671
247.44000,-8.16867,-0.15609
247.45000,-8.21550,-0.17554
247.46000,-7.98245,-0.25508
247.47000,-8.04583,0.17338
247.48000,-8.35337,-0.20446
247.49000,-8.11127,0.04869
247.50000,-7.80559,0.14401
247.51000,-7.94298,0.05833
247.52000,-7.93954,0.29910
247.53000,-7.93165,0.25616
247.54000,-7.77580,-0.03265
247.55000,-7.73221,0.12494
247.56000,-7.65114,0.50779
247.57000,-7.73492,0.25288
247.58000,-7.94474,0.70248
247.59000,-8.11925,0.62029
247.60000,-8.19452,0.47153
247.61000,-8.08205,0.43460
247.62000,-7.91296,0.57734
247.63000,-8.06814,0.83525
247.64000,-8.02790,1.00044
247.65000,-7.98572,0.93784
247.66000,-7.91645,0.69684
247.67000,-8.02969,0.81716
247.68000,-8.05762,0.42898
247.69000,-7.96262,1.25331
247.70000,-7.85076,1.05762
247.71000,-7.88221,0.97980
247.72000,-7.62565,1.14627
247.73000,-8.18824,1.10001
247.74000,-7.69695,1.28988
247.75000,-7.89319,1.03521
247.76000,-7.95156,1.12960
247.77000,-7.66000,1.58373
247.78000,-7.70820,1.47545
247.79000,-7.87794,1.63661
247.80000,-7.89855,1.55357
247.81000,-7.99946,1.68037
247.82000,-7.94792,1.44485
247.83000,-7.61751,1.43151
247.84000,-8.09775,1.81338
247.85000,-7.69361,1.69789
247.86000,-7.75769,1.88047
247.87000,-7.83820,1.93743
247.88000,-7.94101,1.73343
247.89000,-7.73993,2.11053
247.90000,-7.73431,1.96611
247.91000,-7.46410,2.26783
247.92000,-7.63619,2.14338
247.93000,-7.80154,2.19234
247.94000,-7.98092,2.13961
247.95000,-7.60019,2.38957
247.96000,-7.54798,2.20274
247.97000,-7.49198,1.84434
247.98000,-7.59299,2.37326
247.99000,-7.63771,2.55482
248.00000,-7.53732,2.51696
248.01000,-7.33368,2.48588
248.02000,-7.53758,2.43495
248.03000,-7.73268,2.40625
248.04000,-7.41183,2.63438
248.05000,-7.49103,2.72563
248.06000,-7.46259,2.36879
248.07000,-7.58917,2.91334
248.08000,-7.63316,2.77986
248.09000,-7.18724,2.85699
248.10000,-7.32336,3.34444
248.11000,-7.56032,2.83514
248.12000,-7.34529,3.09320
248.13000,-7.31285,3.34721
248.14000,-7.51023,2.82076
248.15000,-7.13224,3.12813
248.16000,-7.16650,3.04076
248.17000,-7.23866,3.51745
248.18000,-7.51046,3.36129
248.19000,-7.31579,3.56985
248.20000,-7.20286,3.69052
248.21000,-7.01988,3.38082
248.22000,-7.23989,3.65742
248.23000,-7.12194,3.42985
248.24000,-7.31655,3.86182
248.25000,-6.97393,3.52117
248.26000,-6.85349,3.60237
248.27000,-7.25897,3.90113
248.28000,-7.05826,3.84159
248.29000,-7.02228,3.74488
248.30000,-7.09727,3.83460
248.31000,-6.88520,3.74194
248.32000,-6.75405,4.23415
248.33000,-7.05107,4.23044
248.34000,-6.91404,4.02387
248.35000,-7.19613,3.98911
248.36000,-6.78909,4.38513
248.37000,-6.70980,4.34920
248.38000,-6.81761,4.26866
248.39000,-6.72929,4.08945
248.40000,-6.92338,4.28537
248.41000,-6.72876,4.37163
248.42000,-6.71038,4.17522
248.43000,-6.74544,4.32496
248.44000,-6.66413,4.57429
248.45000,-6.56338,4.57968
248.46000,-6.87698,4.43954
248.47000,-6.60935,4.03460
248.48000,-6.22513,4.67142
248.49000,-6.45894,4.70381
248.50000,-6.49362,4.40205
248.51000,-6.67696,4.73945
248.52000,-6.31499,4.63189
248.53000,-6.35551,4.68894
248.54000,-6.74292,4.79461
248.55000,-6.10627,4.75307
248.56000,-6.69627,5.02837
248.57000,-6.77890,4.80321
248.58000,-6.06501,5.10256
248.59000,-6.19695,4.94620
248.60000,-6.04106,5.25384
248.61000,-5.94488,5.31583
248.62000,-5.90258,5.11054
248.63000,-6.16521,5.43624
248.64000,-6.24434,5.13208
248.65000,-6.15729,4.87730
248.66000,-6.04547,5.03255
248.67000,-5.96996,5.30115
248.68000,-5.95257,5.53973
248.69000,-5.95698,5.57309
248.70000,-5.84576,5.76830
248.71000,-5.71032,5.65482
248.72000,-5.54206,5.46720
248.73000,-6.02485,5.62255
248.74000,-5.56510,5.55847
248.75000,-5.78758,5.84192
248.76000,-5.74942,5.55999
248.77000,-5.31896,5.65924
248.78000,-5.68318,5.89053
248.79000,-5.35321,5.84250
248.80000,-5.34648,5.98681
248.81000,-5.43905,5.84441
248.82000,-5.47836,6.03354
248.83000,-5.49423,6.10011
248.84000,-5.72475,6.04988
248.85000,-5.22614,6.02398
248.86000,-5.22371,5.87514
248.87000,-5.11948,6.25636
248.88000,-5.09306,5.80543
248.89000,-4.91770,6.39989
248.90000,-5.21799,6.11299
248.91000,-4.96079,6.11993
248.92000,-5.07315,5.96056
248.93000,-4.95841,6.57797
248.94000,-5.12135,6.32326
248.95000,-4.94988,6.26587
248.96000,-5.03429,6.40940
248.97000,-4.71044,6.07375
248.98000,-4.57411,6.30326
248.99000,-4.76212,6.40893
249.00000,-4.73979,6.45126
249.01000,-4.62780,6.40730
249.02000,-4.90466,6.33023
249.03000,-4.42419,6.65380
249.04000,-4.40329,6.75616
249.05000,-4.44389,6.95616
249.06000,-4.53626,6.61589
249.07000,-4.50271,6.68802
249.08000,-4.39094,6.49006
249.09000,-4.55335,6.85341
249.10000,-4.20433,6.93114
249.11000,-4.34651,6.87165
249.12000,-4.15704,6.84280
249.13000,-4.00270,6.71053
249.14000,-4.53484,7.22042
249.15000,-4.10732,6.74186
249.16000,-4.31905,6.73292
249.17000,-4.29352,6.96518
249.18000,-3.84744,6.64312
249.19000,-3.83027,6.98229
249.20000,-3.61772,6.75037
249.21000,-3.70382,7.15837
249.22000,-3.52600,7.35694
249.23000,-3.88813,6.79741
249.24000,-3.88588,7.19916
249.25000,-3.54682,6.95728
249.26000,-3.47000,7.08498
249.27000,-3.67891,7.20822
249.28000,-3.72294,7.27867
249.29000,-3.52494,7.32306
249.30000,-3.35382,7.03089
249.31000,-3.53974,7.19230
249.32000,-3.35158,7.14258
249.33000,-3.06158,7.30541
249.34000,-3.20916,7.17524
249.35000,-3.18973,7.76382
249.36000,-3.47021,7.68373
249.37000,-3.17548,7.31091
249.38000,-2.76733,7.14948
249.39000,-2.82545,7.57180
249.40000,-3.14489,7.71469
249.41000,-2.79146,7.24079
249.42000,-2.91744,7.21627
249.43000,-2.62406,7.31703
249.44000,-2.75416,7.58242
249.45000,-3.03115,7.41360
249.46000,-2.95563,7.58235
249.47000,-2.73878,7.69143
249.48000,-2.55792,7.53700
249.49000,-2.76174,7.41421
249.50000,-2.53840,7.71816
249.51000,-2.31081,7.43454
249.52000,-2.47524,7.88868
249.53000,-2.19774,7.76096
249.54000,-2.51699,7.77794
249.55000,-2.30052,8.28308
249.56000,-2.16254,7.81641
249.57000,-2.21827,7.72776
249.58000,-1.76687,7.88874
249.59000,-1.96398,7.87784
249.60000,-2.05865,7.64940
249.61000,-1.91483,7.79903
249.62000,-2.00652,7.52775
249.63000,-1.76789,7.55207
249.64000,-1.95046,7.52308
249.65000,-1.71108,7.54057
249.66000,-1.75285,8.08551
249.67000,-1.61662,7.55728
249.68000,-1.59115,8.03515
249.69000,-1.54473,7.73340
249.70000,-1.32192,7.76008
249.71000,-1.28007,8.09875
249.72000,-1.52130,8.06557
249.73000,-1.10218,7.70976
249.74000,-1.38130,7.60008
249.75000,-1.31264,8.00590
249.76000,-1.00220,7.53004
249.77000,-1.24869,7.97647
249.78000,-0.88815,7.95922
249.79000,-0.97800,7.49454
249.80000,-1.22364,8.00182
249.81000,-0.90500,8.15152
249.82000,-0.46016,7.92071
249.83000,-0.81018,7.71048
249.84000,-0.81079,7.99041
249.85000,-0.90491,7.83708
249.86000,-0.74113,8.15577
249.87000,-0.62584,8.03507
249.88000,-0.72400,7.93660
249.89000,-0.70529,7.72189
249.90000,-0.67012,8.09832
249.91000,-0.18547,7.70779
249.92000,-0.80524,8.31421
249.93000,-0.21364,8.32044
249.94000,-0.38799,7.88510
249.95000,-0.20358,7.78163
249.96000,-0.02513,8.04872
249.97000,0.00136,8.04074
249.98000,-0.35301,8.24553
249.99000,-0.12078,7.97229
250.00000,0.09136,7.95529
250.01000,0.04756,8.12605
250.02000,0.30567,7.94512
250.03000,0.25578,8.14228
250.04000,0.22788,7.89185
250.05000,0.63097,8.20633
250.06000,0.21439,7.84733
250.07000,0.36563,7.89925
250.08000,0.62726,7.74571
250.09000,0.48099,8.10168
250.10000,0.50166,7.71123
250.11000,0.43223,7.82578
250.12000,0.76506,7.94694
250.13000,0.90097,8.19740
250.14000,0.82984,8.18199
250.15000,0.80470,7.92154
250.16000,0.88101,8.01282
250.17000,0.97632,7.91867
250.18000,0.93403,7.83090
250.19000,0.78326,7.80824
250.20000,1.03444,7.83793
250.21000,0.92464,7.69543
250.22000,1.18383,7.82285
250.23000,1.18086,7.92411
250.24000,1.46659,7.87220
250.25000,1.39246,7.85503
250.26000,1.18676,8.24581
250.27000,1.17645,8.02775
250.28000,1.13037,7.78474
250.29000,1.33985,7.99343
250.30000,1.44107,7.94858
250.31000,1.43917,7.96130
250.32000,1.69458,7.91387
250.33000,1.68859,7.73420
250.34000,1.74957,7.64132
250.35000,2.18199,7.83017
250.36000,1.55222,7.96604
250.37000,1.71771,7.81097
250.38000,1.98849,7.69324
250.39000,1.86498,7.84479
250.40000,2.07854,7.76355
250.41000,1.92399,7.66817
250.42000,1.99559,7.70696
250.43000,2.15573,7.73117
250.44000,2.23467,7.79029
250.45000,2.44428,7.49823
250.46000,2.20298,7.58584
250.47000,2.41031,7.80429
250.48000,2.19610,7.81364
250.49000,2.39001,7.67932
250.50000,2.29147,7.75933
250.51000,2.52518,7.60286
250.52000,2.34625,7.57131
250.53000,2.86101,7.67012
250.54000,2.52336,7.47168
250.55000,2.70365,7.48994
250.56000,2.77782,7.56167
250.57000,2.85852,7.86245
250.58000,2.83314,7.51364
250.59000,3.11789,7.17705
250.60000,2.78177,7.25152
250.61000,3.20551,7.51241
250.62000,2.97546,7.14535
250.63000,3.35599,7.02720
250.64000,3.09944,7.38427
250.65000,3.09298,7.48241
250.66000,3.43862,7.16308
250.67000,3.17722,7.10832
250.68000,3.40737,7.17294
250.69000,3.57250,7.22591
250.70000,3.39801,6.94788
250.71000,3.80217,7.31578
250.72000,3.66399,7.35856
250.73000,3.39883,7.44110
250.74000,3.64860,6.81315
250.75000,3.82261,6.78848
250.76000,3.93752,7.01135
250.77000,3.92857,7.31115
250.78000,3.67639,7.20784
250.79000,3.75366,7.40850
250.80000,3.79291,6.90662
250.81000,3.64726,7.04570
250.82000,4.06262,6.89680
250.83000,3.90362,6.69545
250.84000,4.23856,7.01205
250.85000,3.99335,6.69299
250.86000,4.07960,6.75163
250.87000,4.22884,7.22160
250.88000,4.19393,6.75902
250.89000,4.46010,6.99806
250.90000,4.38900,6.94462
250.91000,4.29564,6.85972
250.92000,4.42314,6.45388
250.93000,4.17476,6.64402
250.94000,4.32881,6.57410
250.95000,4.54460,6.80178
250.96000,4.70398,6.31703
250.97000,4.23581,6.77418
250.98000,4.50544,6.75159
250.99000,4.82529,7.00601
251.00000,4.65721,6.59468
251.01000,4.93436,6.65494
251.02000,4.74889,6.41102
251.03000,4.69724,6.43466
251.04000,4.55570,6.11682
251.05000,4.85599,6.10200
251.06000,5.05535,6.21328
251.07000,5.15341,6.17017
251.08000,5.00172,6.60069
251.09000,4.97341,6.04643
251.10000,4.97662,6.11696
251.11000,5.10999,5.98176
251.12000,5.19736,6.11143
251.13000,5.09353,5.90267
251.14000,5.33197,6.02187
251.15000,5.12832,6.27950
251.16000,5.36634,5.88287
251.17000,5.72281,5.75961
251.18000,5.40849,5.67187
251.19000,5.51489,5.87553
251.20000,5.30861,6.22181
251.21000,5.29390,5.70508
251.22000,5.38060,5.71282
251.23000,5.61405,6.00810
251.24000,5.46658,5.77483
251.25000,5.85869,5.85531
251.26000,5.81460,5.67126
251.27000,5.79684,5.46468
251.28000,6.10088,5.81076
251.29000,5.92402,5.54122
251.30000,5.96307,5.43331
251.31000,5.84223,5.51185
251.32000,5.64373,5.52939
251.33000,5.78361,5.43481
251.34000,5.88921,5.36989
251.35000,5.79361,5.26558
251.36000,5.86977,4.91246
251.37000,6.36037,5.29446
251.38000,6.25602,5.24427
251.39000,5.93989,4.93556
251.40000,6.34860,5.05204
251.41000,6.15462,5.12783
251.42000,5.93949,5.02236
251.43000,6.33794,4.65176
251.44000,6.37721,4.98674
251.45000,6.50197,4.98019
251.46000,6.23369,4.98544
251.47000,6.35771,4.69597
251.48000,6.56169,4.70411
251.49000,6.70362,4.78302
251.50000,6.29595,4.51776
251.51000,6.29536,4.89506
251.52000,6.50635,4.48947
251.53000,6.39156,4.55726
251.54000,6.57490,4.86199
251.55000,6.63532,4.32516
251.56000,6.91284,4.60098
251.57000,6.80812,4.20377
251.58000,6.39140,4.42886
251.59000,6.61743,4.33385
251.60000,6.40784,4.51240
251.61000,6.79977,4.22473
251.62000,7.12266,4.19472
251.63000,6.87567,3.94275
251.64000,6.56640,4.19170
251.65000,6.64449,4.17408
251.66000,6.72560,4.00681
251.67000,7.12045,4.04495
251.68000,7.14556,4.28845
251.69000,6.83284,3.73478
251.70000,6.95297,3.87598
251.71000,6.93944,3.80447
251.72000,7.03122,3.99903
251.73000,7.07173,4.03213
251.74000,6.78124,3.72134
251.75000,7.08147,3.64974
251.76000,7.22045,3.59108
251.77000,6.82745,3.75751
251.78000,7.19561,3.35627
251.79000,7.50230,3.24539
251.80000,7.17500,3.62691
251.81000,7.39477,3.45759
251.82000,6.98061,3.48533
251.83000,7.26055,3.15934
251.84000,7.16372,3.37225
251.85000,7.29384,2.99890
251.86000,7.25691,3.38933
251.87000,7.54372,3.10307
251.88000,7.48232,3.32003
251.89000,7.41172,2.80022
251.90000,7.39017,2.94925
251.91000,7.76425,2.85818
251.92000,7.40210,2.96458
251.93000,7.59811,2.83021
251.94000,7.41869,2.62081
251.95000,7.19429,2.44164
251.96000,7.68035,2.55973
251.97000,7.93978,2.45227
251.98000,7.59257,2.55060
251.99000,7.89519,2.63285
252.00000,7.68072,2.80555
252.01000,7.34075,2.24680
252.02000,7.91049,2.58753
252.03000,7.89777,2.28642
252.04000,7.42658,2.25172
252.05000,8.01501,2.37936
252.06000,7.63984,2.16075
252.07000,7.57570,2.49713
252.08000,7.67387,2.41270
252.09000,7.53897,2.00844
252.10000,7.69398,1.76585
252.11000,7.68969,2.12935
252.12000,7.64086,1.91095
252.13000,7.81678,1.80737
252.14000,7.64682,1.75559
252.15000,7.64777,1.91163
252.16000,7.47113,1.77697
252.17000,7.57738,1.31839
252.18000,7.66311,1.80765
252.19000,7.95179,1.32561
252.20000,8.00732,1.68150
252.21000,8.04809,1.36408
252.22000,7.86868,1.18947
252.23000,7.88566,1.63855
252.24000,7.85473,0.97613
252.25000,7.73296,1.04280
252.26000,7.99453,1.00824
252.27000,7.84071,1.16303
252.28000,8.05571,1.14325
252.29000,7.86800,0.76452
252.30000,8.20688,1.09966
252.31000,8.22869,0.78764
252.32000,8.01648,1.02326
252.33000,7.58734,0.76376
252.34000,7.96412,0.85477
252.35000,8.03068,0.73218
252.36000,8.09387,0.78245
252.37000,7.78386,0.62168
252.38000,8.17384,0.19345
252.39000,7.76878,0.17818
252.40000,7.81337,0.54980
252.41000,8.01513,0.28441
252.42000,7.69031,0.26441
252.43000,7.88021,0.36678
252.44000,8.10884,0.37566
252.45000,8.09656,0.57436
252.46000,7.73229,0.53134
252.47000,8.13657,0.29217
252.48000,7.91936,0.10938
252.49000,7.98535,0.08140
252.50000,8.08304,-0.33108
252.51000,7.96480,0.04141
252.52000,8.02866,-0.27718
252.53000,7.90541,0.01147
252.54000,8.12641,-0.03130
252.55000,8.11515,-0.21757
252.56000,7.89904,-0.09015
252.57000,7.90612,-0.27428
252.58000,8.17246,-0.29725
252.59000,7.87026,-0.51568
252.60000,8.05960,-0.93727
252.61000,7.76240,-0.96601
252.62000,7.99997,-0.40187
252.63000,7.75594,-0.59084
252.64000,7.73774,-0.54168
252.65000,8.16239,-0.71251
252.66000,7.91029,-0.86528
252.67000,7.82141,-0.68791
252.68000,7.93948,-1.04803
252.69000,7.78997,-0.75360
252.70000,8.10449,-1.13554
252.71000,8.23122,-0.99186
252.72000,8.04423,-1.21751
252.73000,8.10213,-0.99879
252.74000,7.98413,-1.10954
252.75000,7.98928,-1.08445
252.76000,8.01182,-1.19587
252.77000,7.84825,-1.42125
252.78000,7.82218,-1.30433
252.79000,7.75478,-1.24417
252.80000,7.89767,-1.55844
252.81000,7.74456,-1.64354
252.82000,7.75501,-1.49064
252.83000,8.08436,-1.92907
252.84000,7.59706,-1.91273
252.85000,7.72849,-1.77833
252.86000,7.67437,-1.76757
252.87000,7.54466,-1.71600
252.88000,7.56285,-1.67160
252.89000,7.51155,-1.68718
252.90000,7.85046,-2.15429
252.91000,7.56069,-2.00735
252.92000,7.70508,-1.99211
252.93000,7.82102,-2.27942
252.94000,7.57342,-2.23919
252.95000,7.65747,-2.20333
252.96000,7.64185,-2.39123
252.97000,7.57547,-2.29474
252.98000,7.74679,-2.59206
252.99000,7.43846,-2.47374
253.00000,7.46561,-2.50766
253.01000,7.34578,-2.58770
253.02000,7.57560,-2.49246
253.03000,7.55119,-2.08590
253.04000,7.58156,-2.40007
253.05000,7.64192,-2.64633
253.06000,7.45073,-2.69837
253.07000,7.63114,-2.86672
253.08000,7.64825,-3.00511
253.09000,7.69313,-3.02062
253.10000,7.38399,-2.64833
253.11000,7.58155,-3.09386
253.12000,7.41960,-2.98197
253.13000,7.19791,-2.93704
253.14000,7.40897,-3.13455
253.15000,7.21157,-3.50105
253.16000,7.37581,-3.44658
253.17000,7.07247,-3.35450
253.18000,7.41816,-3.23007
253.19000,7.01609,-3.31094
253.20000,6.98961,-3.27678
253.21000,7.34602,-3.33316
253.22000,7.16011,-3.34973
253.23000,7.07282,-3.55952
253.24000,7.35524,-4.07383
253.25000,7.11374,-3.85889
253.26000,6.91875,-3.52158
253.27000,7.07676,-3.39474
253.28000,7.12124,-4.14310
253.29000,6.80305,-4.03395
253.30000,7.10543,-3.83353
253.31000,7.01941,-3.92872
253.32000,7.19653,-4.13488
253.33000,7.21921,-4.11880
253.34000,7.04394,-4.07769
253.35000,6.73781,-4.14372
253.36000,6.75834,-3.99739
253.37000,6.86649,-4.03767
253.38000,6.78969,-4.21240
253.39000,6.69434,-4.51561
253.40000,6.69316,-4.49248
253.41000,7.09414,-4.39300
253.42000,6.63782,-4.53984
253.43000,6.57570,-4.62255
253.44000,6.65055,-4.49941
253.45000,6.75741,-4.43078
253.46000,6.38160,-4.37964
253.47000,6.74589,-4.72060
253.48000,6.69616,-4.39954
253.49000,6.38168,-4.79119
253.50000,6.45463,-4.59009
253.51000,6.43240,-4.85297
253.52000,6.55282,-4.86868
253.53000,6.52354,-4.34043
253.54000,6.23393,-4.56940
253.55000,6.35819,-5.13171
253.56000,6.32728,-4.92223
253.57000,6.33033,-5.29097
253.58000,6.44961,-4.98173
253.59000,6.09987,-5.10831
253.60000,6.28146,-5.16326
253.61000,6.10227,-5.24720
253.62000,5.81856,-5.36566
253.63000,6.07190,-5.16758
253.64000,6.35925,-5.31901
253.65000,6.24770,-4.99806
253.66000,5.92029,-5.42871
253.67000,5.97718,-5.05254
253.68000,5.85157,-5.57828
253.69000,5.82975,-5.33909
253.70000,5.71645,-5.30833
253.71000,5.62399,-5.31393
253.72000,5.79597,-5.44503
253.73000,5.75067,-5.38617
253.74000,5.88677,-5.50261
253.75000,5.69472,-5.69380
253.76000,5.61628,-5.66399
253.77000,5.87569,-5.76701
253.78000,5.63233,-5.87111
253.79000,5.88254,-5.64795
253.80000,5.51437,-6.11349
253.81000,5.50592,-5.92527
253.82000,5.65581,-5.81495
253.83000,5.43596,-5.77459
253.84000,5.28942,-5.74491
253.85000,5.23938,-6.24306
253.86000,5.29451,-6.10033
253.87000,5.08690,-5.96709
253.88000,5.03313,-5.98064
253.89000,5.21403,-6.01748
253.90000,5.13060,-6.16067
253.91000,5.34335,-6.28510
253.92000,5.31801,-6.12320
253.93000,4.66366,-6.33998
253.94000,5.02571,-6.31921
253.95000,4.70047,-6.03875
253.96000,4.78093,-6.38204
253.97000,4.96167,-6.10579
253.98000,4.90381,-6.00569
253.99000,4.63244,-6.41843
254.00000,4.73719,-6.07962
254.01000,4.70432,-6.36879
254.02000,4.45100,-6.31275
254.03000,4.28772,-6.65944
254.04000,4.42042,-6.71397
254.05000,4.50111,-6.56774
254.06000,4.48057,-6.66355
254.07000,4.23503,-6.64453
254.08000,4.17513,-6.37894
254.09000,4.27095,-6.81417
254.10000,4.15770,-6.53898
254.11000,4.53501,-6.83108
254.12000,4.04997,-6.78161
254.13000,4.22780,-6.84648
254.14000,4.05633,-6.99285
254.15000,4.25777,-6.97171
254.16000,4.39463,-6.81522
254.17000,3.82012,-7.02846
254.18000,3.79199,-6.90135
254.19000,3.69495,-6.99601
254.20000,4.01239,-7.35203
254.21000,3.72117,-7.10212
254.22000,3.52010,-7.10017
254.23000,3.67446,-6.84229
254.24000,3.49697,-6.94709
254.25000,3.58956,-7.24051
254.26000,3.72295,-7.34828
254.27000,3.64726,-6.95555
254.28000,3.41785,-7.29450
254.29000,3.39748,-6.93078
254.30000,3.45953,-7.21333
254.31000,3.24899,-7.36102
254.32000,3.11441,-7.04911
254.33000,3.28665,-7.50140
254.34000,3.12750,-7.17840
254.35000,3.33725,-7.18129
254.36000,3.23756,-7.36636
254.37000,3.11026,-7.34199
254.38000,2.78697,-7.28784
254.39000,3.01201,-7.37420
254.40000,3.17026,-7.24484
254.41000,2.83633,-7.32396
254.42000,2.80801,-7.78051
254.43000,2.49159,-7.70168
254.44000,2.93071,-8.03155
254.45000,3.22623,-7.39334
254.46000,2.67955,-7.57048
254.47000,2.60969,-7.75699
254.48000,2.69261,-7.67148
254.49000,2.65916,-7.60123
254.50000,2.58157,-7.22493
254.51000,2.62469,-7.42870
254.52000,2.49305,-7.73362
254.53000,2.22355,-7.91293
254.54000,2.43007,-7.71758
254.55000,2.29273,-7.69929
254.56000,2.18065,-8.01622
254.57000,1.90309,-7.72577
254.58000,1.91144,-7.64590
254.59000,2.04486,-7.87445
254.60000,1.70239,-7.93264
254.61000,1.95838,-7.65152
254.62000,1.77133,-7.72633
254.63000,2.15288,-7.80637
254.64000,1.89846,-7.86842
254.65000,2.00049,-7.82092
254.66000,1.68346,-7.52195
254.67000,1.12224,-7.62441
254.68000,1.57594,-7.95181
254.69000,1.15371,-8.44052
254.70000,1.49533,-7.99239
254.71000,0.85837,-7.79467
254.72000,1.37837,-8.16592
254.73000,1.60525,-7.89041
254.74000,1.51233,-7.67200
254.75000,1.26125,-7.89249
254.76000,1.09106,-7.92077
254.77000,1.42968,-8.05961
254.78000,1.23547,-7.94155
254.79000,0.97023,-7.69051
254.80000,1.01578,-7.88772
254.81000,0.93351,-7.85020
254.82000,0.96363,-7.89515
254.83000,0.91197,-7.81829
254.84000,0.74906,-7.75771
254.85000,0.51254,-8.20161
254.86000,0.73609,-8.27825
254.87000,0.94659,-7.98668
254.88000,0.58391,-7.88721
254.89000,0.33947,-8.09849
254.90000,0.40477,-8.07449
254.91000,0.37874,-7.85110
254.92000,-0.02206,-7.78404
254.93000,0.60148,-7.81369
254.94000,0.18994,-7.60953
254.95000,0.01359,-7.80052
254.96000,-0.15392,-8.09090
254.97000,0.24692,-7.78523
254.98000,-0.16489,-8.12930
254.99000,-0.01732,-8.35754
255.00000,-0.31067,-8.27629
255.01000,-0.23038,-8.18394
255.02000,0.11357,-7.99278
255.03000,-0.15806,-8.08430
255.04000,-0.24987,-8.02825
255.05000,0.17256,-7.87677
255.06000,-0.25083,-8.16030
255.07000,-0.58507,-8.24319
255.08000,-0.40901,-7.83169
255.09000,-0.42655,-8.02502
255.10000,-0.46911,-7.93158
255.11000,-0.96983,-7.98445
255.12000,-0.40429,-7.85365
255.13000,-0.72791,-7.72947
255.14000,-0.92332,-7.78856
255.15000,-0.72985,-8.11850
255.16000,-0.80682,-7.82719
255.17000,-0.65534,-7.89230
255.18000,-1.35358,-7.75769
255.19000,-0.87439,-7.62978
255.20000,-0.63672,-8.09345
255.21000,-1.03831,-7.97454
255.22000,-1.22641,-8.04719
255.23000,-0.80814,-7.98686
255.24000,-1.11248,-8.14895
255.25000,-1.38807,-7.57914
255.26000,-1.26442,-7.66770
255.27000,-1.21291,-7.99191
255.28000,-1.21358,-7.68586
255.29000,-1.38463,-7.70275
255.30000,-1.58651,-7.83346
255.31000,-1.62573,-7.89681
255.32000,-1.69069,-7.87178
255.33000,-1.57234,-7.77690
255.34000,-1.54931,-7.38685
255.35000,-1.76014,-7.75725
255.36000,-2.12034,-7.82620
255.37000,-1.78442,-7.85267
255.38000,-1.49682,-7.90764
255.39000,-1.90894,-8.29091
255.40000,-2.21493,-7.69891
255.41000,-2.28651,-7.54172
255.42000,-1.78491,-7.61116
255.43000,-2.06794,-7.50129
255.44000,-2.25458,-7.71615
255.45000,-2.10513,-7.56137
255.46000,-2.38617,-7.31530
255.47000,-2.17034,-7.29120
255.48000,-2.24173,-7.31206
255.49000,-2.90767,-7.61481
255.50000,-2.49363,-7.43702
255.51000,-2.38102,-7.61596
255.52000,-2.45866,-7.60833
255.53000,-2.85039,-7.27415
255.54000,-2.65308,-7.89727
255.55000,-3.09917,-7.71290
255.56000,-2.77851,-7.61007
255.57000,-2.64507,-7.41929
255.58000,-2.76701,-7.35262
255.59000,-3.13168,-7.15882
255.60000,-3.03267,-7.34147
255.61000,-2.98095,-7.77335
255.62000,-2.95251,-7.31700
255.63000,-3.21105,-7.36763
255.64000,-3.37247,-7.40400
255.65000,-3.40659,-7.26882
255.66000,-3.47338,-7.52142
255.67000,-3.06765,-7.60238
255.68000,-3.44740,-7.41428
255.69000,-3.43407,-7.12867
255.70000,-3.45153,-7.25400
255.71000,-3.85947,-7.31399
255.72000,-3.42079,-7.15722
255.73000,-3.57318,-7.12481
255.74000,-3.40490,-7.27449
255.75000,-3.86508,-7.36317
255.76000,-3.81677,-7.11000
255.77000,-3.74388,-6.85051
255.78000,-3.82799,-6.94390
255.79000,-3.84674,-6.98702
255.80000,-3.72747,-6.71385
255.81000,-3.98059,-7.28566
255.82000,-3.79655,-6.76044
255.83000,-3.83658,-6.93925
255.84000,-4.19655,-6.95574
255.85000,-4.39597,-6.87202
255.86000,-4.16072,-7.15996
255.87000,-4.38293,-6.51196
255.88000,-4.12991,-6.84626
255.89000,-4.19195,-6.58247
255.90000,-4.22264,-6.65713
255.91000,-4.44645,-6.83364
255.92000,-4.07932,-6.68063
255.93000,-4.54048,-6.77668
255.94000,-4.44467,-6.54980
255.95000,-4.39389,-6.61104
255.96000,-4.63009,-6.34602
255.97000,-4.71313,-6.54542
255.98000,-4.71534,-6.49501
255.99000,-4.47180,-6.47890
256.00000,-4.74239,-6.54869
256.01000,-5.01218,-6.65137
256.02000,-5.00228,-6.36932
256.03000,-4.44497,-6.30817
256.04000,-4.89734,-6.41971
256.05000,-5.22145,-6.40880
256.06000,-4.88846,-6.16034
256.07000,-4.89028,-6.35810
256.08000,-4.92315,-6.23932
256.09000,-5.03047,-6.26387
256.10000,-5.09926,-6.06640
256.11000,-5.01464,-6.17187
256.12000,-5.19405,-6.06108
256.13000,-5.15433,-6.24602
256.14000,-5.18418,-6.10562
256.15000,-5.51879,-5.73698
256.16000,-4.94143,-5.77183
256.17000,-5.70164,-5.84391
256.18000,-5.46766,-5.72276
256.19000,-5.45393,-5.60999
256.20000,-5.43730,-6.02435
256.21000,-5.60718,-5.72916
256.22000,-5.65749,-5.70276
256.23000,-5.68753,-5.93265
256.24000,-5.70453,-5.81366
256.25000,-5.64886,-6.05695
256.26000,-5.66174,-5.73059
256.27000,-5.71057,-5.35069
256.28000,-5.82017,-5.34549
256.29000,-5.80612,-5.63252
256.30000,-5.74216,-5.42576
256.31000,-5.80109,-5.58133
256.32000,-5.87768,-5.58188
256.33000,-5.74478,-5.18492
256.34000,-6.03549,-5.33622
256.35000,-5.77473,-5.59829
256.36000,-6.03257,-5.04197
256.37000,-5.92735,-4.76091
256.38000,-6.07956,-5.25382
256.39000,-6.19496,-5.26934
256.40000,-6.27462,-5.01739
256.41000,-6.27143,-5.39416
256.42000,-6.06621,-4.86500
256.43000,-6.14476,-5.13646
256.44000,-6.47037,-4.79893
256.45000,-6.28851,-5.04691
256.46000,-6.56617,-5.10932
256.47000,-6.10346,-4.95821
256.48000,-6.53014,-4.76170
256.49000,-6.60073,-4.69378
256.50000,-6.77796,-4.73713
256.51000,-6.79335,-4.54646
256.52000,-6.04658,-4.76457
256.53000,-6.57107,-4.90415
256.54000,-6.53284,-4.97834
256.55000,-6.72506,-4.52920
256.56000,-6.61425,-4.36653
256.57000,-6.56429,-4.63496
256.58000,-6.67403,-4.01605
256.59000,-6.79062,-4.35684
256.60000,-6.91383,-4.02307
256.61000,-7.04902,-4.22437
256.62000,-6.87776,-4.51386
256.63000,-7.06527,-3.91075
256.64000,-6.66987,-4.15209
256.65000,-7.18908,-4.14620
256.66000,-7.02277,-4.08111
256.67000,-6.68484,-4.15111
256.68000,-6.94216,-3.80661
256.69000,-7.39195,-3.67878
256.70000,-7.08790,-3.60890
256.71000,-6.99358,-3.82331
256.72000,-6.90878,-4.04065
256.73000,-7.08968,-3.74441
256.74000,-6.83671,-3.70058
256.75000,-7.16899,-3.91443
256.76000,-7.32366,-3.28693
256.77000,-6.94355,-3.43293
256.78000,-7.26263,-3.51284
256.79000,-7.34343,-3.83304
256.80000,-7.04903,-3.36642
256.81000,-7.31984,-3.54236
256.82000,-7.27668,-3.17847
256.83000,-7.33737,-3.30187
256.84000,-7.34325,-3.39707
256.85000,-7.11322,-3.22205
256.86000,-7.31527,-2.96183
256.87000,-7.24091,-3.32509
256.88000,-7.54678,-3.06846
256.89000,-7.07485,-2.78208
256.90000,-7.42993,-2.99558
256.91000,-7.35380,-2.95461
256.92000,-7.48240,-2.71605
256.93000,-7.28088,-2.75675
256.94000,-7.78088,-2.71231
256.95000,-7.68160,-2.41763
256.96000,-7.38130,-2.63358
256.97000,-7.37004,-2.59803
256.98000,-7.53007,-2.42540
256.99000,-7.55139,-2.32069
257.00000,-7.57451,-2.67507
257.01000,-7.60529,-2.44446
257.02000,-7.38767,-2.45172
257.03000,-7.36066,-2.17180
257.04000,-7.57422,-2.08565
257.05000,-7.32172,-2.00804
257.06000,-7.93906,-2.19527
257.07000,-7.47500,-2.32307
257.08000,-7.79765,-1.47053
257.09000,-7.63353,-1.75765
257.10000,-7.74895,-1.86737
257.11000,-7.54781,-1.87659
257.12000,-7.95729,-1.65903
257.13000,-7.91131,-2.02585
257.14000,-7.56864,-1.86462
257.15000,-7.71573,-1.84187
257.16000,-7.79135,-1.67161
257.17000,-7.95852,-1.59778
257.18000,-7.79171,-1.63733
257.19000,-7.71706,-1.43833
257.20000,-7.73975,-1.66036
257.21000,-7.65182,-1.54831
257.22000,-7.77502,-1.31816
257.23000,-7.82624,-1.41222
257.24000,-7.93544,-1.44269
257.25000,-7.89742,-1.28934
257.26000,-8.06740,-1.03981
257.27000,-7.72887,-0.83073
257.28000,-8.02117,-0.91227
257.29000,-8.09526,-1.15820
257.30000,-7.92831,-1.12983
257.31000,-7.93683,-1.14565
257.32000,-8.00672,-1.12036
257.33000,-8.39056,-1.20915
257.34000,-7.90021,-0.87199
257.35000,-7.92253,-0.58150
257.36000,-7.96845,-0.68981
257.37000,-7.90676,-0.60439
257.38000,-7.70935,-0.34473
257.39000,-7.96056,-0.80957
257.40000,-7.90887,-0.53619
257.41000,-7.75928,-0.67046
257.42000,-7.87486,-0.11515
257.43000,-8.23193,-0.27850
257.44000,-7.98755,-0.87907
257.45000,-8.06151,-0.34759
257.46000,-8.25133,0.03355
257.47000,-7.57546,-0.08692
257.48000,-8.07064,-0.21360
257.49000,-7.87598,-0.12429
257.50000,-8.24384,0.04319
257.51000,-7.79600,0.17601
257.52000,-7.93573,0.40222
257.53000,-8.03825,0.21382
257.54000,-7.94558,0.29910
257.55000,-7.83097,-0.01869
257.56000,-8.03831,0.40194
257.57000,-8.08477,0.07080
257.58000,-7.84674,0.35004
257.59000,-7.45666,0.43213
257.60000,-7.96085,0.87435
257.61000,-7.95086,0.47190
257.62000,-7.87672,0.61564
257.63000,-7.73331,0.59860
257.64000,-7.77876,0.72283
257.65000,-7.88931,0.90219
257.66000,-7.80728,0.56893
257.67000,-8.23689,0.66046
257.68000,-8.27404,0.91035
257.69000,-8.01038,0.98121
257.70000,-7.78074,1.18181
257.71000,-8.14022,1.37726
257.72000,-7.93556,0.86707
257.73000,-7.92340,1.10398
257.74000,-7.79330,1.12805
257.75000,-8.32830,1.00350
257.76000,-7.64051,1.22248
257.77000,-7.92358,1.46629
257.78000,-7.99940,1.33500
257.79000,-8.02284,1.22206
257.80000,-7.93011,1.40062
257.81000,-7.81319,1.55486
257.82000,-7.84054,1.15503
257.83000,-7.67718,1.70619
257.84000,-7.83557,1.71352
257.85000,-7.90464,1.56793
257.86000,-7.69845,1.59483
257.87000,-7.56377,1.69177
257.88000,-7.54749,1.81658
257.89000,-7.87511,2.25257
257.90000,-7.79356,2.22012
257.91000,-7.91207,1.99711
257.92000,-7.79854,2.17554
257.93000,-7.94984,1.78762
257.94000,-7.79053,2.05074
257.95000,-7.76435,2.49143
257.96000,-7.51883,2.42203
257.97000,-7.68599,2.12898
257.98000,-7.84067,2.15908
257.99000,-7.71894,2.27925
258.00000,-7.73848,2.64127
258.01000,-8.02705,2.83905
258.02000,-7.78051,2.42824
258.03000,-7.53353,2.71117
258.04000,-7.70416,2.42403
258.05000,-7.40495,2.59885
258.06000,-7.39802,2.84738
258.07000,-7.55662,2.73218
258.08000,-7.19344,2.92410
258.09000,-7.09463,2.97224
258.10000,-7.16823,2.85255
258.11000,-7.37818,2.82954
258.12000,-7.61047,3.10252
258.13000,-7.38749,3.17802
258.14000,-7.60667,3.01552
258.15000,-7.50516,3.05647
258.16000,-7.46286,3.53208
258.17000,-7.34627,3.01575
258.18000,-7.58079,3.60859
258.19000,-7.32023,3.33598
258.20000,-7.16320,3.47226
258.21000,-6.93232,3.58016
258.22000,-7.23717,3.61482
258.23000,-7.04002,3.65916
258.24000,-7.09666,3.47507
258.25000,-7.02353,3.42964
258.26000,-7.55048,3.52173
258.27000,-6.78362,3.95003
258.28000,-6.83409,4.18063
258.29000,-7.06984,3.81134
258.30000,-6.83020,3.42313
258.31000,-7.10211,3.81526
258.32000,-6.99365,3.84754
258.33000,-7.39940,3.77276
258.34000,-7.11252,4.12947
258.35000,-6.94369,4.12880
258.36000,-6.71202,4.25591
258.37000,-6.61546,4.07291
258.38000,-6.90576,4.07447
258.39000,-7.15385,4.13833
258.40000,-6.82772,4.36583
258.41000,-6.59328,4.56773
258.42000,-6.60227,4.56804
258.43000,-7.09426,4.71542
258.44000,-6.39415,4.38795
258.45000,-6.69998,4.38037
258.46000,-6.61443,4.33104
258.47000,-6.77700,4.55669
258.48000,-6.69648,4.82666
258.49000,-6.26684,4.67152
258.50000,-6.45970,4.68123
258.51000,-6.43949,4.71311
258.52000,-6.42312,4.62352
258.53000,-6.51037,4.37016
258.54000,-6.09154,4.65918
258.55000,-5.71452,4.88345
258.56000,-6.19663,4.82355
258.57000,-6.36989,5.02211
258.58000,-6.10462,5.13601
258.59000,-6.19328,4.85278
258.60000,-6.20240,5.02671
258.61000,-5.98088,5.14050
258.62000,-5.96441,5.14664
258.63000,-6.11220,5.22193
258.64000,-6.23653,5.40143
258.65000,-5.87352,5.53117
258.66000,-5.90212,5.36209
258.67000,-6.09096,5.71395
258.68000,-5.79784,5.52165
258.69000,-5.97150,5.53724
258.70000,-5.54893,5.54689
258.71000,-5.45877,5.26474
258.72000,-5.83129,5.50672
258.73000,-5.61420,5.71536
258.74000,-5.86884,5.62007
258.75000,-5.84648,5.98685
258.76000,-5.55665,5.56586
258.77000,-5.57579,5.87836
258.78000,-6.20958,5.59400
258.79000,-5.60917,5.53625
258.80000,-5.71565,5.92084
258.81000,-5.31002,5.83712
258.82000,-5.35193,5.76291
258.83000,-5.27556,5.88387
258.84000,-5.16228,6.36279
258.85000,-5.40832,5.85125
258.86000,-5.18092,5.98411
258.87000,-5.00703,6.28602
258.88000,-5.07493,6.03730
258.89000,-5.21373,5.86857
258.90000,-4.87305,6.23580
258.91000,-4.68295,6.23422
258.92000,-4.81748,6.35955
258.93000,-4.96949,6.31052
258.94000,-4.80906,6.25174
258.95000,-4.81310,6.56154
258.96000,-4.99483,6.31458
258.97000,-4.72633,6.36340
258.98000,-5.03868,6.88562
258.99000,-4.70048,6.62228
259.00000,-4.87510,6.40567
259.01000,-4.39139,6.33515
259.02000,-4.62364,6.77549
259.03000,-4.75966,6.46855
259.04000,-4.89582,6.54097
259.05000,-4.42161,6.47479
259.06000,-4.51600,6.43125
259.07000,-4.53776,6.62114
259.08000,-4.53333,6.65843
259.09000,-4.30840,6.53767
259.10000,-4.27846,6.95114
259.11000,-4.06540,7.00494
259.12000,-4.21334,6.92038
259.13000,-4.36778,6.57419
259.14000,-4.33177,7.09670
259.15000,-3.77931,6.65091
259.16000,-3.79482,7.22288
259.17000,-3.92060,7.03204
259.18000,-4.04142,6.80934
259.19000,-3.99528,6.82425
259.20000,-4.02949,7.02930
259.21000,-3.59603,7.00860
259.22000,-3.20329,7.19083
259.23000,-3.52948,7.04438
259.24000,-3.89974,7.07361
259.25000,-3.51095,7.30562
259.26000,-3.79894,6.99098
259.27000,-3.72142,6.90530
259.28000,-3.43963,7.45871
259.29000,-3.57115,7.09178
259.30000,-3.70733,7.22088
259.31000,-3.50732,7.28646
259.32000,-3.12606,6.91516
259.33000,-3.21062,7.09516
259.34000,-3.31944,7.52909
259.35000,-3.65255,7.46134
259.36000,-3.02012,7.44029
259.37000,-3.04412,7.30541
259.38000,-2.89977,7.22174
259.39000,-2.92389,7.65239
259.40000,-2.99735,7.47992
259.41000,-3.22072,7.75395
259.42000,-3.27840,7.47171
259.43000,-2.63412,7.37149
259.44000,-2.79816,7.40767
259.45000,-2.40290,7.72927
259.46000,-2.56630,7.60296
259.47000,-2.66377,7.46549
259.48000,-2.88049,7.56271
259.49000,-2.34066,7.65636
259.50000,-2.49306,7.44409
259.51000,-2.23538,7.77673
259.52000,-2.25540,7.51327
259.53000,-2.11509,7.54088
259.54000,-2.40690,7.61963
259.55000,-1.93859,7.85143
259.56000,-1.83493,7.73103
259.57000,-2.13831,7.77504
259.58000,-2.25316,7.82782
259.59000,-2.24919,7.51761
259.60000,-2.24116,7.60481
259.61000,-2.08297,7.67978
259.62000,-2.10358,7.55443
259.63000,-2.09163,7.54175
259.64000,-1.92042,7.74421
259.65000,-2.04360,7.88116
259.66000,-1.72392,7.84969
259.67000,-1.89125,7.89363
259.68000,-1.47373,8.22955
259.69000,-1.60955,7.94974
259.70000,-1.78829,7.63900
259.71000,-1.53014,7.98773
259.72000,-1.52502,7.81865
259.73000,-1.25716,8.13734
259.74000,-1.08377,7.74246
259.75000,-1.18454,7.77162
259.76000,-1.27073,7.58739
259.77000,-1.08282,8.00633
259.78000,-0.76467,7.76307
259.79000,-0.73133,7.89827
259.80000,-0.81976,8.04864
259.81000,-1.32776,8.01003
259.82000,-0.77750,8.03020
259.83000,-1.02404,7.86346
259.84000,-0.88601,8.04048
259.85000,-0.69040,7.90257
259.86000,-0.74227,7.61747
259.87000,-0.40378,7.73566
259.88000,-0.91711,8.10137
259.89000,-0.22964,8.08417
259.90000,-0.20787,7.92527
259.91000,-0.31191,8.21023
259.92000,-0.11432,7.93368
259.93000,-0.26420,8.22723
259.94000,-0.27300,8.25745
259.95000,-0.50873,7.93184
259.96000,-0.55230,7.82917
259.97000,-0.08405,7.85575
259.98000,-0.03603,8.30448
259.99000,0.00214,8.31910
260.00000,0.03615,8.27442
260.01000,0.19868,8.04428
260.02000,0.12135,8.03704
260.03000,0.37908,8.43722
260.04000,0.20939,7.97740
260.05000,0.24576,7.91387
260.06000,0.46422,7.97587
260.07000,0.39787,7.99076
260.08000,0.57830,8.08701
260.09000,0.35192,8.16248
260.10000,0.53494,7.91124
260.11000,0.27584,8.07719
260.12000,0.41311,7.70933
260.13000,0.69581,7.84981
260.14000,0.65979,7.69777
260.15000,0.71458,7.97282
260.16000,1.07854,7.95163
260.17000,0.79846,8.13650
260.18000,0.79242,7.94176
260.19000,0.97168,8.06806
260.20000,1.05965,8.12193
260.21000,1.18696,7.84652
260.22000,1.22855,8.07518
260.23000,0.88988,7.86633
260.24000,1.46202,8.29166
260.25000,1.10394,7.85028
260.26000,1.29165,7.64152
260.27000,1.03623,7.93771
260.28000,1.18333,7.94063
260.29000,1.03545,7.82201
260.30000,1.55964,7.61152
260.31000,1.30361,7.77370
260.32000,1.21886,7.79887
260.33000,1.55277,7.97682
260.34000,1.85233,7.89325
260.35000,1.59136,7.64597
260.36000,1.89469,8.07708
260.37000,1.51143,7.72877
260.38000,1.67431,7.65165
260.39000,2.03935,7.59106
260.40000,2.01522,7.72811
260.41000,1.79311,7.65296
260.42000,2.07439,7.44104
260.43000,2.39044,7.45775
260.44000,2.40886,7.79251
260.45000,2.03928,7.56046
260.46000,2.48214,7.95873
260.47000,2.44362,7.58713
260.48000,2.77232,7.80095
260.49000,2.67783,7.68931
260.50000,2.25409,7.57673
260.51000,2.30253,7.54416
260.52000,2.58793,7.37714
260.53000,2.52266,7.90695
260.54000,2.53747,7.01714
260.55000,2.83922,7.29103
260.56000,2.57792,7.63668
260.57000,2.37330,7.40725
260.58000,2.87250,7.62626
260.59000,3.08545,7.07504
260.60000,2.78030,7.69233
260.61000,3.07432,7.46436
260.62000,2.81903,7.41194
260.63000,3.41368,7.49986
260.64000,2.97076,7.57034
260.65000,3.40494,7.14933
260.66000,3.30473,7.39212
260.67000,3.08862,7.29253
260.68000,3.63086,7.15889
260.69000,3.40001,7.25372
260.70000,3.30822,7.06120
260.71000,3.27507,7.03599
260.72000,3.73578,7.17372
260.73000,3.53917,6.93244
260.74000,3.73679,7.24312
260.75000,3.35675,6.88967
260.76000,3.25243,7.25705
260.77000,3.66939,7.19164
260.78000,3.79727,6.71709
260.79000,3.65347,6.98458
260.80000,3.67312,6.79496
260.81000,3.98257,6.97812
260.82000,3.89509,6.61933
260.83000,3.74619,7.02131
260.84000,4.00399,6.58404
260.85000,4.12108,6.84046
260.86000,3.96094,6.99927
260.87000,4.14183,7.11926
260.88000,4.27464,6.72161
260.89000,4.15032,6.58923
260.90000,4.26801,6.81673
260.91000,3.97156,6.88072
260.92000,4.09849,6.28773
260.93000,4.32061,6.95313
260.94000,4.51748,6.59928
260.95000,4.28764,6.54631
260.96000,4.66770,6.60514
260.97000,4.91476,6.42312
260.98000,4.63050,6.08129
260.99000,4.38930,6.70455
261.00000,4.94759,6.61130
261.01000,5.02413,6.82609
261.02000,4.56264,6.48004
261.03000,4.82111,6.47042
261.04000,4.82416,6.35437
261.05000,4.69903,6.36225
261.06000,5.07808,6.28083
261.07000,4.99253,6.05945
261.08000,5.01536,6.22503
261.09000,5.23813,6.04714
261.10000,4.97035,6.00700
261.11000,5.03737,6.28051
261.12000,5.02196,6.21248
261.13000,5.25399,6.02479
261.14000,5.25560,6.12043
261.15000,5.09149,5.91700
261.16000,5.14475,5.88742
261.17000,5.26445,6.44238
261.18000,5.19057,6.06644
261.19000,5.47487,6.33530
261.20000,5.64193,5.88801
261.21000,5.74043,5.77179
261.22000,5.46137,5.80418
261.23000,5.09445,5.93367
261.24000,5.50933,5.74306
261.25000,5.53725,5.48865
261.26000,5.38080,5.61300
261.27000,5.48195,5.56761
261.28000,5.45431,5.76421
261.29000,5.69216,5.66311
261.30000,5.87851,5.51106
261.31000,5.77836,5.67806
261.32000,6.37608,5.36827
261.33000,5.88585,5.16756
261.34000,5.65477,5.32252
261.35000,5.74565,5.44096
261.36000,6.10736,5.40352
261.37000,6.37912,5.04058
261.38000,6.43119,5.14813
261.39000,6.19007,5.25456
261.40000,6.56844,5.24253
261.41000,6.37802,4.96370
261.42000,6.31275,5.21773
261.43000,6.01122,5.10860
261.44000,6.12124,4.84610
261.45000,6.23547,5.00464
261.46000,6.54582,4.76721
261.47000,6.55074,5.14709
261.48000,6.29373,4.58242
261.49000,6.43199,4.84024
261.50000,6.48502,4.39855
261.51000,6.62691,4.78852
261.52000,6.48495,4.74520
261.53000,6.63240,4.53304
261.54000,6.45055,4.49455
261.55000,6.41816,4.35507
261.56000,6.67054,4.53749
261.57000,6.85524,4.23232
261.58000,6.87335,4.14815
261.59000,6.62245,4.15944
261.60000,6.82383,4.26890
261.61000,6.45345,4.27300
261.62000,6.93422,4.39992
261.63000,6.96522,4.22935
261.64000,6.88035,4.23770
261.65000,6.62814,4.20355
261.66000,7.07477,3.77793
261.67000,6.90025,3.81873
261.68000,7.08409,3.92790
261.69000,7.05647,4.13615
261.70000,6.96885,3.70835
261.71000,7.25369,4.02698
261.72000,6.83098,3.77986
261.73000,6.95883,4.14402
261.74000,7.24506,3.59621
261.75000,7.17522,3.60791
261.76000,7.35748,3.65096
261.77000,7.10415,3.98731
261.78000,7.23340,3.70649
261.79000,7.30306,3.58200
261.80000,7.11322,3.26085
261.81000,7.08666,3.50504
261.82000,7.51576,3.30700
261.83000,7.34224,3.53604
261.84000,7.16949,3.24290
261.85000,7.37186,3.06781
261.86000,7.65141,3.31454
261.87000,7.47296,3.14405
261.88000,7.26162,3.20864
261.89000,7.46024,2.90348
261.90000,7.75926,2.63300
261.91000,7.44131,2.89353
261.92000,7.82579,3.34126
261.93000,7.66579,2.75528
261.94000,7.43266,2.84131
261.95000,7.43076,2.82984
261.96000,7.64339,2.88737
261.97000,7.67617,2.95906
261.98000,7.32943,2.72934
261.99000,7.48918,2.87665
262.00000,7.70227,2.39412
262.01000,7.82898,2.38715
262.02000,7.80383,2.53927
262.03000,7.62158,2.32133
262.04000,7.77055,2.49909
262.05000,7.46550,2.08705
262.06000,7.61213,2.09706
262.07000,7.94229,2.12718
262.08000,8.01300,2.40889
262.09000,7.84018,2.20457
262.10000,7.53282,1.85114
262.11000,7.84786,1.62733
262.12000,7.43148,1.82396
262.13000,8.08454,1.77538
262.14000,7.82777,1.65446
262.15000,8.18716,1.89254
262.16000,7.60538,1.68640
262.17000,7.94400,1.72985
262.18000,7.99080,1.48382
262.19000,7.83274,1.83536
262.20000,7.98045,1.48280
262.21000,7.81293,1.53653
262.22000,8.04657,1.56752
262.23000,8.11422,1.31096
262.24000,7.86198,1.49812
262.25000,7.89079,1.13260
262.26000,8.10697,1.14267
262.27000,8.02899,1.27926
262.28000,7.99167,0.97647
262.29000,7.97420,1.19756
262.30000,7.81339,1.41483
262.31000,7.80345,1.03342
262.32000,7.74501,0.89392
262.33000,8.14219,1.04358
262.34000,7.85114,0.86187
262.35000,8.10224,0.82037
262.36000,8.03693,0.61368
262.37000,8.00811,0.72702
262.38000,8.30582,0.32320
262.39000,8.24267,0.40699
262.40000,7.83315,0.32543
262.41000,8.19245,0.56607
262.42000,7.89564,0.28000
262.43000,7.81281,0.02085
262.44000,8.15260,0.45407
262.45000,7.76401,0.04864
262.46000,8.24555,-0.03650
262.47000,8.13810,0.43696
262.48000,8.06368,-0.00224
262.49000,8.06952,0.19041
262.50000,7.89562,-0.15214
262.51000,8.25510,0.14914
262.52000,7.92561,-0.03344
262.53000,8.42809,-0.14637
262.54000,8.01344,-0.67746
262.55000,7.79370,-0.17003
262.56000,8.10476,-0.44714
262.57000,7.65821,-0.34179
262.58000,8.16242,-0.73068
262.59000,8.04566,-0.43686
262.60000,8.43916,-0.43116
262.61000,7.94043,-0.74278
262.62000,8.07367,-0.92592
262.63000,8.24863,-0.62758
262.64000,8.04571,-1.06805
262.65000,7.91175,-0.89590
262.66000,7.83786,-0.32875
262.67000,7.90949,-0.71720
262.68000,7.78017,-0.84963
262.69000,7.78076,-0.83419
262.70000,7.79850,-1.00899
262.71000,8.01771,-1.32103
262.72000,8.12661,-1.45248
262.73000,7.92664,-1.09394
262.74000,7.73519,-1.33756
262.75000,7.98402,-1.35144
262.76000,7.87273,-1.12759
262.77000,7.97507,-1.33194
262.78000,8.12246,-1.61577
262.79000,8.03474,-1.75116
262.80000,7.58495,-1.44930
262.81000,7.70931,-1.42896
262.82000,7.74101,-1.66756
262.83000,7.99949,-1.74297
262.84000,8.05830,-1.57050
262.85000,7.73050,-1.79692
262.86000,7.92000,-1.77720
262.87000,7.89078,-1.72298
262.88000,7.69413,-2.09238
262.89000,7.80135,-1.99442
262.90000,7.55452,-1.81202
262.91000,7.40637,-2.01595
262.92000,7.26540,-2.02672
262.93000,7.59135,-2.07835
262.94000,7.68075,-1.97222
262.95000,7.79836,-2.11004
262.96000,7.80346,-2.27706
262.97000,7.54360,-2.35745
262.98000,7.85603,-2.51792
262.99000,7.74142,-2.65629
263.00000,7.81552,-2.38815
263.01000,7.69556,-2.40120
263.02000,7.44861,-2.42377
263.03000,7.61629,-2.47350
263.04000,7.51578,-2.69939
263.05000,7.47455,-2.54995
263.06000,7.56597,-2.59479
263.07000,7.83826,-2.60545
263.08000,7.17780,-2.55731
263.09000,7.40361,-3.13030
263.10000,7.40139,-3.06340
263.11000,7.40123,-2.67241
263.12000,7.66071,-3.19217
263.13000,7.64990,-3.60054
263.14000,7.22661,-3.01381
263.15000,7.23266,-3.26541
263.16000,7.62221,-3.45045
263.17000,7.50044,-3.39704
263.18000,7.19088,-3.41108
263.19000,7.22660,-3.41075
263.20000,7.57519,-3.47209
263.21000,7.29885,-3.57690
263.22000,7.28880,-3.22119
263.23000,7.03596,-3.56835
263.24000,7.25554,-3.61098
263.25000,7.40797,-3.70376
263.26000,7.21428,-3.86386
263.27000,7.16846,-3.46330
263.28000,6.87603,-3.67537
263.29000,7.00877,-3.70196
263.30000,6.98324,-3.90462
263.31000,6.85382,-3.83232
263.32000,6.81820,-3.94014
263.33000,6.96552,-3.88153
263.34000,6.65399,-3.58467
263.35000,6.90946,-3.96211
263.36000,6.79026,-4.33029
263.37000,7.01321,-4.03803
263.38000,6.73147,-4.16962
263.39000,6.76386,-4.39407
263.40000,6.66277,-4.34727
263.41000,7.09711,-4.23219
263.42000,7.07527,-4.49276
263.43000,7.00261,-4.58467
263.44000,6.50239,-4.25774
263.45000,6.21026,-4.73766
263.46000,6.34139,-4.81636
263.47000,6.53623,-4.78153
263.48000,6.85851,-4.43132
263.49000,6.55784,-4.82186
263.50000,6.37630,-4.30298
263.51000,6.40936,-4.74861
263.52000,6.40549,-5.01543
263.53000,6.30419,-4.80740
263.54000,6.50575,-4.73994
263.55000,6.33967,-4.92578
263.56000,6.72096,-5.09429
263.57000,6.32130,-5.13762
263.58000,6.04136,-5.39597
263.59000,6.20766,-5.01102
263.60000,6.21513,-5.04304
263.61000,6.10421,-4.69599
263.62000,6.15371,-5.29477
263.63000,5.89567,-4.99031
263.64000,6.18801,-5.20797
263.65000,5.95630,-5.48706
263.66000,6.25783,-5.40093
263.67000,5.83735,-5.27142
263.68000,5.95063,-5.26945
263.69000,5.73831,-5.16561
263.70000,5.75923,-5.56694
263.71000,5.93481,-5.47841
263.72000,5.67223,-5.62575
263.73000,5.88895,-5.60235
263.74000,5.97055,-5.62169
263.75000,5.37115,-5.65344
263.76000,5.79077,-5.70204
263.77000,5.31588,-5.49612
263.78000,5.29947,-5.76210
263.79000,5.81298,-5.71853
263.80000,5.59822,-5.91196
263.81000,5.11569,-6.03318
263.82000,5.41435,-6.06635
263.83000,5.37041,-6.00496
263.84000,5.14597,-6.15800
263.85000,5.03334,-5.90837
263.86000,5.58193,-5.77219
263.87000,5.00271,-6.07215
263.88000,5.27442,-6.09854
263.89000,5.33599,-6.23073
263.90000,5.03828,-6.00336
263.91000,5.05520,-6.04935
263.92000,5.18910,-6.23529
263.93000,5.28490,-6.39664
263.94000,5.09435,-6.59911
263.95000,5.03512,-6.46075
263.96000,5.04173,-6.04213
263.97000,4.87583,-6.30165
263.98000,5.00453,-6.28245
263.99000,4.76510,-6.26551
264.00000,4.88712,-6.41141
264.01000,4.90000,-6.35039
264.02000,4.93453,-6.33666
264.03000,4.31296,-6.23039
264.04000,4.52572,-6.45051
264.05000,4.48032,-6.75536
264.06000,4.41622,-6.30224
264.07000,4.46933,-6.72249
264.08000,4.66281,-6.74774
264.09000,4.20597,-6.82746
264.10000,4.46924,-6.57148
264.11000,4.21317,-6.49810
264.12000,4.10102,-6.57815
264.13000,4.39546,-7.05961
264.14000,4.14542,-6.90626
264.15000,4.14194,-6.67662
264.16000,3.92144,-6.98751
264.17000,3.71347,-6.83095
264.18000,4.14383,-7.09890
264.19000,4.13972,-6.69883
264.20000,4.05703,-6.93280
264.21000,3.57005,-7.14116
264.22000,3.74933,-7.07655
264.23000,3.76884,-7.19116
264.24000,3.85286,-7.22445
264.25000,3.63247,-7.21326
264.26000,3.74696,-7.26367
264.27000,3.46297,-7.38903
264.28000,3.59472,-7.23524
264.29000,3.25387,-7.11900
264.30000,3.60102,-7.52636
264.31000,3.26861,-7.29364
264.32000,3.36332,-7.41225
264.33000,3.26159,-7.20641
264.34000,3.14046,-7.43862
264.35000,3.36057,-7.60203
264.36000,3.02505,-7.16162
264.37000,3.03799,-7.37861
264.38000,2.68617,-7.30730
264.39000,3.37966,-7.27629
264.40000,2.86569,-7.42951
264.41000,2.87945,-7.41106
264.42000,2.81521,-7.52188
264.43000,2.74913,-7.53580
264.44000,2.75238,-7.91329
264.45000,2.76398,-7.47704
264.46000,2.78198,-7.23002
264.47000,2.71702,-7.67721
264.48000,2.45291,-8.09781
264.49000,2.37138,-8.09384
264.50000,2.29905,-7.60998
264.51000,2.45621,-7.57475
264.52000,2.40679,-7.69432
264.53000,2.40310,-7.65165
264.54000,2.02370,-7.62061
264.55000,1.78423,-7.63574
264.56000,2.01944,-7.59917
264.57000,2.36051,-7.64597
264.58000,1.88496,-7.98411
264.59000,1.99827,-7.47610
264.60000,1.76021,-8.02049
264.61000,1.95325,-7.58658
264.62000,2.02366,-7.72319
264.63000,1.52646,-7.86054
264.64000,2.09547,-7.98342
264.65000,1.61343,-8.02740
264.66000,1.46542,-8.02095
264.67000,1.69252,-7.50733
264.68000,1.94820,-7.40675
264.69000,1.34784,-7.88535
264.70000,1.44028,-7.89224
264.71000,1.12774,-8.00290
264.72000,1.27598,-7.83003
264.73000,1.07362,-7.76089
264.74000,1.27815,-7.65476
264.75000,1.54089,-7.84809
264.76000,1.30877,-8.11559
264.77000,1.10347,-8.06115
264.78000,0.99208,-7.93053
264.79000,1.07394,-8.03704
264.80000,1.21708,-7.84961
264.81000,0.95792,-7.61423
264.82000,1.09287,-8.00661
264.83000,1.17145,-8.09057
264.84000,1.02884,-7.83100
264.85000,0.86090,-8.34077
264.86000,0.22314,-8.16185
264.87000,0.39772,-7.90894
264.88000,0.63119,-7.78654
264.89000,0.57885,-7.77972
264.90000,0.57779,-7.81947
264.91000,0.32456,-8.06328
264.92000,0.25744,-8.12841
264.93000,0.20064,-8.12337
264.94000,0.48956,-8.08101
264.95000,0.19683,-7.86286
264.96000,0.25697,-7.72304
264.97000,0.31345,-7.78365
264.98000,0.20876,-7.64402
264.99000,0.14281,-8.06015
265.00000,0.09836,-7.95417
265.01000,-0.06847,-8.13275
265.02000,0.14281,-8.15461
265.03000,-0.42185,-8.19834
265.04000,-0.25555,-7.96751
265.05000,0.04897,-7.74570
265.06000,-0.29906,-7.90994
265.07000,-0.17930,-7.84796
265.08000,-0.84494,-8.00914
265.09000,-0.35052,-7.93118
265.10000,-0.32670,-7.95521
265.11000,-0.59290,-8.14000
265.12000,-0.40979,-7.92948
265.13000,-0.62853,-7.97886
265.14000,-0.85761,-7.96850
265.15000,-0.70349,-8.15966
265.16000,-0.96184,-8.02729
265.17000,-0.94477,-8.20443
265.18000,-0.81775,-7.77172
265.19000,-1.12180,-7.95265
265.20000,-0.60064,-7.91635
265.21000,-1.11917,-7.88229
265.22000,-1.47557,-7.80211
265.23000,-1.01738,-7.87005
265.24000,-1.30385,-7.85035
265.25000,-1.25587,-7.67949
265.26000,-1.00900,-7.77062
265.27000,-1.39765,-7.94866
265.28000,-1.39221,-7.92191
265.29000,-1.48334,-8.09014
265.30000,-1.51660,-7.86524
265.31000,-1.78778,-7.83824
265.32000,-1.58421,-7.89502
265.33000,-1.96279,-8.08855
265.34000,-1.58825,-7.91578
265.35000,-1.56040,-7.93940
265.36000,-1.85203,-7.48534
265.37000,-1.60408,-7.73502
265.38000,-1.62461,-7.50710
265.39000,-2.17369,-7.77527
265.40000,-1.90369,-8.06435
265.41000,-2.28427,-7.94766
265.42000,-2.13454,-7.83925
265.43000,-2.06666,-7.65824
265.44000,-2.06734,-7.77464
265.45000,-1.85239,-7.49741
265.46000,-1.97017,-7.58691
265.47000,-2.35905,-7.82856
265.48000,-2.41088,-7.68500
265.49000,-2.54188,-7.86275
265.50000,-2.53386,-7.88146
265.51000,-2.04865,-7.53220
265.52000,-2.60179,-7.71054
265.53000,-2.45772,-7.49237
265.54000,-2.61742,-7.57437
265.55000,-2.61228,-7.73641
265.56000,-2.61742,-7.65593
265.57000,-2.75543,-7.70445
265.58000,-2.69145,-7.30286
265.59000,-2.77955,-7.41001
265.60000,-3.08828,-7.66007
265.61000,-3.12857,-7.52918
265.62000,-3.23121,-7.40683
265.63000,-2.98427,-6.97739
265.64000,-3.15482,-7.54983
265.65000,-3.30692,-7.15183
265.66000,-2.95725,-7.36642
265.67000,-3.54300,-7.26926
265.68000,-3.29714,-7.43016
265.69000,-3.58923,-7.34116
265.70000,-3.40115,-7.29704
265.71000,-3.49124,-7.33787
265.72000,-3.49180,-6.85061
265.73000,-3.81078,-7.12266
265.74000,-3.64751,-7.21430
265.75000,-3.70664,-6.89665
265.76000,-3.78255,-7.11412
265.77000,-3.56969,-6.75202
265.78000,-3.90833,-6.80051
265.79000,-3.79845,-7.13189
265.80000,-4.21119,-7.13079
265.81000,-3.43473,-6.80822
265.82000,-4.29816,-6.95046
265.83000,-3.93926,-7.35438
265.84000,-4.18149,-6.98260
265.85000,-4.15479,-6.84015
265.86000,-4.49637,-6.71786
265.87000,-4.41756,-6.83765
265.88000,-4.39623,-7.07516
265.89000,-4.13719,-6.85759
265.90000,-4.03034,-7.11920
265.91000,-4.58776,-6.77418
265.92000,-4.61285,-6.57531
265.93000,-4.49360,-6.55089
265.94000,-4.25091,-7.02484
265.95000,-4.29088,-6.76455
265.96000,-4.40112,-6.65116
265.97000,-4.95479,-6.55288
265.98000,-4.58602,-6.58333
265.99000,-4.87931,-6.68925
266.00000,-4.89369,-6.40317
266.01000,-4.96623,-6.30884
266.02000,-4.80558,-6.14321
266.03000,-4.82272,-6.45450
266.04000,-4.94258,-6.38001
266.05000,-4.84366,-6.47665
266.06000,-4.89439,-6.53233
266.07000,-4.58360,-6.36082
266.08000,-5.19738,-6.53076
266.09000,-5.19000,-6.45787
266.10000,-4.82403,-6.41998
266.11000,-4.95388,-6.11843
266.12000,-5.07386,-6.18719
266.13000,-5.44016,-5.95008
266.14000,-5.21704,-6.06344
266.15000,-5.44922,-6.12405
266.16000,-5.06576,-5.90319
266.17000,-5.34791,-5.85678
266.18000,-5.35690,-5.85688
266.19000,-5.66869,-6.20618
266.20000,-5.46809,-5.69098
266.21000,-5.60642,-5.58074
266.22000,-5.49726,-5.76613
266.23000,-5.51980,-5.94967
266.24000,-5.30461,-5.56408
266.25000,-5.72233,-5.59609
266.26000,-5.54193,-5.51850
266.27000,-5.56329,-5.38880
266.28000,-5.61192,-5.38988
266.29000,-6.01171,-5.46932
266.30000,-5.96178,-5.54832
266.31000,-5.76612,-5.63306
266.32000,-6.03326,-5.37587
266.33000,-5.74463,-5.82909
266.34000,-5.74096,-5.47268
266.35000,-6.36410,-5.53805
266.36000,-6.21658,-5.13705
266.37000,-6.11533,-5.10696
266.38000,-6.27594,-5.10425
266.39000,-6.08010,-5.14806
266.40000,-5.80381,-4.71148
266.41000,-6.25604,-4.81574
266.42000,-6.18343,-5.04447
266.43000,-6.09927,-4.90382
266.44000,-6.27592,-5.11015
266.45000,-6.45000,-5.15353
266.46000,-6.39308,-4.81209
266.47000,-6.65638,-4.57794
266.48000,-6.61748,-4.65833
266.49000,-6.60064,-4.96604
266.50000,-6.80524,-4.53467
266.51000,-6.31064,-4.61782
266.52000,-6.41063,-4.61592
266.53000,-6.60640,-4.70132
266.54000,-6.43027,-4.62844
266.55000,-6.44166,-4.58203
266.56000,-6.62036,-4.52705
266.57000,-6.66411,-4.54610
266.58000,-6.82633,-4.49495
266.59000,-7.05514,-4.57781
266.60000,-6.92113,-4.74481
266.61000,-6.57629,-4.32077
266.62000,-6.96633,-4.25328
266.63000,-6.89739,-3.93934
266.64000,-6.44298,-4.32220
266.65000,-6.98528,-4.31017
266.66000,-6.93676,-3.99777
266.67000,-7.05948,-3.87002
266.68000,-6.95262,-4.03140
266.69000,-7.20930,-4.10846
266.70000,-7.11930,-3.68810
266.71000,-7.12895,-3.63055
266.72000,-6.77859,-3.92473
266.73000,-7.25515,-3.35577
266.74000,-7.13758,-3.72067
266.75000,-7.53754,-3.57445
266.76000,-7.05990,-3.74230
266.77000,-7.41347,-3.46343
266.78000,-7.50486,-3.43537
266.79000,-7.05457,-3.45890
266.80000,-7.21085,-3.61450
266.81000,-7.55275,-3.15485
266.82000,-7.27823,-3.23899
266.83000,-7.17736,-3.37161
266.84000,-7.31038,-3.20106
266.85000,-7.37600,-3.20874
266.86000,-6.95872,-3.20162
266.87000,-7.37915,-2.85603
266.88000,-7.28782,-2.72979
266.89000,-7.60014,-3.30985
266.90000,-7.13180,-3.01375
266.91000,-7.45139,-2.88607
266.92000,-7.37383,-2.86407
266.93000,-7.52651,-2.45618
266.94000,-7.48785,-2.76873
266.95000,-7.16027,-2.54318
266.96000,-7.62690,-2.55005
266.97000,-7.66617,-2.54492
266.98000,-7.57951,-2.94131
266.99000,-7.48987,-2.50139
267.00000,-7.49589,-2.19387
267.01000,-7.38881,-2.44049
267.02000,-7.52736,-2.08283
267.03000,-7.81882,-2.13701
267.04000,-7.71053,-2.12398
267.05000,-7.58033,-2.19887
267.06000,-7.93431,-2.57969
267.07000,-7.77365,-2.16950
267.08000,-7.71761,-1.94398
267.09000,-7.83950,-2.06362
267.10000,-8.14151,-2.15656
267.11000,-7.42762,-2.14237
267.12000,-7.60794,-1.79050
267.13000,-7.54829,-1.83413
267.14000,-7.79939,-1.99776
267.15000,-7.77657,-1.66670
267.16000,-7.72001,-1.70622
267.17000,-7.96466,-1.65449
267.18000,-7.60566,-1.31592
267.19000,-7.74751,-1.74547
267.20000,-7.79068,-1.23768
267.21000,-8.26659,-1.62044
267.22000,-7.61594,-1.47368
267.23000,-7.45892,-1.23944
267.24000,-7.98715,-0.91237
267.25000,-8.01444,-1.37363
267.26000,-7.71068,-1.02052
267.27000,-7.54676,-1.29157
267.28000,-8.16510,-1.07081
267.29000,-7.99386,-1.11971
267.30000,-7.88367,-1.23589
267.31000,-7.93108,-1.02857
267.32000,-7.72759,-0.87904
267.33000,-8.18664,-0.87970
267.34000,-8.19014,-0.94062
267.35000,-8.30305,-0.86307
267.36000,-8.08145,-0.83279
267.37000,-7.62239,-0.74337
267.38000,-8.25313,-0.55871
267.39000,-8.23442,-0.65620
267.40000,-7.99960,-0.52283
267.41000,-8.14007,-0.37839
267.42000,-7.80365,-0.80238
267.43000,-8.26596,-0.30016
267.44000,-7.57531,-0.29902
267.45000,-8.19629,-0.18407
267.46000,-7.96633,-0.46333
267.47000,-8.09710,-0.40267
267.48000,-7.80424,-0.03324
267.49000,-8.11170,-0.18334
267.50000,-7.79093,-0.37137
267.51000,-8.15422,0.02001
267.52000,-7.84621,0.13910
267.53000,-8.20030,-0.04897
267.54000,-8.13136,0.09322
267.55000,-7.78916,0.33076
267.56000,-7.88582,0.11318
267.57000,-8.01103,0.15410
267.58000,-7.88406,0.29981
267.59000,-8.11340,0.56779
267.60000,-7.97378,0.61925
267.61000,-8.13232,0.63320
267.62000,-7.69033,0.84944
267.63000,-7.78824,0.83925
267.64000,-7.84799,0.80086
267.65000,-8.13028,0.68311
267.66000,-7.84821,0.97963
267.67000,-8.20751,0.58871
267.68000,-8.07510,0.84706
267.69000,-7.55364,0.59953
267.70000,-8.31733,0.96443
267.71000,-7.86267,1.04678
267.72000,-8.04629,1.43668
267.73000,-7.72204,1.50053
267.74000,-7.94597,1.28699
267.75000,-7.83678,1.52153
267.76000,-7.72774,1.18274
267.77000,-7.83312,1.28434
267.78000,-7.87173,1.58439
267.79000,-7.93761,1.48621
267.80000,-7.73987,1.46308
267.81000,-7.71927,1.60842
267.82000,-7.96975,1.45011
267.83000,-7.79582,1.57238
267.84000,-7.70802,1.67691
267.85000,-7.77707,1.72619
267.86000,-7.81627,1.73480
267.87000,-7.73582,1.69881
267.88000,-7.79346,1.84057
267.89000,-7.44706,1.94999
267.90000,-7.79306,1.86522
267.91000,-7.95128,1.93630
267.92000,-7.45062,2.18125
267.93000,-7.56863,1.63742
267.94000,-7.61584,2.10201
267.95000,-7.89307,2.30683
267.96000,-7.31283,2.00500
267.97000,-7.85793,2.67062
267.98000,-7.68971,2.21555
267.99000,-7.53906,2.50487
268.00000,-7.36118,2.43091
268.01000,-7.68226,2.57045
268.02000,-7.82600,2.53832
268.03000,-7.23612,2.23290
268.04000,-7.63237,2.77437
268.05000,-7.66022,2.53419
268.06000,-7.30779,2.39650
268.07000,-7.36577,2.89990
268.08000,-7.58355,2.81731
268.09000,-7.31575,3.03905
268.10000,-7.50082,2.96348
268.11000,-7.36781,3.10402
268.12000,-7.70016,3.28556
268.13000,-7.38045,3.44631
268.14000,-7.33167,2.85245
268.15000,-7.47407,3.18239
268.16000,-7.34622,3.29134
268.17000,-7.14408,3.43885
268.18000,-7.01235,3.51420
268.19000,-7.25754,3.35608
268.20000,-7.36840,3.63733
268.21000,-7.15047,3.74508
268.22000,-7.28089,3.57659
268.23000,-6.99476,3.49649
268.24000,-7.19956,3.53034
268.25000,-7.23928,3.81435
268.26000,-7.19431,3.97929
268.27000,-6.96203,3.70657
268.28000,-7.18879,3.52105
268.29000,-6.94454,3.61650
268.30000,-6.97460,3.96028
268.31000,-6.94720,3.99865
268.32000,-6.97004,3.94959
268.33000,-7.13798,4.08737
268.34000,-6.94884,4.24598
268.35000,-6.95670,4.19584
268.36000,-6.82241,4.44368
268.37000,-7.19124,4.30567
268.38000,-6.62006,4.13200
268.39000,-6.83885,3.96341
268.40000,-6.91873,4.43266
268.41000,-6.73450,4.17122
268.42000,-6.53387,4.56704
268.43000,-6.83018,4.27946
268.44000,-6.60686,4.57355
268.45000,-6.59338,4.34181
268.46000,-6.47687,4.46486
268.47000,-6.51169,4.81805
268.48000,-6.81570,4.56679
268.49000,-6.67469,4.72772
268.50000,-6.53170,4.87267
268.51000,-6.41636,4.49361
268.52000,-6.22537,4.92042
268.53000,-6.24148,4.89104
268.54000,-6.14632,4.65202
268.55000,-6.46100,4.84614
268.56000,-5.92876,4.91309
268.57000,-6.20008,5.03875
268.58000,-5.97101,5.23805
268.59000,-5.94499,5.03121
268.60000,-6.16796,4.97460
268.61000,-6.44126,5.31234
268.62000,-6.36600,5.26460
268.63000,-6.10786,5.16379
268.64000,-6.23430,5.37834
268.65000,-6.34802,5.39441
268.66000,-6.07791,5.27453
268.67000,-6.22180,5.13365
268.68000,-6.06171,5.41980
268.69000,-5.74304,5.35675
268.70000,-5.62620,5.69743
268.71000,-5.79461,5.85446
268.72000,-6.09584,5.27594
268.73000,-5.68757,5.67835
268.74000,-5.67037,5.85005
268.75000,-5.46566,5.73524
268.76000,-5.66760,5.87774
268.77000,-5.72331,5.85330
268.78000,-5.70836,5.80009
268.79000,-5.38104,6.11082
268.80000,-5.58686,5.86565
268.81000,-5.36124,6.13664
268.82000,-5.77570,5.91885
268.83000,-5.36357,5.94577
268.84000,-5.20363,5.85832
268.85000,-5.51420,6.08221
268.86000,-5.16488,6.06724
268.87000,-5.18252,6.04307
268.88000,-4.96156,6.18802
268.89000,-5.44973,6.41938
268.90000,-5.13233,6.00022
268.91000,-4.86472,6.49441
268.92000,-4.81686,6.13086
268.93000,-5.07068,6.26759
268.94000,-5.07429,6.33163
268.95000,-4.96747,6.15149
268.96000,-5.03741,6.66333
268.97000,-4.66005,6.29276
268.98000,-4.81974,6.49424
268.99000,-4.53745,6.11093
269.00000,-4.35766,6.12105
269.01000,-4.42608,6.49873
269.02000,-4.79212,6.30030
269.03000,-4.75289,6.57990
269.04000,-4.59119,6.49043
269.05000,-4.52330,6.56631
269.06000,-4.22755,6.73782
269.07000,-4.41068,6.48095
269.08000,-4.20171,6.62330
269.09000,-4.35567,6.93143
269.10000,-4.33365,7.03240
269.11000,-4.50673,6.80896
269.12000,-4.59417,6.79724
269.13000,-4.19909,6.72283
269.14000,-4.14146,7.13548
269.15000,-4.46356,7.03989
269.16000,-4.10304,7.14849
269.17000,-4.38408,6.66578
269.18000,-4.05603,6.80616
269.19000,-3.90446,6.98028
269.20000,-3.96308,6.99806
269.21000,-3.83078,7.03460
269.22000,-3.78889,7.19817
269.23000,-3.73272,6.87888
269.24000,-3.58061,6.82040
269.25000,-3.67477,7.17377
269.26000,-3.54165,7.14233
269.27000,-3.42425,7.51870
269.28000,-3.62941,7.30248
269.29000,-3.47153,7.50105
269.30000,-3.40355,7.25102
269.31000,-3.33967,7.18725
269.32000,-3.20782,7.07544
269.33000,-2.91253,7.45565
269.34000,-2.93896,7.20621
269.35000,-2.94339,7.29214
269.36000,-3.13393,7.47147
269.37000,-2.99731,7.06429
269.38000,-3.13269,7.35451
269.39000,-2.82198,7.34183
269.40000,-2.81677,7.63909
269.41000,-2.98036,7.32233
269.42000,-3.01509,7.71213
269.43000,-2.55453,7.64980
269.44000,-2.63710,7.48967
269.45000,-3.02411,7.80504
269.46000,-2.54264,8.02412
269.47000,-2.64756,7.58315
269.48000,-2.69316,7.82813
269.49000,-2.47373,7.82468
269.50000,-2.94691,7.62317
269.51000,-2.59659,7.51349
269.52000,-2.54170,7.88813
269.53000,-2.36091,7.57538
269.54000,-2.39851,7.77248
269.55000,-2.26128,8.19441
269.56000,-2.35779,7.63620
269.57000,-2.19741,7.88734
269.58000,-2.21860,7.71780
269.59000,-2.07623,7.37141
269.60000,-1.86989,7.59971
269.61000,-1.59398,7.68915
269.62000,-1.91370,7.93195
269.63000,-2.10398,8.03061
269.64000,-2.03887,7.65731
269.65000,-1.99514,7.72231
269.66000,-1.47784,7.64582
269.67000,-1.57666,8.06104
269.68000,-1.51547,7.85235
269.69000,-1.74371,7.77199
269.70000,-1.31819,7.45626
269.71000,-1.12724,7.34179
269.72000,-1.33948,7.68341
269.73000,-1.27644,8.08581
269.74000,-1.05780,7.95505
269.75000,-1.14299,8.04543
269.76000,-0.97509,8.04983
269.77000,-0.96238,8.00437
269.78000,-1.42702,7.84293
269.79000,-0.83279,7.95969
269.80000,-1.00500,7.55696
269.81000,-0.64502,8.27888
269.82000,-0.94314,8.01091
269.83000,-0.81839,8.08310
269.84000,-0.93891,7.84001
269.85000,-1.19219,8.06187
269.86000,-0.80968,7.74434
269.87000,-0.81805,8.05358
269.88000,-0.52711,7.72840
269.89000,-0.62473,7.66767
269.90000,-0.62487,7.81463
269.91000,-0.36744,8.06588
269.92000,-0.39277,8.17428
269.93000,0.02043,8.50509
269.94000,-0.29937,8.11923
269.95000,-0.39577,8.20439
269.96000,-0.29191,8.02708
269.97000,0.20956,8.01575
269.98000,-0.04917,8.22243
269.99000,-0.04235,7.95226
270.00000,-0.05123,8.13672
270.01000,-0.22574,7.90236
270.02000,0.09626,7.82203
270.03000,-0.18453,8.10536
270.04000,0.36737,7.91921
270.05000,0.70426,7.78563
270.06000,0.33449,8.00997
270.07000,0.54538,7.96594
270.08000,0.39619,8.10731
270.09000,0.38797,8.25614
270.10000,0.31486,8.20706
270.11000,0.54082,7.76946
270.12000,0.60908,8.15015
270.13000,0.68523,8.08814
270.14000,0.59294,7.78296
270.15000,0.48427,7.76329
270.16000,0.77044,8.18310
270.17000,0.70189,7.95365
270.18000,0.92878,7.91609
270.19000,0.61165,7.88306
270.20000,0.81345,8.06640
270.21000,1.07722,7.98439
270.22000,1.10311,7.81196
270.23000,1.48188,7.78857
270.24000,1.33013,7.99218
270.25000,1.04384,8.09373
270.26000,1.21553,8.04041
270.27000,1.42483,7.91473
270.28000,1.42701,8.05592
270.29000,1.53994,8.13879
270.30000,1.46024,8.36087
270.31000,1.57504,8.02960
270.32000,1.83906,7.64477
270.33000,1.28368,8.08250
270.34000,1.77071,7.68690
270.35000,1.73414,7.95327
270.36000,1.75076,7.66582
270.37000,1.89792,7.78963
270.38000,1.85705,7.82498
270.39000,1.88968,7.61071
270.40000,2.00524,7.70052
270.41000,2.06962,7.86173
270.42000,2.32952,7.83989
270.43000,2.17179,7.91292
270.44000,2.34465,7.95991
270.45000,2.19963,7.32424
270.46000,2.29856,7.68794
270.47000,2.32169,7.75655
270.48000,2.41022,7.96059
270.49000,2.81630,7.32256
270.50000,2.55678,7.48643
270.51000,2.77656,7.63195
270.52000,2.68602,7.50128
270.53000,2.67510,7.58866
270.54000,2.41936,7.62399
270.55000,2.51265,7.55086
270.56000,2.93782,7.43224
270.57000,2.70774,7.46332
270.58000,2.51140,7.32186
270.59000,3.05638,7.39257
270.60000,2.61045,7.66308
270.61000,3.04359,7.36174
270.62000,3.03758,7.33753
270.63000,3.00765,7.37445
270.64000,3.05501,7.25081
270.65000,3.18715,7.29351
270.66000,3.22598,6.83302
270.67000,3.40535,7.36877
270.68000,3.31862,7.33718
270.69000,3.61251,7.40288
270.70000,3.05884,7.38691
270.71000,3.43607,7.50288
270.72000,3.12290,7.04072
270.73000,3.79827,7.43812
270.74000,3.55510,7.22381
270.75000,3.97123,6.98070
270.76000,3.48986,7.43470
270.77000,3.40542,7.08472
270.78000,3.62059,7.07658
270.79000,3.95733,6.96288
270.80000,3.80644,7.23591
270.81000,3.70915,7.06580
270.82000,4.05185,6.92445
270.83000,4.14275,7.14706
270.84000,4.37076,6.92917
270.85000,4.17240,7.04719
270.86000,3.84673,7.14155
270.87000,4.05607,6.99313
270.88000,4.40006,6.88744
270.89000,4.37995,6.95871
270.90000,3.94079,6.67261
270.91000,4.38770,6.74413
270.92000,4.41051,6.60439
270.93000,4.44576,6.42226
270.94000,4.37337,6.49132
270.95000,4.39380,6.50185
270.96000,4.76532,6.43796
270.97000,4.54207,6.28534
270.98000,4.88659,6.48907
270.99000,4.63166,6.40552
271.00000,4.35360,6.52647
271.01000,4.65276,6.42690
271.02000,4.83550,6.36229
271.03000,4.86759,6.23069
271.04000,4.80490,6.62949
271.05000,4.77982,6.27373
271.06000,4.90689,6.05091
271.07000,5.11549,6.24177
271.08000,4.96349,6.20069
271.09000,4.80673,6.04455
271.10000,5.09893,6.49008
271.11000,4.91360,5.89068
271.12000,5.19481,5.65753
271.13000,5.30953,5.90115
271.14000,5.26332,5.70841
271.15000,5.14724,6.00853
271.16000,5.31295,6.00356
271.17000,5.60003,6.18957
271.18000,5.32398,5.66271
271.19000,5.30266,5.97932
271.20000,5.50723,6.02783
271.21000,5.19334,5.89225
271.22000,5.61019,5.76932
271.23000,5.70369,6.03628
271.24000,5.48221,5.61833
271.25000,5.40384,5.66965
271.26000,6.05394,5.93882
271.27000,5.92122,5.64626
271.28000,5.66139,5.53712
271.29000,5.74006,5.70679
271.30000,5.71217,5.20397
271.31000,5.72552,5.80865
271.32000,5.84193,5.32488
271.33000,6.00636,5.47843
271.34000,5.75903,5.35903
271.35000,6.18984,5.49536
271.36000,6.09698,5.29855
271.37000,5.86458,5.43929
271.38000,5.80873,4.88394
271.39000,6.21073,5.20037
271.40000,6.23796,4.90003
271.41000,6.19411,5.11342
271.42000,5.96186,5.01542
271.43000,5.94650,4.98950
271.44000,6.35020,4.62509
271.45000,6.49424,4.73491
271.46000,6.40867,4.99831
271.47000,6.31485,4.81516
271.48000,6.51681,4.48701
271.49000,6.44759,5.11177
271.50000,6.73154,4.50761
271.51000,6.36243,4.74528
271.52000,6.76529,4.71451
271.53000,6.67016,4.94087
271.54000,6.85225,4.37664
271.55000,6.69807,4.70145
271.56000,7.09981,4.36330
271.57000,6.35376,4.36200
271.58000,6.57845,4.60660
271.59000,6.66562,4.31353
271.60000,6.83405,4.21918
271.61000,6.91990,4.33347
271.62000,6.31283,4.08422
271.63000,6.66394,4.29361
271.64000,6.93370,4.30501
271.65000,6.98173,3.97814
271.66000,6.99256,3.97703
271.67000,6.87684,3.71706
271.68000,7.04184,4.20237
271.69000,7.13976,3.78607
271.70000,6.85101,3.72176
271.71000,6.96318,3.98504
271.72000,7.00912,3.78246
271.73000,6.97056,3.70382
271.74000,7.49790,3.66704
271.75000,7.18970,3.48343
271.76000,6.78939,3.47993
271.77000,7.12731,3.49358
271.78000,7.58034,3.23164
271.79000,7.16614,3.44053
271.80000,7.09925,3.43047
271.81000,7.11831,3.39666
271.82000,7.06126,3.33141
271.83000,7.17099,3.27943
271.84000,7.43854,3.20726
271.85000,7.55517,3.38074
271.86000,7.25871,3.05048
271.87000,7.59102,3.17284
271.88000,7.35512,3.19829
271.89000,7.75956,2.82763
271.90000,7.56356,2.81021
271.91000,7.39240,2.72347
271.92000,7.24190,2.76948
271.93000,7.45166,3.08713
271.94000,7.81749,2.63436
271.95000,7.51293,2.59552
271.96000,7.52184,2.53419
271.97000,7.77945,2.86825
271.98000,7.61822,2.32598
271.99000,7.48718,2.63541
272.00000,7.51327,2.55257
272.01000,7.69048,2.42032
272.02000,7.74774,2.79365
272.03000,7.71849,1.93109
272.04000,7.80074,2.29776
272.05000,7.55423,2.42968
272.06000,7.73434,2.40844
272.07000,7.41508,1.97432
272.08000,7.55814,2.06760
272.09000,7.63104,2.05876
272.10000,7.78855,1.79132
272.11000,7.64709,1.91490
272.12000,7.84931,1.57819
272.13000,7.71140,1.87371
272.14000,7.67739,1.46431
272.15000,7.88592,1.58112
272.16000,7.84590,2.00852
272.17000,7.79666,1.47214
272.18000,7.64406,1.48459
272.19000,8.02616,1.53281
272.20000,7.48860,1.72193
272.21000,7.76850,1.52919
272.22000,7.36813,1.41196
272.23000,8.16477,0.99032
272.24000,7.71788,1.59721
272.25000,7.73428,1.40456
272.26000,7.94558,1.19952
272.27000,8.01015,1.17359
272.28000,8.01388,1.13626
272.29000,7.83914,0.73858
272.30000,7.85788,1.01669
272.31000,8.21319,0.98876
272.32000,8.16859,0.91373
272.33000,7.86916,0.88758
272.34000,8.15838,0.92302
272.35000,7.98862,0.34485
272.36000,8.05340,0.78760
272.37000,8.25773,0.39579
272.38000,8.09002,0.74181
272.39000,7.75814,0.36906
272.40000,8.18638,0.02107
272.41000,7.90642,0.54314
272.42000,7.93772,0.32550
272.43000,7.96866,0.28607
272.44000,7.87598,0.30128
272.45000,7.82816,0.22808
272.46000,8.09207,0.25123
272.47000,8.21266,0.33292
272.48000,8.20975,0.07985
272.49000,8.07992,0.35932
272.50000,8.09681,0.41157
272.51000,8.38841,-0.00391
272.52000,8.07384,0.05769
272.53000,7.90863,-0.41759
272.54000,7.97289,-0.35348
272.55000,8.14592,-0.29196
272.56000,7.86885,-0.24186
272.57000,8.28649,-0.64777
272.58000,8.14903,-0.86404
272.59000,7.94906,-0.37242
272.60000,8.12124,-0.16778
272.61000,8.12658,-0.64386
272.62000,8.14928,-0.51596
272.63000,8.16294,-0.57994
272.64000,8.07452,-0.57242
272.65000,8.11898,-0.96464
272.66000,7.79920,-0.86036
272.67000,7.99791,-1.08729
272.68000,7.84665,-1.15019
272.69000,7.75899,-0.92956
272.70000,8.30070,-0.91065
272.71000,7.91784,-0.74320
272.72000,8.16197,-0.92719
272.73000,7.81158,-1.20072
272.74000,7.85202,-1.37888
272.75000,7.73516,-1.20343
272.76000,8.00162,-1.18971
272.77000,8.16683,-1.50400
272.78000,7.84711,-1.38314
272.79000,7.83526,-1.28002
272.80000,7.86084,-1.75116
272.81000,8.01352,-1.52461
272.82000,7.89616,-1.72583
272.83000,7.79938,-1.91480
272.84000,7.81887,-1.71096
272.85000,7.96855,-1.64859
272.86000,7.92177,-1.76125
272.87000,7.92100,-1.77402
272.88000,7.73822,-1.70469
272.89000,7.59891,-2.00623
272.90000,7.68297,-1.98803
272.91000,7.64006,-1.68359
272.92000,7.89375,-2.28568
272.93000,7.67671,-2.24336
272.94000,7.96868,-2.19626
272.95000,7.52159,-2.12805
272.96000,7.49046,-2.27278
272.97000,7.81891,-2.06799
272.98000,8.02431,-2.30365
272.99000,7.75051,-2.30524
273.00000,7.82280,-2.46760
273.01000,7.57176,-2.61452
273.02000,7.43513,-2.59192
273.03000,7.55726,-2.97829
273.04000,7.64771,-2.42462
273.05000,7.53685,-2.68944
273.06000,7.60612,-2.62272
273.07000,7.27592,-2.55406
273.08000,7.62013,-2.93116
273.09000,7.13561,-2.76842
273.10000,7.79324,-2.95228
273.11000,7.55344,-2.95948
273.12000,7.27359,-2.92113
273.13000,7.36247,-3.06571
273.14000,7.44284,-3.15255
273.15000,7.55919,-3.23864
273.16000,7.54865,-3.24720
273.17000,7.19165,-3.38390
273.18000,7.52636,-3.19135
273.19000,7.15842,-3.29931
273.20000,7.31182,-3.50462
273.21000,7.32180,-3.39550
273.22000,7.13745,-3.48951
273.23000,6.87991,-3.49301
273.24000,7.04666,-3.57509
273.25000,7.02239,-3.57333
273.26000,7.17427,-3.50441
273.27000,7.13788,-3.70083
273.28000,6.92435,-3.59625
273.29000,7.02318,-4.03546
273.30000,6.86679,-3.62646
273.31000,6.74258,-3.67226
273.32000,7.12076,-3.81331
273.33000,7.19055,-4.20974
273.34000,7.15599,-3.43596
273.35000,6.76966,-3.98976
273.36000,6.71317,-4.28910
273.37000,6.96341,-3.94640
273.38000,6.31128,-4.18597
273.39000,6.96400,-4.22333
273.40000,6.67876,-4.37185
273.41000,6.74984,-4.27236
273.42000,6.62956,-4.29574
273.43000,6.60835,-4.67406
273.44000,6.76314,-4.40709
273.45000,6.97695,-4.63365
273.46000,6.73670,-4.32750
273.47000,6.35277,-4.74932
273.48000,6.64465,-4.54896
273.49000,6.44715,-4.40062
273.50000,6.25591,-4.86967
273.51000,6.30262,-4.94563
273.52000,6.57847,-4.90480
273.53000,6.31718,-4.74829
273.54000,6.46728,-5.10026
273.55000,6.31070,-4.99779
273.56000,6.36092,-4.94405
273.57000,5.79380,-5.25925
273.58000,6.19072,-5.14943
273.59000,6.24458,-4.94550
273.60000,5.85566,-4.83516
273.61000,5.91008,-5.17393
273.62000,5.98839,-5.18748
273.63000,5.81236,-5.28717
273.64000,5.78396,-5.17015
273.65000,5.99537,-5.19009
273.66000,6.09481,-5.21778
273.67000,5.78267,-5.51547
273.68000,5.86884,-5.38377
273.69000,5.95285,-5.39702
273.70000,5.98067,-5.81436
273.71000,5.95380,-5.47394
273.72000,5.96244,-5.76817
273.73000,5.63397,-5.73731
273.74000,5.54299,-5.57472
273.75000,6.06981,-5.58076
273.76000,5.69417,-5.55436
273.77000,5.75719,-5.48740
273.78000,5.52890,-5.94080
273.79000,5.45193,-5.62053
273.80000,5.95149,-6.15032
273.81000,5.29488,-5.75482
273.82000,5.39415,-6.17769
273.83000,5.45725,-5.99058
273.84000,4.97959,-6.03248
273.85000,5.27074,-6.62621
273.86000,5.33289,-5.72840
273.87000,5.08392,-6.14347
273.88000,5.14460,-6.00326
273.89000,5.32452,-5.82786
273.90000,4.95152,-6.45896
273.91000,4.99868,-6.34791
273.92000,4.93798,-6.11773
273.93000,5.01373,-6.56576
273.94000,4.94882,-6.05298
273.95000,4.91629,-6.23551
273.96000,5.04108,-6.12890
273.97000,4.89201,-6.46696
273.98000,4.83231,-6.28128
273.99000,4.81347,-6.11493
274.00000,4.33498,-6.56450
274.01000,4.86187,-6.56501
274.02000,4.49459,-6.51010
274.03000,4.43753,-6.43428
274.04000,4.65181,-6.64039
274.05000,4.63734,-6.65620
274.06000,4.50477,-6.54527
274.07000,4.62440,-6.88697
274.08000,4.15696,-6.86919
274.09000,4.69805,-6.58901
274.10000,4.32938,-6.94342
274.11000,4.42538,-6.88276
274.12000,4.25633,-6.70067
274.13000,4.42299,-6.66840
274.14000,4.26647,-6.89775
274.15000,3.98903,-6.92110
274.16000,3.87952,-6.98852
274.17000,4.27188,-6.70666
274.18000,3.90755,-7.23189
274.19000,3.96294,-6.87781
274.20000,3.81828,-6.85522
274.21000,3.90321,-7.18368
274.22000,3.62871,-7.14008
274.23000,3.61683,-7.35387
274.24000,3.71193,-6.79003
274.25000,3.59399,-7.06449
274.26000,3.47227,-7.37472
274.27000,3.12607,-7.19657
274.28000,3.54414,-7.25796
274.29000,3.29257,-7.33416
274.30000,3.25731,-7.26357
274.31000,3.55223,-7.15482
274.32000,3.29864,-7.21213
274.33000,2.71052,-7.45209
274.34000,3.21073,-7.41520
274.35000,3.01279,-7.17170
274.36000,3.38794,-7.44583
274.37000,2.92979,-7.30689
274.38000,3.02313,-7.16738
274.39000,3.12469,-7.37446
274.40000,2.75401,-7.43585
274.41000,2.91802,-7.48205
274.42000,2.83639,-7.49581
274.43000,3.01810,-7.31413
274.44000,2.73746,-7.45624
274.45000,3.09693,-7.67718
274.46000,2.61584,-7.19070
274.47000,2.60883,-7.74658
274.48000,2.55297,-7.61951
274.49000,2.43186,-7.51488
274.50000,2.66315,-7.52040
274.51000,2.48413,-7.60385
274.52000,2.41595,-7.55446
274.53000,2.39256,-7.57314
274.54000,2.18756,-7.46408
274.55000,2.12652,-7.73264
274.56000,2.27582,-7.94171
274.57000,2.10655,-7.96550
274.58000,2.20414,-7.67572
274.59000,2.18505,-7.98203
274.60000,1.99760,-7.56445
274.61000,1.63022,-7.72953
274.62000,1.99165,-7.42288
274.63000,1.85730,-7.67564
274.64000,2.01831,-8.07615
274.65000,1.30332,-7.91642
274.66000,1.77219,-7.71650
274.67000,1.28866,-8.06379
274.68000,1.58754,-7.96329
274.69000,1.33267,-8.07411
274.70000,1.74395,-7.58728
274.71000,1.59197,-7.80597
274.72000,1.67966,-7.93777
274.73000,1.40498,-8.12059
274.74000,1.35168,-7.98567
274.75000,1.14021,-7.74011
274.76000,1.47990,-7.99436
274.77000,1.21266,-7.83565
274.78000,0.86418,-7.75337
274.79000,0.96746,-8.00140
274.80000,1.05114,-8.03039
274.81000,0.97314,-8.03458
274.82000,1.09124,-8.07166
274.83000,0.77038,-7.73246
274.84000,0.67963,-7.98409
274.85000,0.81166,-7.75910
274.86000,0.70956,-7.72642
274.87000,0.58608,-8.23136
274.88000,0.49890,-8.25150
274.89000,0.44402,-7.78068
274.90000,0.57494,-8.03094
274.91000,0.11916,-7.59318
274.92000,0.34007,-8.04145
274.93000,0.33159,-7.98286
274.94000,0.29934,-7.85354
274.95000,0.61361,-8.09204
274.96000,0.04053,-7.78212
274.97000,0.02682,-8.12254
274.98000,0.22332,-7.72997
274.99000,0.16574,-7.75827
275.00000,0.29783,-7.83217
275.01000,-0.15382,-7.99489
275.02000,-0.13145,-7.99426
275.03000,-0.12807,-8.05099
275.04000,-0.41721,-7.93730
275.05000,-0.44020,-7.79326
275.06000,-0.12675,-8.47091
275.07000,-0.38221,-7.85358
275.08000,-0.45226,-7.93724
275.09000,-0.41018,-8.07373
275.10000,-0.56895,-7.95066
275.11000,-0.70983,-7.89740
275.12000,-0.54579,-7.68215
275.13000,-0.64457,-7.90917
275.14000,-0.82950,-7.95916
275.15000,-0.35552,-7.59176
275.16000,-0.64346,-8.18118
275.17000,-0.68715,-8.01565
275.18000,-0.97511,-8.12291
275.19000,-0.65441,-7.91151
275.20000,-1.32699,-7.68342
275.21000,-1.27532,-8.00547
275.22000,-1.31804,-8.16288
275.23000,-1.02344,-7.87943
275.24000,-1.49139,-7.82632
275.25000,-1.40118,-7.93991
275.26000,-1.47591,-7.73516
275.27000,-1.26721,-7.83129
275.28000,-1.28167,-8.07600
275.29000,-1.49776,-7.68638
275.30000,-1.33521,-7.89016
275.31000,-1.25462,-7.81094
275.32000,-1.50231,-7.76650
275.33000,-1.71233,-8.15602
275.34000,-1.71073,-7.95844
275.35000,-1.61883,-7.89813
275.36000,-1.57393,-8.16114
275.37000,-1.99538,-7.48213
275.38000,-1.93312,-8.07363
275.39000,-1.87335,-8.08955
275.40000,-2.09940,-7.72345
275.41000,-2.04149,-7.73083
275.42000,-1.83993,-7.70569
275.43000,-2.20958,-7.51914
275.44000,-2.37555,-7.57247
275.45000,-2.33259,-7.70504
275.46000,-2.18428,-7.52301
275.47000,-2.60465,-7.55904
275.48000,-2.25822,-7.63745
275.49000,-2.60147,-7.70555
275.50000,-2.54866,-7.66089
275.51000,-2.48161,-7.73083
275.52000,-2.58497,-7.29656
275.53000,-2.84524,-7.39974
275.54000,-2.48156,-7.72277
275.55000,-2.38048,-7.34217
275.56000,-2.99509,-7.57557
275.57000,-2.80906,-7.39810
275.58000,-2.83751,-7.25819
275.59000,-3.15378,-7.59153
275.60000,-2.82356,-7.38102
275.61000,-3.18203,-7.04274
275.62000,-3.19553,-7.21722
275.63000,-3.26692,-7.65003
275.64000,-3.43378,-7.34030
275.65000,-2.91663,-7.22236
275.66000,-3.62062,-7.43968
275.67000,-3.41572,-7.32547
275.68000,-3.46728,-7.17554
275.69000,-3.37883,-7.00458
275.70000,-3.37987,-7.18328
275.71000,-3.29559,-7.42961
275.72000,-3.20323,-7.39939
275.73000,-3.36844,-7.45325
275.74000,-3.51750,-6.90696
275.75000,-3.64945,-6.94486
275.76000,-3.83033,-7.33699
275.77000,-3.53003,-7.11829
275.78000,-3.44908,-7.00691
275.79000,-3.74395,-7.12682
275.80000,-3.89909,-6.76042
275.81000,-4.13922,-6.77615
275.82000,-3.95379,-6.89063
275.83000,-3.91253,-6.82429
275.84000,-4.14966,-6.98594
275.85000,-4.11533,-6.69952
275.86000,-4.39967,-6.80606
275.87000,-4.32279,-6.68937
275.88000,-4.27112,-6.72806
275.89000,-4.36552,-6.71070
275.90000,-4.42661,-6.62731
275.91000,-4.44010,-6.71424
275.92000,-4.54368,-6.75082
275.93000,-4.29513,-6.67270
275.94000,-4.37533,-6.71926
275.95000,-4.61944,-6.72969
275.96000,-4.80681,-6.55722
275.97000,-4.60101,-6.37772
275.98000,-4.69976,-6.62516
275.99000,-4.85733,-6.17242
276.00000,-4.43189,-6.15797
276.01000,-4.63518,-6.58218
276.02000,-4.67855,-6.45661
276.03000,-4.72267,-6.37965
276.04000,-5.00666,-6.14622
276.05000,-4.95012,-6.25150
276.06000,-4.93041,-6.13550
276.07000,-4.88909,-6.42404
276.08000,-5.05283,-6.04689
276.09000,-4.84892,-6.18316
276.10000,-5.08851,-6.19754
276.11000,-4.98092,-5.97580
276.12000,-4.84060,-6.32438
276.13000,-5.54525,-6.11363
276.14000,-5.28691,-6.04530
276.15000,-5.38143,-6.30862
276.16000,-5.34086,-6.21288
276.17000,-5.58933,-6.15912
276.18000,-5.48545,-5.98884
276.19000,-5.46180,-6.29177
276.20000,-5.48281,-5.78509
276.21000,-5.59286,-6.11183
276.22000,-5.35918,-5.64616
276.23000,-5.69785,-5.71263
276.24000,-5.56724,-5.66966
276.25000,-5.63864,-5.37366
276.26000,-5.59716,-5.45376
276.27000,-5.56454,-5.64976
276.28000,-5.83869,-5.60925
276.29000,-5.96039,-5.46475
276.30000,-5.91226,-5.39846
276.31000,-5.81959,-5.54766
276.32000,-6.01870,-5.36259
276.33000,-6.01514,-5.42320
276.34000,-6.04813,-5.11480
276.35000,-6.15278,-5.08275
276.36000,-6.06123,-5.52510
276.37000,-5.98468,-5.31321
276.38000,-6.15313,-5.20141
276.39000,-6.07624,-4.96330
276.40000,-6.22409,-5.32828
276.41000,-6.21471,-4.97275
276.42000,-6.39168,-4.84971
276.43000,-6.30521,-4.82213
276.44000,-6.04510,-5.08893
276.45000,-6.40877,-5.07061
276.46000,-6.09922,-5.33548
276.47000,-6.30500,-4.89778
276.48000,-6.17227,-4.68768
276.49000,-6.48002,-4.83874
276.50000,-6.30665,-4.95230
276.51000,-6.56868,-4.57625
276.52000,-6.52047,-4.52549
276.53000,-6.75374,-4.65741
276.54000,-6.42543,-4.35682
276.55000,-6.75312,-4.48075
276.56000,-6.56959,-4.36603
276.57000,-6.61564,-4.39138
276.58000,-6.55811,-4.42746
276.59000,-7.05015,-4.20730
276.60000,-6.60503,-4.38376
276.61000,-6.88979,-4.04625
276.62000,-7.05287,-4.26305
276.63000,-6.93831,-3.90088
276.64000,-6.77066,-4.40655
276.65000,-6.79299,-3.78349
276.66000,-7.10219,-4.07428
276.67000,-7.02228,-3.91799
276.68000,-6.66839,-3.96952
276.69000,-7.24527,-3.84657
276.70000,-7.03265,-3.72594
276.71000,-7.19805,-3.51558
276.72000,-6.82734,-3.70665
276.73000,-7.25870,-3.83943
276.74000,-7.18755,-3.74074
276.75000,-7.41657,-3.61558
276.76000,-6.86719,-3.67309
276.77000,-6.96411,-3.89459
276.78000,-6.86265,-3.82928
276.79000,-7.45612,-3.41368
276.80000,-7.03589,-3.48118
276.81000,-7.24261,-3.10001
276.82000,-7.17659,-3.32304
276.83000,-7.38165,-3.27699
276.84000,-7.32073,-3.16365
276.85000,-7.19599,-2.84358
276.86000,-7.33881,-2.96367
276.87000,-7.32584,-3.00013
276.88000,-7.45527,-3.14810
276.89000,-7.52999,-2.63728
276.90000,-7.22217,-3.17109
276.91000,-7.39561,-2.75244
276.92000,-7.24415,-2.62532
276.93000,-7.52914,-2.81929
276.94000,-7.59463,-2.75330
276.95000,-7.53389,-2.60373
276.96000,-7.58940,-2.81532
276.97000,-7.57899,-2.31713
276.98000,-7.30537,-2.48904
276.99000,-7.51966,-2.49597
277.00000,-7.62934,-2.43912
277.01000,-7.57077,-2.45792
277.02000,-7.62441,-2.44938
277.03000,-7.22539,-2.31323
277.04000,-7.60506,-2.42987
277.05000,-7.77882,-2.92038
277.06000,-7.61992,-1.96689
277.07000,-7.79036,-2.45606
277.08000,-7.69869,-2.46119
277.09000,-7.97393,-1.95750
277.10000,-7.72882,-1.91413
277.11000,-7.72603,-2.34063
277.12000,-8.04781,-1.52495
277.13000,-8.00693,-1.93029
277.14000,-7.65724,-1.29371
277.15000,-8.06728,-1.69299
277.16000,-7.81456,-1.93706
277.17000,-7.55788,-1.36211
277.18000,-8.11069,-1.56085
277.19000,-7.78390,-1.49901
277.20000,-7.93696,-1.40894
277.21000,-7.97663,-1.17542
277.22000,-7.65085,-1.43337
277.23000,-8.09119,-1.43202
277.24000,-7.85897,-1.23581
277.25000,-7.76107,-1.08276
277.26000,-8.13837,-1.35896
277.27000,-7.72683,-1.44113
277.28000,-7.95681,-1.28320
277.29000,-8.01828,-1.29291
277.30000,-7.86803,-0.76073
277.31000,-8.05813,-0.95875
277.32000,-7.68421,-1.16460
277.33000,-8.27129,-1.01788
277.34000,-7.75109,-1.03610
277.35000,-7.90935,-0.52370
277.36000,-7.89438,-0.46750
277.37000,-7.75042,-0.66561
277.38000,-8.00442,-0.77476
277.39000,-7.92960,-0.79159
277.40000,-7.88009,-0.41687
277.41000,-7.72313,-0.59226
277.42000,-7.95058,-0.64261
277.43000,-7.85002,0.07323
277.44000,-8.25788,-0.14930
277.45000,-8.08418,-0.57837
277.46000,-8.36224,-0.23058
277.47000,-7.81683,-0.21859
277.48000,-8.06509,-0.25783
277.49000,-7.80252,-0.59171
277.50000,-7.95181,0.14835
277.51000,-7.88776,0.35741
277.52000,-8.00127,0.13771
277.53000,-7.71864,0.28044
277.54000,-8.11405,0.00797
277.55000,-8.07172,0.26958
277.56000,-7.66943,0.13258
277.57000,-8.07707,0.57682
277.58000,-8.20736,0.28190
277.59000,-8.00200,0.39977
277.60000,-7.99324,0.41885
277.61000,-7.93548,0.29567
277.62000,-7.69010,0.85467
277.63000,-8.01957,0.50208
277.64000,-8.00530,0.72160
277.65000,-7.83373,0.80467
277.66000,-8.24211,0.99844
277.67000,-7.87260,1.23716
277.68000,-8.04070,0.93328
277.69000,-8.25548,0.72483
277.70000,-8.07698,0.92407
277.71000,-7.82681,1.12127
277.72000,-7.94606,0.98670
277.73000,-7.88355,1.06755
277.74000,-7.93475,1.28120
277.75000,-7.93151,1.01084
277.76000,-8.08025,1.42343
277.77000,-8.23641,1.43799
277.78000,-8.07900,1.17420
277.79000,-7.82432,1.28773
277.80000,-7.99761,1.52970
277.81000,-7.83366,1.27011
277.82000,-7.77431,1.34567
277.83000,-7.88140,1.62337
277.84000,-7.74493,1.68522
277.85000,-7.49698,1.68867
277.86000,-7.60420,1.71587
277.87000,-7.84241,1.88755
277.88000,-7.81766,1.95357
277.89000,-7.42520,1.75856
277.90000,-7.74156,1.84588
277.91000,-7.67515,1.84904
277.92000,-7.60890,2.18488
277.93000,-7.87615,2.41819
277.94000,-7.61823,2.21889
277.95000,-8.12639,2.14974
277.96000,-7.38788,2.50189
277.97000,-7.31413,2.33277
277.98000,-7.69768,2.48187
277.99000,-7.87439,2.33245
278.00000,-7.83218,2.44148
278.01000,-7.78651,2.46176
278.02000,-7.81631,2.75189
278.03000,-7.95197,2.91514
278.04000,-7.51550,2.59516
278.05000,-7.46875,2.96491
278.06000,-7.50091,3.11316
278.07000,-7.59165,2.68294
278.08000,-7.51883,3.08854
278.09000,-7.46131,2.99011
278.10000,-7.58398,3.10928
278.11000,-7.53614,3.14367
278.12000,-7.13938,2.89847
278.13000,-7.55700,2.98920
278.14000,-7.34463,2.93397
278.15000,-7.59014,3.40845
278.16000,-7.30659,3.45643
278.17000,-6.90969,3.53445
278.18000,-7.25561,3.41067
278.19000,-7.19680,3.49821
278.20000,-7.17146,3.33406
278.21000,-7.00355,3.48489
278.22000,-6.79587,3.42915
278.23000,-7.18994,3.44825
278.24000,-7.08505,3.39466
278.25000,-7.26319,3.91639
278.26000,-7.26421,3.98887
278.27000,-6.98921,3.64133
278.28000,-7.15179,3.67642
278.29000,-7.19469,3.88545
278.30000,-6.64824,4.15841
278.31000,-6.87366,3.86631
278.32000,-6.78926,4.01449
278.33000,-6.85769,3.58003
278.34000,-6.66928,4.23096
278.35000,-6.95649,4.19575
278.36000,-7.28792,4.13426
278.37000,-6.72365,3.95341
278.38000,-6.61257,4.71771
278.39000,-6.86605,4.14828
278.40000,-6.72749,4.76136
278.41000,-6.93397,4.34027
278.42000,-7.08345,4.28424
278.43000,-6.38644,4.20846
278.44000,-6.76746,3.98710
278.45000,-6.84951,4.36817
278.46000,-6.44523,4.58369
278.47000,-6.63314,4.52333
278.48000,-6.53297,4.66802
278.49000,-6.60601,4.43845
278.50000,-6.30499,4.78394
278.51000,-6.63210,4.86371
278.52000,-6.33497,4.79982
278.53000,-6.43896,4.75758
278.54000,-6.20364,4.75740
278.55000,-6.22420,4.86557
278.56000,-6.39334,4.91151
278.57000,-6.36113,4.84446
278.58000,-6.45823,5.00325
278.59000,-6.33375,5.25038
278.60000,-6.09210,5.37377
278.61000,-5.78288,5.51111
278.62000,-6.27287,5.21147
278.63000,-6.15276,5.35902
278.64000,-6.33874,5.47587
278.65000,-5.94802,5.33226
278.66000,-6.12404,5.25225
278.67000,-5.85373,5.56304
278.68000,-5.83004,5.37687
278.69000,-5.56996,5.24800
278.70000,-5.60058,5.18827
278.71000,-5.62734,5.58474
278.72000,-5.73347,5.62169
278.73000,-5.49638,5.42483
278.74000,-5.63284,5.45585
278.75000,-5.45243,5.42279
278.76000,-5.86461,5.63911
278.77000,-5.34582,5.77565
278.78000,-5.51671,5.64703
278.79000,-5.42474,5.72696
278.80000,-5.15893,5.73630
278.81000,-5.27877,5.64662
278.82000,-5.32741,6.05930
278.83000,-5.25057,6.13070
278.84000,-5.35701,5.94726
278.85000,-5.24102,6.22138
278.86000,-5.05515,6.37877
278.87000,-5.65527,5.98347
278.88000,-5.12280,6.07299
278.89000,-5.05353,6.03290
278.90000,-4.97989,6.38677
278.91000,-5.23410,6.18517
278.92000,-5.14259,6.42964
278.93000,-5.23407,6.19102
278.94000,-5.08575,6.23777
278.95000,-4.82393,6.67669
278.96000,-4.72714,6.53228
278.97000,-4.51469,6.74672
278.98000,-4.89118,6.32643
278.99000,-4.64216,6.26527
279.00000,-4.72706,6.66159
279.01000,-4.63078,6.20092
279.02000,-4.41040,6.59120
279.03000,-4.41995,6.24968
279.04000,-4.36532,6.78315
279.05000,-4.44901,6.84782
279.06000,-4.37312,6.49710
279.07000,-4.40697,6.72644
279.08000,-4.52124,6.73003
279.09000,-4.48121,6.80360
279.10000,-4.25006,6.75404
279.11000,-4.18842,7.07291
279.12000,-4.47988,6.43308
279.13000,-4.13964,7.06338
279.14000,-4.01612,6.73363
279.15000,-3.95585,7.32058
279.16000,-4.54436,6.86119
279.17000,-3.87326,6.96890
279.18000,-3.74728,6.79391
279.19000,-3.69517,6.72091
279.20000,-3.77141,6.70329
279.21000,-3.67059,7.07554
279.22000,-3.20901,7.31997
279.23000,-3.64218,7.30194
279.24000,-3.43016,7.44452
279.25000,-3.90890,7.37748
279.26000,-3.65032,7.16508
279.27000,-3.29711,7.37502
279.28000,-3.22322,7.03733
279.29000,-3.29139,7.05905
279.30000,-3.42746,7.18846
279.31000,-3.32126,7.24161
279.32000,-3.30125,7.48865
279.33000,-3.56653,7.56609
279.34000,-3.36724,7.26886
279.35000,-3.22211,7.15118
279.36000,-3.19116,7.49500
279.37000,-3.12257,7.33723
279.38000,-3.14066,7.36020
279.39000,-3.37215,7.36702
279.40000,-3.13602,7.82330
279.41000,-2.85819,7.51106
279.42000,-2.69544,7.30549
279.43000,-2.62218,7.37780
279.44000,-2.37806,7.51917
279.45000,-2.53296,7.43142
279.46000,-2.86437,7.75479
279.47000,-2.47961,7.67953
279.48000,-2.71144,7.52220
279.49000,-2.70677,7.56478
279.50000,-2.63413,7.80253
279.51000,-2.34708,7.22261
279.52000,-2.37850,7.52183
279.53000,-2.28323,7.72442
279.54000,-2.36365,7.81470
279.55000,-2.63308,7.66234
279.56000,-2.39768,7.82554
279.57000,-2.19546,7.60309
279.58000,-1.78489,7.83638
279.59000,-1.95229,7.68311
279.60000,-2.09139,7.93377
279.61000,-2.12390,7.56975
279.62000,-1.84462,7.78048
279.63000,-1.89175,7.68897
279.64000,-1.84025,8.04628
279.65000,-1.33727,7.82959
279.66000,-2.05397,7.64999
279.67000,-1.41609,7.83984
279.68000,-1.59590,7.59953
279.69000,-1.59657,8.04258
279.70000,-1.14250,8.07700
279.71000,-1.28810,7.95080
279.72000,-1.09156,8.15888
279.73000,-1.14729,8.03919
279.74000,-1.29550,7.75153
279.75000,-1.24170,7.93554
279.76000,-1.15994,8.17622
279.77000,-1.31934,7.95287
279.78000,-0.78794,7.99164
279.79000,-1.32632,7.78659
279.80000,-1.40434,8.17158
279.81000,-0.88926,7.97493
279.82000,-0.85510,7.83355
279.83000,-0.75408,7.90411
279.84000,-0.81598,8.06439
279.85000,-1.00166,8.05431
279.86000,-0.71040,7.90861
279.87000,-0.49194,8.01851
279.88000,-0.59970,7.95610
279.89000,-0.60301,8.10745
279.90000,-0.50311,7.90948
279.91000,-0.62798,7.97296
279.92000,-0.44356,7.78245
279.93000,-0.52866,8.12705
279.94000,-0.50567,8.01547
279.95000,-0.28958,7.76318
279.96000,0.09187,8.08475
279.97000,0.10656,8.21132
279.98000,-0.38115,8.37118
279.99000,-0.12669,8.10314
280.00000,-0.15862,7.92651
280.01000,0.13076,7.86038
280.02000,0.00061,8.18567
280.03000,0.02730,7.94787
280.04000,0.30849,8.05342
280.05000,0.04161,8.07441
280.06000,0.45961,8.04464
280.07000,0.26866,7.71278
280.08000,0.27385,7.94314
280.09000,0.49582,7.93022
280.10000,0.58245,8.11235
280.11000,0.39580,7.95025
280.12000,0.93834,8.21468
280.13000,0.47629,8.11616
280.14000,0.70017,7.94477
280.15000,0.54993,8.18682
280.16000,0.97687,7.93603
280.17000,1.02822,7.69884
280.18000,0.55244,8.29032
280.19000,1.03669,8.25041
280.20000,0.67889,8.32806
280.21000,1.03691,8.07810
280.22000,0.92441,7.66114
280.23000,1.35471,7.84813
280.24000,1.28960,7.78561
280.25000,1.44675,8.05814
280.26000,1.28163,8.14704
280.27000,1.53326,7.95774
280.28000,1.49485,7.66349
280.29000,1.45979,7.94331
280.30000,1.46498,8.06302
280.31000,1.55008,7.86243
280.32000,1.76202,7.98230
280.33000,1.66272,7.96108
280.34000,1.76184,7.61604
280.35000,1.65807,7.80191
280.36000,1.65238,7.94959
280.37000,1.67085,7.73948
280.38000,1.70892,7.83065
280.39000,1.84539,7.89773
280.40000,1.82055,7.81056
280.41000,2.22063,7.76510
280.42000,2.16341,7.74867
280.43000,1.97005,7.80584
280.44000,2.49590,7.59920
280.45000,2.53274,7.36687
280.46000,2.33230,7.98672
280.47000,1.87843,7.65870
280.48000,2.35159,7.41273
280.49000,2.36366,7.65803
280.50000,2.66732,7.42780
280.51000,2.23732,7.79406
280.52000,2.88163,7.93002
280.53000,2.55142,7.23434
280.54000,2.38777,7.48363
280.55000,2.87752,7.63273
280.56000,2.83172,7.66727
280.57000,2.74836,7.36657
280.58000,3.21965,7.64098
280.59000,3.00389,7.20466
280.60000,2.90518,7.27734
280.61000,2.96421,7.18603
280.62000,2.96843,7.43217
280.63000,3.07022,7.18096
280.64000,2.81290,7.15002
280.65000,3.14958,7.44418
280.66000,3.06866,7.02082
280.67000,3.09511,7.66244
280.68000,3.53903,7.14753
280.69000,3.54376,7.01236
280.70000,3.41744,7.19017
280.71000,3.24740,7.17808
280.72000,3.47474,7.17564
280.73000,3.56867,6.99570
280.74000,3.52264,7.39168
280.75000,3.73643,7.01824
280.76000,3.76797,7.15828
280.77000,3.76764,7.15400
280.78000,3.76951,6.88890
280.79000,3.71755,6.79344
280.80000,4.03248,6.86142
280.81000,3.85479,7.19266
280.82000,3.94002,6.90304
280.83000,4.26300,6.92207
280.84000,3.96929,7.29203
280.85000,3.82894,6.83905
280.86000,4.12211,7.05903
280.87000,4.24408,6.52438
280.88000,4.13898,6.73673
280.89000,4.34355,6.90721
280.90000,4.10759,6.97159
280.91000,4.49042,7.10906
280.92000,4.63808,6.53823
280.93000,4.21269,6.74614
280.94000,4.51985,6.52153
280.95000,4.64461,6.96305
280.96000,4.29824,6.49719
280.97000,4.95288,6.55023
280.98000,4.75805,6.69229
280.99000,4.90869,6.65296
281.00000,4.57602,6.46832
281.01000,4.69132,6.03482
281.02000,4.96060,6.30596
281.03000,4.86369,6.12511
281.04000,4.98240,6.44317
281.05000,4.60999,5.98199
281.06000,5.18629,6.35093
281.07000,5.07177,6.15611
281.08000,4.90627,6.13492
281.09000,5.23828,6.38224
281.10000,5.25287,6.07146
281.11000,4.96772,6.13123
281.12000,5.13767,6.28616
281.13000,5.43290,6.02042
281.14000,5.11356,6.07189
281.15000,5.03999,5.91732
281.16000,5.48508,6.01274
281.17000,5.04138,6.41954
281.18000,5.17970,5.62873
281.19000,5.31426,5.97857
281.20000,5.37608,5.82076
281.21000,5.76175,5.66598
281.22000,5.55345,5.61118
281.23000,5.77044,5.60313
281.24000,5.58658,5.92227
281.25000,5.70879,5.28247
281.26000,5.74180,5.64678
281.27000,5.83102,5.90441
281.28000,5.74634,5.55631
281.29000,5.52693,5.71512
281.30000,5.66405,5.56425
281.31000,6.01448,5.37540
281.32000,5.60885,5.14331
281.33000,5.97595,5.19795
281.34000,5.78661,5.42743
281.35000,5.95636,5.49032
281.36000,6.34357,5.29983
281.37000,6.07940,5.21263
281.38000,6.42933,5.53819
281.39000,6.26973,5.14933
281.40000,5.88327,5.22046
281.41000,6.10520,5.14723
281.42000,6.18913,5.05118
281.43000,6.23883,5.15903
281.44000,6.01067,4.96751
281.45000,6.26421,5.10834
281.46000,6.78093,4.62465
281.47000,6.43348,4.64617
281.48000,6.37110,4.93340
281.49000,6.35062,4.66219
281.50000,6.32986,4.71816
281.51000,6.66460,4.89307
281.52000,6.14767,4.66597
281.53000,6.66237,4.48657
281.54000,6.61330,4.47145
281.55000,6.55656,4.57270
281.56000,6.85785,4.27552
281.57000,6.43026,4.13490
281.58000,6.77904,4.34058
281.59000,6.69165,4.21410
281.60000,6.79135,4.09424
281.61000,6.73216,4.31984
281.62000,6.61172,4.03603
281.63000,6.76504,4.18572
281.64000,6.62700,4.19512
281.65000,6.99294,4.05642
281.66000,6.68232,4.16578
281.67000,6.67425,4.46390
281.68000,6.94192,4.06822
281.69000,6.68678,3.91381
281.70000,7.10207,4.10749
281.71000,6.76012,3.80766
281.72000,7.16886,3.77432
281.73000,7.11144,3.89918
281.74000,7.12403,3.98327
281.75000,7.49780,3.75386
281.76000,7.41219,3.46081
281.77000,7.08261,3.75804
281.78000,6.98564,3.51033
281.79000,7.10590,3.39903
281.80000,7.30253,3.48214
281.81000,7.24467,3.17179
281.82000,7.51814,3.32669
281.83000,7.40592,3.16036
281.84000,7.31602,3.46451
281.85000,7.59822,3.18812
281.86000,7.41583,2.90752
281.87000,7.39371,3.06389
281.88000,7.43460,2.82090
281.89000,7.34676,2.95497
281.90000,7.34385,2.57312
281.91000,7.39131,2.87920
281.92000,7.36983,2.72702
281.93000,7.69019,2.48633
281.94000,7.33633,2.68123
281.95000,7.15902,2.59010
281.96000,7.69573,2.98649
281.97000,7.36505,2.82542
281.98000,7.44894,2.31968
281.99000,7.48763,2.40873
282.00000,7.99694,2.47782
282.01000,7.47191,2.38076
282.02000,7.65243,2.42099
282.03000,7.45254,2.54377
282.04000,7.68984,2.09148
282.05000,7.67449,1.93987
282.06000,7.81811,2.41308
282.07000,7.59052,2.04695
282.08000,7.67719,1.88278
282.09000,7.61461,2.15795
282.10000,7.78436,2.30785
282.11000,7.64882,2.15463
282.12000,7.83754,1.99590
282.13000,7.87018,2.17327
282.14000,7.95070,1.47338
282.15000,7.83378,1.95443
282.16000,7.84491,1.59092
282.17000,7.98103,1.67403
282.18000,7.95682,1.66974
282.19000,8.02113,1.52162
282.20000,7.91838,1.72218
282.21000,7.93025,1.49197
282.22000,8.03609,1.43727
282.23000,7.46322,1.11311
282.24000,7.92899,1.35267
282.25000,7.98973,0.95220
282.26000,8.13809,1.14641
282.27000,8.01978,1.09856
282.28000,8.09865,1.33254
282.29000,7.84032,1.04285
282.30000,8.14769,1.24023
282.31000,7.77441,1.11481
282.32000,7.79907,0.76701
282.33000,7.99659,1.03462
282.34000,7.97887,0.77462
282.35000,7.92431,0.73286
282.36000,7.89524,0.82448
282.37000,7.98078,0.72658
282.38000,7.76934,0.76522
282.39000,7.66956,0.25963
282.40000,8.17307,0.29491
282.41000,8.22588,0.85650
282.42000,7.77946,0.02906
282.43000,7.83660,0.35979
282.44000,8.33201,0.77070
282.45000,7.85236,0.31063
282.46000,7.93243,0.22581
282.47000,8.04505,0.35469
282.48000,8.00561,-0.17463
282.49000,7.92708,0.01155
282.50000,7.69352,-0.12155
282.51000,7.82056,0.10739
282.52000,7.76419,-0.07263
282.53000,7.55535,0.20338
282.54000,7.98857,-0.03250
282.55000,7.77810,-0.14628
282.56000,7.74781,-0.38299
282.57000,7.93544,-0.29933
282.58000,8.56765,-0.34449
282.59000,7.88745,-0.39711
282.60000,7.86263,-0.58603
282.61000,7.53906,-0.56655
282.62000,7.99612,-0.65096
282.63000,7.77601,-0.59038
282.64000,7.82974,-0.58623
282.65000,7.98117,-0.65932
282.66000,8.10458,-0.71746
282.67000,7.98137,-0.77234
282.68000,7.89362,-0.79024
282.69000,7.84616,-1.10038
282.70000,8.00878,-0.96185
282.71000,7.91724,-0.84677
282.72000,7.56856,-1.36733
282.73000,7.87733,-1.06018
282.74000,7.93433,-1.32615
282.75000,7.64713,-1.18311
282.76000,7.89262,-1.28619
282.77000,7.95173,-1.31760
282.78000,7.65320,-1.23663
282.79000,7.79970,-1.32682
282.80000,7.91266,-1.56851
282.81000,8.32361,-1.26719
282.82000,7.81180,-1.45953
282.83000,7.67571,-1.70108
282.84000,7.84510,-1.70317
282.85000,7.80565,-1.79725
282.86000,7.93329,-1.77421
282.87000,7.77221,-1.73374
282.88000,7.80773,-2.01878
282.89000,7.59294,-1.83789
282.90000,7.82716,-2.00678
282.91000,7.89405,-2.13340
282.92000,7.52520,-1.99439
282.93000,7.44516,-2.01118
282.94000,7.23779,-2.05494
282.95000,7.60077,-1.81665
282.96000,7.58144,-2.44252
282.97000,7.76548,-2.49892
282.98000,7.76528,-2.60387
282.99000,7.45668,-2.56390
283.00000,7.61955,-2.35763
283.01000,7.46914,-2.67802
283.02000,7.87493,-2.37998
283.03000,7.75971,-2.62210
283.04000,7.71023,-2.59199
283.05000,7.37460,-2.61133
283.06000,7.49401,-2.81248
283.07000,7.73875,-2.73999
283.08000,7.59627,-2.85501
283.09000,7.40265,-3.00005
283.10000,7.22400,-2.78078
283.11000,7.18257,-3.06584
283.12000,7.45171,-3.12083
283.13000,7.43299,-2.82538
283.14000,7.42292,-3.09528
283.15000,7.37255,-3.67121
283.16000,7.20270,-3.46445
283.17000,7.21198,-3.10954
283.18000,6.93201,-3.42691
283.19000,7.21322,-3.26979
283.20000,7.37951,-3.41695
283.21000,7.14888,-3.58158
283.22000,6.90936,-3.43342
283.23000,7.22939,-3.65069
283.24000,7.28552,-3.60470
283.25000,7.38700,-3.84945
283.26000,6.87682,-3.66696
283.27000,7.09658,-3.58643
283.28000,7.11757,-3.83231
283.29000,6.68767,-3.78045
283.30000,7.17972,-3.67414
283.31000,7.26675,-3.65117
283.32000,6.67449,-3.72946
283.33000,6.59394,-3.84918
283.34000,6.75750,-3.76055
283.35000,6.58821,-4.13357
283.36000,6.76636,-4.29761
283.37000,6.89098,-4.18209
283.38000,6.92248,-4.04420
283.39000,6.81863,-4.06163
283.40000,6.69460,-4.45000
283.41000,6.64271,-4.56964
283.42000,6.67564,-4.15601
283.43000,7.10478,-4.40577
283.44000,6.96144,-4.21154
283.45000,6.60155,-4.40836
283.46000,6.53910,-4.24316
283.47000,6.24176,-4.48295
283.48000,6.55855,-5.10722
283.49000,6.48177,-4.75956
283.50000,6.11117,-4.74103
283.51000,6.48162,-5.19947
283.52000,6.13359,-4.95920
283.53000,6.49213,-5.32732
283.54000,6.35490,-4.77899
283.55000,6.10937,-4.99084
283.56000,6.30070,-4.96723
283.57000,6.32662,-4.70642
283.58000,5.90225,-5.08734
283.59000,6.28082,-5.22641
283.60000,5.91869,-5.33406
283.61000,6.26794,-4.64253
283.62000,6.49710,-5.29742
283.63000,6.26424,-5.35007
283.64000,5.96863,-5.46013
283.65000,5.65838,-5.19421
283.66000,5.68188,-5.42550
283.67000,6.12402,-5.53930
283.68000,5.87528,-5.48999
283.69000,6.08055,-5.53410
283.70000,5.88275,-5.75397
283.71000,5.98269,-5.17571
283.72000,5.69691,-5.31294
283.73000,5.78198,-5.65371
283.74000,5.45322,-5.19475
283.75000,5.51859,-5.32937
283.76000,5.77674,-5.63304
283.77000,5.39524,-5.81683
283.78000,5.67900,-5.72929
283.79000,5.40021,-5.82611
283.80000,5.52949,-5.84809
283.81000,5.62303,-5.90284
283.82000,5.33532,-5.62342
283.83000,5.39681,-5.99991
283.84000,5.54552,-6.20720
283.85000,5.05850,-6.01669
283.86000,5.27461,-5.90176
283.87000,4.99502,-5.70574
283.88000,5.07073,-6.12164
283.89000,5.23122,-6.10503
283.90000,5.22931,-6.06707
283.91000,4.99226,-6.22812
283.92000,5.18345,-6.21499
283.93000,4.57436,-6.29243
283.94000,4.86856,-6.15876
283.95000,4.90626,-6.21408
283.96000,4.86254,-6.30244
283.97000,4.93050,-6.40563
283.98000,5.05983,-6.41648
283.99000,4.67231,-6.55452
284.00000,4.30334,-6.51816
284.01000,4.72427,-6.62329
284.02000,4.51835,-6.66747
284.03000,4.49931,-6.64503
284.04000,4.54902,-6.93859
284.05000,4.44424,-6.64895
284.06000,4.39356,-6.94875
284.07000,4.40403,-6.85177
284.08000,4.56495,-6.68402
284.09000,4.73796,-6.57385
284.10000,4.50332,-6.89598
284.11000,3.82105,-6.70058
284.12000,4.70759,-7.02322
284.13000,4.09456,-6.95431
284.14000,4.13208,-6.65521
284.15000,4.26889,-6.98608
284.16000,4.27458,-7.13678
284.17000,3.83494,-7.06923
284.18000,4.11591,-7.05583
284.19000,3.72877,-7.20855
284.20000,3.66735,-7.07670
284.21000,3.38031,-7.14535
284.22000,3.76244,-7.19513
284.23000,3.68333,-6.78416
284.24000,3.22538,-7.12830
284.25000,4.04425,-6.87051
284.26000,3.79296,-7.04673
284.27000,3.26838,-7.15389
284.28000,3.19099,-7.23386
284.29000,3.72245,-7.17728
284.30000,3.24123,-7.32813
284.31000,3.48860,-7.10117
284.32000,3.30048,-7.44737
284.33000,3.38009,-7.31841
284.34000,3.22283,-7.15827
284.35000,3.01716,-7.20101
284.36000,3.28571,-7.41701
284.37000,2.75599,-7.28621
284.38000,3.27648,-7.61687
284.39000,3.03037,-7.37237
284.40000,2.91762,-7.33863
284.41000,2.67981,-7.54166
284.42000,2.90443,-7.40404
284.43000,2.82036,-7.52967
284.44000,2.47603,-7.58230
284.45000,2.51574,-7.35370
284.46000,2.81644,-7.92239
284.47000,2.47514,-7.66604
284.48000,2.41879,-7.48457
284.49000,2.35210,-7.74187
284.50000,2.69200,-7.92318
284.51000,2.61970,-7.47709
284.52000,2.54058,-7.56533
284.53000,2.47605,-7.86609
284.54000,2.57653,-7.46150
284.55000,2.55980,-7.59284
284.56000,2.17585,-7.63482
284.57000,2.22154,-7.71754
284.58000,1.99777,-7.69759
284.59000,2.04038,-7.75493
284.60000,1.69173,-7.50882
284.61000,1.97574,-7.87440
284.62000,1.96108,-7.75984
284.63000,1.80770,-7.88554
284.64000,1.78838,-7.99849
284.65000,1.84429,-7.78337
284.66000,1.89495,-7.89509
284.67000,1.59554,-7.68213
284.68000,1.67382,-7.91361
284.69000,1.83941,-7.78816
284.70000,1.39605,-7.75533
284.71000,1.64318,-7.69635
284.72000,1.35881,-7.78749
284.73000,1.48057,-7.68974
284.74000,1.06768,-7.63895
284.75000,1.47584,-8.16918
284.76000,1.45606,-7.98275
284.77000,1.18734,-7.73927
284.78000,1.07677,-8.03944
284.79000,1.10869,-8.03366
284.80000,0.82674,-7.92063
284.81000,0.89663,-7.86853
284.82000,0.58493,-8.10429
284.83000,0.65433,-8.01092
284.84000,0.62187,-8.02062
284.85000,1.01105,-8.03311
284.86000,0.83283,-8.09193
284.87000,0.60988,-8.07432
284.88000,0.43767,-7.94588
284.89000,0.77916,-7.94974
284.90000,0.34252,-7.86670
284.91000,0.51405,-8.30794
284.92000,0.61372,-8.32708
284.93000,0.52038,-7.54848
284.94000,0.61545,-8.10286
284.95000,0.24217,-7.92941
284.96000,0.35714,-7.86807
284.97000,0.14353,-7.78945
284.98000,0.34516,-8.09301
284.99000,0.24213,-8.28488
285.00000,0.20084,-8.06197
285.01000,-0.09863,-7.84623
285.02000,-0.12138,-8.19234
285.03000,-0.09939,-8.04344
285.04000,-0.14995,-8.09106
285.05000,-0.14069,-8.13293
285.06000,-0.44953,-8.47806
285.07000,-0.13204,-8.05790
285.08000,-0.28895,-7.86855
285.09000,-0.68292,-8.08855
285.10000,-0.71634,-7.97277
285.11000,-0.54472,-8.20034
285.12000,-0.62893,-7.89837
285.13000,-0.67134,-7.99268
285.14000,-0.73775,-7.90809
285.15000,-0.55884,-7.69328
285.16000,-0.88655,-7.92299
285.17000,-0.72958,-8.09659
285.18000,-0.76093,-7.89927
285.19000,-0.91024,-8.09862
285.20000,-0.93587,-7.82465
285.21000,-1.24911,-7.82040
285.22000,-0.95357,-8.00258
285.23000,-1.28685,-7.94466
285.24000,-1.21957,-8.01823
285.25000,-1.41320,-8.21449
285.26000,-1.14639,-7.60904
285.27000,-1.18025,-7.77836
285.28000,-1.14844,-8.02384
285.29000,-1.55843,-7.78482
285.30000,-1.64031,-8.15909
285.31000,-1.42905,-7.86121
285.32000,-1.40094,-7.86135
285.33000,-1.29550,-8.12116
285.34000,-1.69804,-7.77260
285.35000,-1.54845,-7.48751
285.36000,-1.45045,-7.74984
285.37000,-1.67497,-7.80770
285.38000,-1.81273,-7.67638
285.39000,-1.94763,-8.07069
285.40000,-1.86150,-7.67809
285.41000,-2.07016,-7.67461
285.42000,-2.11149,-7.61541
285.43000,-1.96492,-7.66174
285.44000,-2.35864,-7.91310
285.45000,-2.32605,-7.83880
285.46000,-2.28808,-7.51148
285.47000,-2.43281,-7.57213
285.48000,-2.38598,-7.37625
285.49000,-2.56829,-7.62118
285.50000,-2.43642,-7.65452
285.51000,-2.49092,-7.90149
285.52000,-2.71252,-7.60298
285.53000,-2.83446,-7.53772
285.54000,-2.79565,-7.82557
285.55000,-2.70519,-7.64670
285.56000,-2.66473,-7.66644
285.57000,-3.01974,-7.60144
285.58000,-2.60104,-7.57980
285.59000,-2.59267,-7.15797
285.60000,-3.09610,-7.32593
285.61000,-3.16686,-7.44710
285.62000,-2.99868,-7.34300
285.63000,-3.11688,-7.36246
285.64000,-3.07796,-7.36325
285.65000,-3.16347,-7.27901
285.66000,-3.07008,-7.25045
285.67000,-3.01721,-7.09533
285.68000,-3.19639,-7.19003
285.69000,-3.15270,-7.29187
285.70000,-3.59147,-7.59573
285.71000,-3.40860,-6.84657
285.72000,-3.45791,-7.19308
285.73000,-3.68426,-7.25151
285.74000,-3.64162,-7.02442
285.75000,-3.42619,-6.93743
285.76000,-3.64847,-7.05202
285.77000,-3.89630,-6.99756
285.78000,-4.00411,-7.31940
285.79000,-3.83056,-7.08872
285.80000,-3.78528,-6.93665
285.81000,-3.95586,-6.94297
285.82000,-4.26718,-6.84894
285.83000,-3.84046,-6.96891
285.84000,-3.69713,-6.89175
285.85000,-3.78422,-6.48007
285.86000,-3.89597,-6.54752
285.87000,-4.12648,-7.13974
285.88000,-4.27490,-6.55059
285.89000,-4.44655,-6.83343
285.90000,-4.21674,-6.85100
285.91000,-4.49364,-6.80910
285.92000,-4.92772,-6.64114
285.93000,-4.37949,-6.62165
285.94000,-4.40036,-6.65116
285.95000,-4.52131,-6.44212
285.96000,-4.76390,-6.59823
285.97000,-4.61637,-6.51932
285.98000,-4.87586,-6.54021
285.99000,-4.59497,-6.46002
286.00000,-4.65035,-6.53460
286.01000,-4.23049,-6.03272
286.02000,-5.16607,-6.41899
286.03000,-4.86404,-6.57260
286.04000,-4.98932,-6.11196
286.05000,-5.30694,-6.11490
286.06000,-4.83922,-6.14518
286.07000,-5.05606,-6.26376
286.08000,-4.73870,-6.24120
286.09000,-5.08636,-6.05926
286.10000,-4.79078,-6.20704
286.11000,-5.45838,-6.15547
286.12000,-5.59691,-5.65490
286.13000,-5.39868,-5.83356
286.14000,-5.29990,-6.21422
286.15000,-5.11488,-5.96909
286.16000,-5.34374,-6.34615
286.17000,-5.81970,-5.98010
286.18000,-5.08316,-5.76208
286.19000,-5.85113,-5.62393
286.20000,-5.41737,-5.86216
286.21000,-5.43452,-5.91029
286.22000,-5.71826,-5.70857
286.23000,-5.47582,-6.01742
286.24000,-5.50907,-5.62961
286.25000,-5.93001,-5.69276
286.26000,-5.76754,-5.72479
286.27000,-5.84468,-5.24996
286.28000,-5.75549,-5.78385
286.29000,-5.62629,-5.44525
286.30000,-5.84498,-5.44708
286.31000,-5.78494,-5.32384
286.32000,-6.02504,-5.47962
286.33000,-6.05457,-5.15504
286.34000,-6.21790,-5.29567
286.35000,-5.83583,-5.43921
286.36000,-6.01435,-5.45933
286.37000,-6.01291,-5.22259
286.38000,-5.99689,-5.32104
286.39000,-5.97135,-5.28107
286.40000,-6.05019,-5.07407
286.41000,-6.08291,-4.76778
286.42000,-6.63443,-4.95070
286.43000,-6.49857,-4.68930
286.44000,-6.14656,-4.68882
286.45000,-5.96930,-4.75908
286.46000,-6.41806,-4.71179
286.47000,-6.07832,-4.71048
286.48000,-6.80627,-4.74427
286.49000,-6.30060,-4.49623
286.50000,-6.36360,-4.76355
286.51000,-6.31906,-4.46638
286.52000,-6.53406,-4.66467
286.53000,-6.66903,-4.67533
286.54000,-6.52799,-4.07473
286.55000,-6.64090,-4.71350
286.56000,-6.28727,-4.48752
286.57000,-6.56734,-4.39556
286.58000,-6.74423,-4.50640
286.59000,-6.85435,-4.26886
286.60000,-6.64311,-3.92072
286.61000,-6.54850,-4.53403
286.62000,-6.67143,-3.96334
286.63000,-6.83542,-4.46789
286.64000,-6.73923,-4.04302
286.65000,-6.78753,-4.07613
286.66000,-7.03687,-4.05884
286.67000,-6.80291,-4.08514
286.68000,-6.85933,-3.88226
286.69000,-7.13651,-3.79949
286.70000,-7.19484,-4.14290
286.71000,-6.99110,-4.15929
286.72000,-7.03904,-3.67947
286.73000,-7.45831,-3.36823
286.74000,-7.04332,-3.71868
286.75000,-7.07391,-3.20276
286.76000,-7.40671,-3.84733
286.77000,-6.98506,-3.35686
286.78000,-7.23431,-3.46054
286.79000,-7.09281,-3.59840
286.80000,-7.48954,-3.07908
286.81000,-7.13491,-3.72678
286.82000,-7.29498,-3.45653
286.83000,-7.47686,-3.08813
286.84000,-7.23910,-3.10565
286.85000,-7.03846,-3.53306
286.86000,-7.63488,-3.08338
286.87000,-7.48492,-3.19914
286.88000,-7.42120,-2.94650
286.89000,-7.57141,-2.86616
286.90000,-7.35183,-2.85199
286.91000,-7.41975,-2.51973
286.92000,-7.30721,-3.01275
286.93000,-7.55657,-2.65506
286.94000,-7.65671,-2.42886
286.95000,-7.33346,-2.63447
286.96000,-7.51646,-2.57717
286.97000,-7.88501,-2.71379
286.98000,-7.55586,-2.59384
286.99000,-7.51282,-2.54182
287.00000,-7.32450,-2.28639
287.01000,-7.63797,-2.45778
287.02000,-7.72992,-2.48254
287.03000,-8.00821,-2.69863
287.04000,-7.28227,-2.45821
287.05000,-7.79732,-2.56084
287.06000,-7.62347,-2.13590
287.07000,-7.54688,-1.95954
287.08000,-7.77044,-2.07514
287.09000,-7.79903,-2.16008
287.10000,-7.95826,-2.05369
287.11000,-7.74514,-1.95004
287.12000,-7.89675,-1.55627
287.13000,-7.73290,-1.74104
287.14000,-7.88986,-1.75964
287.15000,-7.71524,-1.80796
287.16000,-7.77614,-1.61487
287.17000,-7.69670,-1.82661
287.18000,-8.08905,-1.85904
287.19000,-7.38991,-1.40244
287.20000,-8.08992,-1.42328
287.21000,-7.87794,-1.80917
287.22000,-7.95731,-1.46000
287.23000,-7.84714,-1.27734
287.24000,-7.75964,-1.41296
287.25000,-7.71767,-1.32552
287.26000,-7.96154,-0.83395
287.27000,-7.76274,-0.90249
287.28000,-7.92597,-0.92666
287.29000,-7.88764,-1.12081
287.30000,-7.81702,-0.81780
287.31000,-8.02193,-0.89840
287.32000,-7.89439,-0.75408
287.33000,-7.57201,-0.68000
287.34000,-7.71102,-0.83517
287.35000,-8.10039,-1.01074
287.36000,-7.76229,-0.98116
287.37000,-7.98554,-0.75387
287.38000,-7.63436,-0.53745
287.39000,-7.97264,-0.61049
287.40000,-7.87960,-0.93521
287.41000,-8.15963,-0.41930
287.42000,-7.98853,-0.53593
287.43000,-8.32230,-0.74169
287.44000,-7.90311,-0.35921
287.45000,-8.01584,-0.61202
287.46000,-7.82568,-0.04589
287.47000,-7.88523,-0.71616
287.48000,-7.86126,0.00859
287.49000,-7.74822,-0.05298
287.50000,-7.78747,-0.17129
287.51000,-7.93295,0.25168
287.52000,-8.07237,-0.07357
287.53000,-8.13977,0.21919
287.54000,-8.04768,0.43336
287.55000,-7.73709,0.31116
287.56000,-8.40509,0.67485
287.57000,-7.54428,0.25617
287.58000,-8.09418,0.25261
287.59000,-8.14583,0.29966
287.60000,-7.88768,0.07434
287.61000,-7.81648,0.62101
287.62000,-8.26705,0.57404
287.63000,-8.02751,0.83369
287.64000,-8.09553,0.68932
287.65000,-8.14746,0.74445
287.66000,-7.92660,0.80479
287.67000,-8.24036,1.22267
287.68000,-7.64903,0.97804
287.69000,-8.16225,0.97713
287.70000,-7.89677,1.06346
287.71000,-7.88398,0.82430
287.72000,-7.81333,1.11519
287.73000,-7.93493,1.10614
287.74000,-7.90694,0.86016
287.75000,-7.83422,1.06519
287.76000,-7.87728,1.47455
287.77000,-8.12360,1.51895
287.78000,-7.82011,1.41974
287.79000,-7.68231,1.36559
287.80000,-8.15949,1.55516
287.81000,-7.71619,1.27254
287.82000,-7.94633,1.72117
287.83000,-7.60963,1.85496
287.84000,-7.72985,1.58048
287.85000,-7.85513,1.71397
287.86000,-7.65269,1.70881
287.87000,-7.86335,1.75497
287.88000,-8.12273,1.61775
287.89000,-7.69096,1.58930
287.90000,-7.68060,2.35203
287.91000,-8.09260,2.16055
287.92000,-7.74775,2.44548
287.93000,-7.79902,1.96273
287.94000,-7.42979,2.15777
287.95000,-7.80996,2.27585
287.96000,-7.62710,2.49286
287.97000,-7.78807,2.22124
287.98000,-7.69202,2.27353
287.99000,-7.23376,2.43905
288.00000,-7.70140,2.62336
288.01000,-7.36615,2.76995
288.02000,-7.68909,2.46178
288.03000,-7.38630,2.77466
288.04000,-7.40346,2.82414
288.05000,-7.66665,2.74924
288.06000,-7.16812,2.95096
288.07000,-7.52964,2.72386
288.08000,-7.48061,2.85465
288.09000,-7.12026,3.24374
288.10000,-7.32382,3.14269
288.11000,-7.33893,3.12467
288.12000,-7.65457,2.90292
288.13000,-7.30194,3.03483
288.14000,-7.27122,3.39797
288.15000,-7.24506,3.13081
288.16000,-7.35840,2.95699
288.17000,-7.24737,3.39509
288.18000,-7.39053,3.28294
288.19000,-7.35715,3.47629
288.20000,-7.00673,3.58878
288.21000,-7.35970,3.40787
288.22000,-6.98470,3.55827
288.23000,-7.28325,3.36752
288.24000,-7.25036,3.20816
288.25000,-6.79167,3.54090
288.26000,-7.21415,3.71692
288.27000,-6.87784,3.56219
288.28000,-7.01787,4.03463
288.29000,-6.77499,3.77373
288.30000,-6.72451,4.07459
288.31000,-7.15364,3.75047
288.32000,-7.08671,3.67082
288.33000,-7.00144,3.81341
288.34000,-6.96578,4.00786
288.35000,-6.88008,4.00675
288.36000,-6.98110,4.02162
288.37000,-6.61250,4.16588
288.38000,-6.84946,4.00706
288.39000,-6.58982,4.10003
288.40000,-6.82363,4.39394
288.41000,-6.80466,4.44380
288.42000,-6.61438,4.54519
288.43000,-6.87464,4.66080
288.44000,-6.63106,4.61978
288.45000,-6.50968,4.34851
288.46000,-6.92917,4.58697
288.47000,-6.49884,4.66392
288.48000,-6.63310,4.47004
288.49000,-6.29066,4.54234
288.50000,-6.73849,4.49050
288.51000,-6.73385,4.65672
288.52000,-6.83631,4.75335
288.53000,-6.38952,4.72080
288.54000,-6.51073,5.20052
288.55000,-6.26220,4.88329
288.56000,-6.54024,5.06542
288.57000,-6.24667,4.54048
288.58000,-6.09742,5.09740
288.59000,-6.03587,4.87550
288.60000,-6.50021,5.36092
288.61000,-6.14086,5.31706
288.62000,-6.10518,5.27234
288.63000,-5.98497,5.32030
288.64000,-5.76602,5.37083
288.65000,-5.79253,5.07203
288.66000,-6.03871,5.50269
288.67000,-6.44899,5.63422
288.68000,-5.71367,5.44317
288.69000,-5.70661,5.51548
288.70000,-5.83954,5.73712
288.71000,-5.88778,5.52724
288.72000,-5.57651,5.72681
288.73000,-5.61210,5.80740
288.74000,-5.62021,5.75313
288.75000,-5.62464,5.70779
288.76000,-5.68854,6.07189
288.77000,-5.10563,5.86245
288.78000,-5.79316,5.74504
288.79000,-5.23942,5.59997
288.80000,-5.45571,5.67495
288.81000,-5.36942,5.63099
288.82000,-5.30634,6.00467
288.83000,-5.30511,6.01919
288.84000,-5.20211,6.01346
288.85000,-5.20726,6.06016
288.86000,-5.20027,5.76830
288.87000,-5.53036,5.94562
288.88000,-5.34283,6.03843
288.89000,-5.07174,6.11781
288.90000,-5.04923,6.07716
288.91000,-5.16559,6.09285
288.92000,-4.68893,6.19593
288.93000,-4.81807,6.05305
288.94000,-4.92229,6.48410
288.95000,-5.11812,6.29221
288.96000,-4.66276,6.48253
288.97000,-5.13457,6.58127
288.98000,-4.73209,6.34864
288.99000,-4.80063,6.65812
289.00000,-4.65599,6.39084
289.01000,-4.37590,6.50923
289.02000,-4.28448,6.56461
289.03000,-4.56156,6.44281
289.04000,-4.70688,6.40480
289.05000,-4.16167,6.73122
289.06000,-4.28094,7.04631
289.07000,-4.06915,6.61220
289.08000,-4.68957,6.72796
289.09000,-4.50608,6.67689
289.10000,-4.39236,6.90822
289.11000,-4.54460,6.88994
289.12000,-4.20234,6.64604
289.13000,-4.08466,7.07116
289.14000,-3.94051,6.59925
289.15000,-4.12938,6.76593
289.16000,-4.24253,6.97101
289.17000,-3.93940,6.91659
289.18000,-3.96778,6.60882
289.19000,-3.91541,6.72179
289.20000,-3.86103,6.95383
289.21000,-3.85761,6.86247
289.22000,-3.88211,6.96144
289.23000,-3.53687,7.28895
289.24000,-3.74958,6.93721
289.25000,-3.72481,6.99295
289.26000,-3.66268,7.08354
289.27000,-3.26822,7.56878
289.28000,-3.55939,7.24097
289.29000,-3.64392,7.16456
289.30000,-3.16636,6.75316
289.31000,-3.32684,7.36313
289.32000,-3.19974,7.42293
289.33000,-3.43235,7.57640
289.34000,-3.41819,7.53047
289.35000,-2.88340,7.33562
289.36000,-2.95635,7.60230
289.37000,-2.99724,7.45612
289.38000,-3.13820,7.30882
289.39000,-2.96789,7.50068
289.40000,-2.78144,7.39101
289.41000,-2.75967,7.55033
289.42000,-2.84637,7.73775
289.43000,-2.77427,7.66217
289.44000,-2.80963,7.95065
289.45000,-2.80086,7.41934
289.46000,-2.34507,7.32395
289.47000,-2.68943,7.62968
289.48000,-2.59159,7.61019
289.49000,-2.61682,7.64573
289.50000,-2.46954,7.57266
289.51000,-2.53681,7.51072
289.52000,-2.58747,8.17332
289.53000,-2.20206,7.67230
289.54000,-2.20427,7.51665
289.55000,-2.29428,7.87514
289.56000,-2.39089,7.98830
289.57000,-2.30086,7.62084
289.58000,-2.14876,7.57648
289.59000,-2.01115,7.60137
289.60000,-2.08224,7.47654
289.61000,-1.70153,7.72576
289.62000,-1.71300,7.97072
289.63000,-1.99735,8.27066
289.64000,-2.10935,7.87839
289.65000,-1.82358,7.73740
289.66000,-1.38916,7.55569
289.67000,-1.80749,8.02698
289.68000,-1.21313,7.90390
289.69000,-1.55057,7.99847
289.70000,-1.59262,8.01978
289.71000,-1.61467,7.71246
289.72000,-1.40562,8.09352
289.73000,-1.21462,7.87858
289.74000,-1.49495,7.55686
289.75000,-1.19332,7.70360
289.76000,-1.10305,8.01575
289.77000,-1.03583,7.77209
289.78000,-1.20025,7.76680
289.79000,-0.97017,7.86206
289.80000,-1.01893,7.64145
289.81000,-1.09962,7.55750
289.82000,-0.93077,7.78798
289.83000,-0.78719,8.04173
289.84000,-1.09950,8.15010
289.85000,-0.77635,7.77488
289.86000,-0.89980,8.08742
289.87000,-0.74573,7.76209
289.88000,-0.65176,8.00981
289.89000,-0.55903,7.95676
289.90000,-0.39823,8.25706
289.91000,-0.54516,8.03959
289.92000,-0.33869,8.03574
289.93000,-0.28160,8.07875
289.94000,-0.32277,7.93319
289.95000,-0.26109,8.11028
289.96000,-0.19428,7.82537
289.97000,-0.09823,8.17990
289.98000,-0.48017,7.93077
289.99000,-0.08862,8.32137
290.00000,-0.09553,8.08241
290.01000,0.01075,7.77271
290.02000,-0.06204,7.82351
290.03000,0.23782,7.68775
290.04000,0.04670,8.16544
290.05000,0.18893,7.68134
290.06000,0.35848,8.20557
290.07000,0.08083,8.12161
290.08000,0.33284,7.92267
290.09000,0.31511,7.76042
290.10000,0.53703,7.72344
290.11000,0.60973,7.79561
290.12000,0.68213,7.91501
290.13000,0.42786,7.87744
290.14000,0.88405,7.88879
290.15000,0.75285,8.14887
290.16000,0.70344,7.83958
290.17000,1.04202,7.95166
290.18000,0.91867,7.94928
290.19000,0.84173,7.84085
290.20000,1.04744,8.16768
290.21000,0.80176,7.67837
290.22000,1.30159,7.86196
290.23000,0.86104,8.13837
290.24000,1.41670,7.81267
290.25000,1.16967,7.82548
290.26000,0.91178,7.95338
290.27000,1.41775,8.08144
290.28000,1.35939,7.74263
290.29000,1.12563,8.07055
290.30000,1.67012,8.03014
290.31000,1.46390,7.81018
290.32000,1.45741,7.94897
290.33000,1.38486,7.97148
290.34000,1.35516,7.69059
290.35000,1.58258,7.59354
290.36000,2.05854,7.94522
290.37000,1.81321,7.66964
290.38000,1.85392,7.65057
290.39000,2.08107,7.81518
290.40000,2.01384,7.69150
290.41000,1.98722,7.83021
290.42000,2.40034,7.56422
290.43000,2.19381,7.84122
290.44000,2.26066,7.69156
290.45000,2.44183,7.70372
290.46000,2.35946,7.55655
290.47000,1.77571,7.39334
290.48000,2.55803,7.69326
290.49000,2.70180,7.65825
290.50000,2.58070,7.64175
290.51000,2.36645,7.62155
290.52000,2.44865,7.92364
290.53000,2.69567,7.62663
290.54000,2.41598,7.92610
290.55000,2.57143,7.56438
290.56000,2.97486,7.93392
290.57000,2.63612,7.62116
290.58000,2.97087,7.26979
290.59000,3.12387,7.41293
290.60000,3.00072,7.67555
290.61000,2.94932,7.42767
290.62000,3.06485,7.43587
290.63000,3.38564,7.22372
290.64000,2.96524,7.30681
290.65000,2.95740,7.57671
290.66000,3.32676,7.38224
290.67000,3.30667,7.53184
290.68000,3.19449,7.53706
290.69000,3.56610,7.38755
290.70000,3.28554,7.11034
290.71000,3.43412,7.32791
290.72000,3.49043,7.04540
290.73000,3.57565,7.16701
290.74000,3.32569,6.98442
290.75000,3.53097,7.15885
290.76000,3.76409,7.21011
290.77000,4.04323,7.08543
290.78000,3.77205,7.10388
290.79000,4.04691,6.96375
290.80000,4.10621,7.16217
290.81000,3.58156,6.90212
290.82000,3.75863,7.24304
290.83000,3.91362,6.99278
290.84000,3.78142,6.78421
290.85000,3.83442,6.95507
290.86000,4.27446,6.96715
290.87000,4.15178,7.10926
290.88000,3.99926,6.83164
290.89000,4.12998,7.07906
290.90000,4.07660,6.64154
290.91000,4.13586,6.52050
290.92000,4.54180,6.66902
290.93000,4.11913,6.76270
290.94000,4.48066,6.58054
290.95000,4.41213,6.60209
290.96000,4.43692,6.51180
290.97000,4.81823,6.63754
290.98000,4.60857,6.80203
290.99000,4.16179,6.63335
291.00000,4.33774,6.40855
291.01000,5.06762,6.34592
291.02000,4.94795,6.26092
291.03000,4.63208,6.42063
291.04000,4.93626,6.62580
291.05000,5.13967,6.15128
291.06000,5.01944,6.38094
291.07000,5.01601,6.28731
291.08000,5.02455,6.36150
291.09000,5.19161,6.50054
291.10000,4.95933,6.09434
291.11000,5.30947,6.25567
291.12000,5.17122,6.34227
291.13000,5.34088,6.06378
291.14000,5.39373,5.96883
291.15000,5.30287,6.07869
291.16000,5.51803,6.01144
291.17000,5.55695,5.93957
291.18000,5.42446,6.12232
291.19000,5.32660,5.80130
291.20000,5.50842,5.80933
291.21000,5.46259,5.59509
291.22000,5.16504,5.92919
291.23000,5.57093,5.65141
291.24000,5.25747,5.53027
291.25000,5.50050,5.97820
291.26000,5.59544,5.61279
291.27000,5.64847,5.59113
291.28000,6.07480,5.57781
291.29000,5.86841,5.78938
291.30000,5.97567,5.75504
291.31000,5.89499,5.61466
291.32000,6.25706,5.37281
291.33000,6.11558,5.41235
291.34000,6.05042,5.25418
291.35000,5.95054,5.24433
291.36000,5.99329,5.18634
291.37000,6.38162,5.24381
291.38000,5.75484,5.37437
291.39000,6.19962,4.89171
291.40000,6.21290,4.94455
291.41000,6.22978,4.67791
291.42000,6.19923,5.19455
291.43000,6.03517,4.73806
291.44000,6.57662,5.09607
291.45000,6.33203,4.71983
291.46000,6.25246,4.64010
291.47000,6.29856,4.89313
291.48000,6.24514,4.80232
291.49000,6.51736,5.03468
291.50000,6.43837,4.84146
291.51000,6.23528,4.90193
291.52000,6.28417,4.67475
291.53000,6.65987,4.53965
291.54000,6.74281,4.43884
291.55000,6.51674,4.47289
291.56000,7.01937,4.75920
291.57000,6.73867,4.32808
291.58000,6.59988,4.51215
291.59000,6.71638,4.07423
291.60000,6.50910,4.49555
291.61000,6.86309,4.36965
291.62000,6.94264,4.38540
291.63000,6.79695,4.26518
291.64000,6.61390,4.03272
291.65000,7.33898,4.27371
291.66000,6.90028,3.76106
291.67000,6.95438,4.20332
291.68000,6.95151,4.28694
291.69000,6.82459,4.14930
291.70000,7.03334,3.99588
291.71000,7.23240,3.92077
291.72000,7.16783,3.64324
291.73000,6.96021,3.78509
291.74000,7.12475,3.90301
291.75000,7.14809,3.79477
291.76000,7.20842,3.78011
291.77000,7.14278,3.60593
291.78000,7.28346,3.56626
291.79000,7.25979,3.48480
291.80000,7.28665,3.37877
291.81000,7.38966,3.31745
291.82000,7.56318,3.17262
291.83000,7.18009,3.18150
291.84000,7.02075,3.34701
291.85000,7.16869,3.09820
291.86000,7.12377,3.34065
291.87000,7.29179,2.83015
291.88000,7.19132,3.26083
291.89000,6.98715,2.99243
291.90000,7.33200,2.91866
291.91000,7.51569,2.71167
291.92000,7.35414,2.71774
291.93000,7.41269,2.65982
291.94000,7.30676,2.58926
291.95000,7.49264,2.84989
291.96000,7.44693,2.74411
291.97000,7.37936,2.72820
291.98000,7.77605,2.45942
291.99000,7.54572,2.30131
292.00000,7.91922,2.43174
292.01000,7.40380,2.60585
292.02000,7.54506,2.53417
292.03000,7.89552,2.27024
292.04000,7.33129,2.42267
292.05000,7.68249,2.01613
292.06000,7.71319,2.44154
292.07000,7.46872,2.28093
292.08000,7.90707,1.76235
292.09000,7.98091,1.88833
292.10000,7.86883,2.18862
292.11000,7.73704,1.99137
292.12000,7.65792,1.87742
292.13000,7.66846,2.00834
292.14000,7.79479,1.76192
292.15000,7.81944,1.40058
292.16000,7.69241,1.59985
292.17000,7.58848,1.61441
292.18000,8.10471,1.38993
292.19000,7.77667,1.67850
292.20000,7.79402,1.64772
292.21000,7.62575,1.35126
292.22000,8.03828,1.53603
292.23000,7.82718,1.13407
292.24000,7.86961,1.29607
292.25000,8.11845,1.09414
292.26000,8.00995,1.49768
292.27000,8.14236,1.20362
292.28000,7.97232,1.23988
292.29000,7.89268,1.02221
292.30000,7.79303,1.49411
292.31000,8.31644,0.88393
292.32000,8.29558,0.92364
292.33000,8.16139,0.64570
292.34000,7.71185,0.78571
292.35000,7.95711,0.78053
292.36000,7.68804,0.77909
292.37000,8.05526,0.55595
292.38000,8.38630,0.79214
292.39000,7.92766,0.19254
292.40000,8.49085,0.42101
292.41000,7.98211,0.51170
292.42000,7.92258,0.33097
292.43000,8.13202,0.36428
292.44000,8.25464,0.25211
292.45000,8.24698,0.33256
292.46000,7.73085,0.34400
292.47000,8.21930,-0.09725
292.48000,8.01401,-0.17027
292.49000,8.02180,0.17896
292.50000,8.08215,-0.15869
292.51000,7.97205,-0.28025
292.52000,8.09576,-0.53420
292.53000,8.09900,-0.32908
292.54000,7.53653,0.02940
292.55000,8.05658,-0.92740
292.56000,8.02144,0.02661
292.57000,7.91750,-0.28930
292.58000,8.14136,-0.27586
292.59000,7.83813,-0.51497
292.60000,8.06813,-0.68341
292.61000,7.88813,-0.46789
292.62000,7.89626,-0.39637
292.63000,8.24008,-0.69710
292.64000,8.05256,-0.82958
292.65000,8.02013,-0.92174
292.66000,7.94679,-0.64441
292.67000,7.79830,-0.94370
292.68000,8.39262,-0.91563
292.69000,7.67607,-1.25922
292.70000,8.02305,-0.91733
292.71000,7.74398,-1.03440
292.72000,8.08367,-1.03977
292.73000,8.26727,-1.10631
292.74000,8.12352,-1.13526
292.75000,7.91109,-1.37230
292.76000,8.25929,-1.53843
292.77000,7.71978,-1.56024
292.78000,7.63807,-1.45431
292.79000,7.65002,-1.15915
292.80000,7.63986,-1.29993
292.81000,7.66409,-1.79928
292.82000,7.69610,-1.87693
292.83000,7.63224,-1.61250
292.84000,8.24239,-1.82797
292.85000,7.73568,-1.78738
292.86000,8.12799,-1.84035
292.87000,7.79591,-1.65154
292.88000,7.68767,-1.98235
292.89000,8.01261,-2.04117
292.90000,7.73717,-1.94187
292.91000,8.15264,-1.80320
292.92000,7.41475,-1.92665
292.93000,7.56975,-1.90185
292.94000,7.51035,-1.99859
292.95000,7.87784,-2.12979
292.96000,7.67307,-2.15220
292.97000,7.50585,-2.48022
292.98000,7.68044,-2.47826
292.99000,7.31962,-2.21789
293.00000,7.42463,-2.74898
293.01000,7.66506,-2.47292
293.02000,7.79703,-2.32741
293.03000,7.32085,-2.42560
293.04000,7.69992,-2.56062
293.05000,7.39993,-2.64628
293.06000,7.43681,-2.78998
293.07000,7.48186,-2.87122
293.08000,7.41179,-2.93665
293.09000,7.43351,-2.69430
293.10000,7.32222,-2.71068
293.11000,7.22913,-2.84348
293.12000,7.62192,-3.13929
293.13000,7.45631,-2.93727
293.14000,7.34259,-3.06400
293.15000,7.35377,-2.91208
293.16000,7.54312,-3.00633
293.17000,7.35778,-3.34417
293.18000,7.44114,-3.26030
293.19000,7.09107,-3.27807
293.20000,7.20415,-3.42881
293.21000,6.98117,-3.48864
293.22000,7.29396,-3.24201
293.23000,7.13900,-3.59528
293.24000,7.27680,-3.45062
293.25000,7.48629,-3.81517
293.26000,7.18093,-3.58240
293.27000,6.98626,-4.13316
293.28000,6.79254,-3.71650
293.29000,7.19121,-4.01147
293.30000,7.20921,-3.71616
293.31000,7.10914,-3.88521
293.32000,6.89648,-3.73323
293.33000,6.83137,-3.78842
293.34000,6.65037,-4.23602
293.35000,7.13991,-4.15556
293.36000,6.94147,-3.85885
293.37000,6.54416,-4.21743
293.38000,6.81422,-4.38417
293.39000,7.00549,-4.35709
293.40000,7.10892,-4.49273
293.41000,6.79562,-4.13925
293.42000,6.79760,-4.53029
293.43000,6.84118,-4.41261
293.44000,6.65968,-4.50302
293.45000,6.67231,-4.39163
293.46000,6.63025,-4.53288
293.47000,6.47925,-4.37964
293.48000,6.62580,-4.53903
293.49000,6.67881,-4.50632
293.50000,6.40922,-4.70761
293.51000,6.57021,-4.86033
293.52000,6.17645,-4.67691
293.53000,6.28135,-4.81009
293.54000,6.33830,-4.56976
293.55000,6.74853,-4.81232
293.56000,6.18290,-4.91215
293.57000,6.39932,-4.79106
293.58000,6.20157,-4.96908
293.59000,6.24291,-5.06308
293.60000,6.21440,-5.13992
293.61000,6.05292,-5.26377
293.62000,6.45210,-5.24758
293.63000,6.18938,-4.93690
293.64000,6.11561,-5.22594
293.65000,5.72243,-5.56738
293.66000,5.91168,-5.35230
293.67000,6.02754,-5.19819
293.68000,5.80095,-5.16517
293.69000,6.15153,-5.18986
293.70000,5.76117,-5.36148
293.71000,6.10414,-5.60786
293.72000,5.65836,-5.39365
293.73000,5.91078,-5.52471
293.74000,5.75149,-5.55667
293.75000,5.58887,-5.65704
293.76000,5.84369,-5.71646
293.77000,5.41819,-5.64154
293.78000,5.59880,-5.70465
293.79000,5.33080,-5.67726
293.80000,5.92061,-5.65208
293.81000,5.35771,-6.04468
293.82000,5.24636,-5.66718
293.83000,5.41989,-5.70988
293.84000,5.46841,-5.68715
293.85000,5.04977,-6.27847
293.86000,5.44382,-6.08903
293.87000,5.01048,-6.08619
293.88000,5.01656,-6.25606
293.89000,4.96292,-6.06370
293.90000,5.04665,-6.12410
293.91000,5.03686,-6.44515
293.92000,5.09982,-6.39206
293.93000,5.04239,-6.22545
293.94000,4.84892,-6.57303
293.95000,5.15072,-6.44247
293.96000,4.85154,-5.93596
293.97000,4.54499,-6.09706
293.98000,5.10315,-6.16155
293.99000,4.80083,-6.60808
294.00000,4.17440,-6.35908
294.01000,5.20229,-6.48851
294.02000,4.52801,-6.37651
294.03000,4.37891,-6.55564
294.04000,4.84284,-6.58171
294.05000,4.30422,-6.37398
294.06000,4.32855,-6.53173
294.07000,4.67264,-6.69194
294.08000,4.30073,-6.59100
294.09000,4.47503,-6.71902
294.10000,4.42108,-6.87054
294.11000,4.25938,-6.85552
294.12000,4.34997,-6.90952
294.13000,4.29134,-6.89404
294.14000,4.29597,-6.85143
294.15000,4.36924,-6.99263
294.16000,4.04002,-6.69721
294.17000,4.05988,-7.04452
294.18000,3.90227,-6.76009
294.19000,4.31496,-6.76050
294.20000,3.54988,-6.79333
294.21000,3.93506,-7.20320
294.22000,3.88524,-6.87996
294.23000,3.86389,-7.28733
294.24000,3.46527,-6.94372
294.25000,3.85003,-7.28709
294.26000,3.32365,-7.02069
294.27000,3.50693,-7.11375
294.28000,3.48403,-6.98126
294.29000,3.58577,-7.37550
294.30000,3.13966,-7.08315
294.31000,3.34852,-7.24686
294.32000,3.09004,-7.70418
294.33000,3.47722,-7.21294
294.34000,2.96517,-7.47340
294.35000,3.10079,-7.46184
294.36000,2.93182,-6.84178
294.37000,2.88393,-7.38995
294.38000,2.90826,-7.38699
294.39000,3.27335,-7.51840
294.40000,2.69402,-7.34552
294.41000,3.04252,-7.39790
294.42000,3.04053,-7.56683
294.43000,2.63731,-7.47380
294.44000,2.83101,-7.43280
294.45000,2.32466,-7.62806
294.46000,2.48086,-7.33305
294.47000,2.54907,-7.41655
294.48000,2.53123,-7.57010
294.49000,2.65905,-7.80289
294.50000,2.41564,-7.59502
294.51000,2.53781,-7.37040
294.52000,2.09402,-7.69547
294.53000,2.53951,-7.83856
294.54000,2.56861,-7.58472
294.55000,2.25479,-7.50669
294.56000,2.22066,-7.96241
294.57000,2.20853,-7.66693
294.58000,2.11424,-7.47120
294.59000,1.93325,-7.77235
294.60000,2.17158,-7.74188
294.61000,1.98547,-7.80318
294.62000,1.92567,-7.83906
294.63000,1.84472,-7.66717
294.64000,1.57200,-7.74381
294.65000,1.82979,-7.97531
294.66000,1.85603,-8.12289
294.67000,1.43040,-7.75562
294.68000,1.42529,-8.05846
294.69000,1.52165,-7.75277
294.70000,1.40852,-7.87575
294.71000,1.23476,-7.78906
294.72000,1.37935,-7.69268
294.73000,1.34527,-7.50857
294.74000,1.48173,-7.73617
294.75000,1.29213,-8.02453
294.76000,1.13841,-7.77999
294.77000,1.14669,-7.84226
294.78000,1.26471,-8.02469
294.79000,1.15908,-8.41455
294.80000,1.10847,-8.01384
294.81000,0.87228,-7.96578
294.82000,1.22057,-7.99791
294.83000,1.07636,-8.41893
294.84000,0.69347,-7.89849
294.85000,1.07853,-8.30128
294.86000,0.62868,-7.98189
294.87000,0.67355,-8.43522
294.88000,0.65656,-8.04584
294.89000,0.27669,-7.71990
294.90000,0.36946,-8.05715
294.91000,0.16023,-7.95624
294.92000,0.11691,-7.92207
294.93000,0.36709,-7.81784
294.94000,0.75989,-8.26390
294.95000,0.30566,-7.96836
294.96000,0.04551,-7.79574
294.97000,0.05520,-8.03427
294.98000,-0.01040,-8.18332
294.99000,-0.01526,-8.21854
295.00000,0.24225,-7.50879
295.01000,-0.06570,-7.87594
295.02000,-0.13118,-8.09659
295.03000,-0.22454,-7.83522
295.04000,-0.16651,-7.74530
295.05000,-0.36176,-8.00497
295.06000,-0.42650,-7.89225
295.07000,-0.57212,-8.09541
295.08000,-0.57119,-8.03399
295.09000,-0.52493,-7.72168
295.10000,-0.91298,-7.83151
295.11000,-0.28612,-8.18935
295.12000,-0.56021,-7.87363
295.13000,-0.35085,-7.99322
295.14000,-0.59803,-7.88075
295.15000,-0.63270,-8.12115
295.16000,-0.56624,-8.07099
295.17000,-0.44855,-8.01388
295.18000,-0.97841,-8.09160
295.19000,-0.91303,-8.24335
295.20000,-0.95827,-7.73517
295.21000,-0.90107,-7.97300
295.22000,-1.13541,-7.76713
295.23000,-1.30234,-8.01563
295.24000,-1.18364,-7.75381
295.25000,-1.67801,-7.80745
295.26000,-1.08289,-7.84756
295.27000,-1.21799,-8.02701
295.28000,-1.81876,-7.84956
295.29000,-1.25513,-7.81097
295.30000,-1.60183,-7.85507
295.31000,-1.49917,-7.70442
295.32000,-1.37535,-8.00088
295.33000,-1.67867,-7.70181
295.34000,-1.69282,-7.72310
295.35000,-1.88490,-7.71897
295.36000,-1.98837,-8.02558
295.37000,-1.86034,-7.93849
295.38000,-1.98215,-7.95470
295.39000,-1.90909,-7.69660
295.40000,-1.83898,-7.65633
295.41000,-2.11438,-7.76109
295.42000,-2.06324,-7.77066
295.43000,-2.05407,-7.38851
295.44000,-2.28415,-7.66834
295.45000,-2.19069,-7.90871
295.46000,-2.24434,-7.69209
295.47000,-2.33152,-7.54124
295.48000,-2.46799,-7.67712
295.49000,-2.60302,-7.32990
295.50000,-2.29703,-7.45946
295.51000,-2.63510,-7.82783
295.52000,-2.56094,-7.33045
295.53000,-2.75789,-7.58933
295.54000,-2.66987,-7.55863
295.55000,-2.57105,-7.74982
295.56000,-2.67986,-7.52625
295.57000,-2.56949,-7.52872
295.58000,-2.37207,-7.30463
295.59000,-2.93942,-7.19310
295.60000,-2.98740,-7.47952
295.61000,-2.99563,-7.25416
295.62000,-3.17341,-7.15915
295.63000,-3.28243,-7.48450
295.64000,-3.14513,-6.98495
295.65000,-3.00283,-7.24546
295.66000,-3.12232,-7.45850
295.67000,-3.47311,-7.35273
295.68000,-3.41310,-7.57105
295.69000,-3.04034,-7.44095
295.70000,-3.28339,-7.27268
295.71000,-3.32821,-7.17921
295.72000,-3.27591,-7.08129
295.73000,-3.74009,-7.23861
295.74000,-3.36038,-6.94784
295.75000,-3.69229,-7.16442
295.76000,-3.64634,-7.08096
295.77000,-3.72452,-6.92169
295.78000,-3.84518,-6.98578
295.79000,-3.76320,-7.14017
295.80000,-3.69609,-7.15941
295.81000,-4.11533,-6.94446
295.82000,-3.73488,-6.83167
295.83000,-3.70828,-6.60578
295.84000,-3.74695,-7.03377
295.85000,-3.95832,-6.83136
295.86000,-4.34459,-6.96577
295.87000,-4.22601,-6.73062
295.88000,-4.31894,-6.69171
295.89000,-4.32356,-6.48602
295.90000,-4.33206,-6.77369
295.91000,-4.14481,-6.88705
295.92000,-4.13981,-6.66957
295.93000,-4.49108,-6.49982
295.94000,-4.44810,-6.56638
295.95000,-4.53222,-6.57946
295.96000,-4.55827,-6.41866
295.97000,-4.25406,-6.46974
295.98000,-4.81340,-6.50735
295.99000,-4.25711,-6.36268
296.00000,-4.69240,-6.71323
296.01000,-4.97554,-6.65661
296.02000,-4.95649,-6.07776
296.03000,-4.90762,-5.90564
296.04000,-4.72962,-6.49002
296.05000,-4.71824,-6.44295
296.06000,-4.94445,-6.39553
296.07000,-5.04786,-6.09778
296.08000,-5.01277,-6.49998
296.09000,-4.96764,-6.11919
296.10000,-5.14272,-6.09997
296.11000,-4.75950,-6.21731
296.12000,-5.15557,-6.19345
296.13000,-5.16193,-6.04592
296.14000,-5.35748,-6.34475
296.15000,-5.61354,-6.13867
296.16000,-5.25081,-5.57584
296.17000,-5.10750,-6.13927
296.18000,-5.27999,-5.91548
296.19000,-5.63317,-6.02890
296.20000,-5.24195,-5.82514
296.21000,-5.45879,-6.11584
296.22000,-5.66134,-5.92452
296.23000,-5.66124,-5.78157
296.24000,-5.72548,-5.81338
296.25000,-5.81474,-5.53820
296.26000,-6.03997,-5.63368
296.27000,-6.06166,-5.63163
296.28000,-5.33936,-5.57528
296.29000,-5.77415,-5.43652
296.30000,-5.96084,-5.39938
296.31000,-5.88333,-5.23644
296.32000,-5.83729,-5.41333
296.33000,-6.07442,-4.98123
296.34000,-6.21071,-5.40910
296.35000,-6.50070,-5.29561
296.36000,-6.35790,-5.32072
296.37000,-6.07081,-5.44101
296.38000,-6.28390,-5.36348
296.39000,-6.41321,-4.77459
296.40000,-6.37905,-5.32632
296.41000,-6.11211,-4.66601
296.42000,-6.34124,-5.00437
296.43000,-6.31466,-4.86352
296.44000,-6.27521,-4.89665
296.45000,-6.62149,-4.84110
296.46000,-6.34563,-4.62734
296.47000,-6.39513,-4.92609
296.48000,-6.37902,-4.72530
296.49000,-6.40653,-4.83282
296.50000,-6.51158,-4.80470
296.51000,-6.61017,-4.59063
296.52000,-6.61651,-4.67398
296.53000,-6.57217,-4.91096
296.54000,-6.56475,-4.53110
296.55000,-6.23844,-4.52840
296.56000,-6.76359,-4.34764
296.57000,-6.38897,-4.32093
296.58000,-6.63833,-4.48765
296.59000,-6.49350,-4.19475
296.60000,-6.82042,-4.43442
296.61000,-6.84800,-4.06412
296.62000,-6.85048,-4.17270
296.63000,-6.58703,-4.29107
296.64000,-6.96008,-4.09254
296.65000,-7.04046,-4.04248
296.66000,-7.19592,-4.25344
296.67000,-6.66328,-3.99615
296.68000,-6.99551,-4.07516
296.69000,-7.04697,-3.96255
296.70000,-6.96453,-3.60955
296.71000,-7.29816,-3.72528
296.72000,-7.06002,-3.95445
296.73000,-7.07682,-3.44340
296.74000,-7.02292,-4.19096
296.75000,-7.17096,-3.67163
296.76000,-7.28818,-3.80371
296.77000,-7.23904,-3.22277
296.78000,-7.22213,-3.33214
296.79000,-7.06573,-3.31154
296.80000,-7.24235,-3.49120
296.81000,-7.30496,-3.62338
296.82000,-7.14037,-3.28671
296.83000,-7.11564,-3.01588
296.84000,-7.04787,-3.04880
296.85000,-7.16260,-3.25532
296.86000,-7.33864,-3.07379
296.87000,-7.76416,-3.15309
296.88000,-7.42089,-3.23315
296.89000,-7.44985,-2.96844
296.90000,-7.51005,-2.97207
296.91000,-7.84535,-2.58889
296.92000,-7.50743,-2.86454
296.93000,-7.50904,-2.83239
296.94000,-7.57220,-2.77467
296.95000,-7.31460,-2.71344
296.96000,-7.61542,-2.69207
296.97000,-7.72088,-2.73868
296.98000,-7.18662,-2.63786
296.99000,-7.46532,-2.53559
297.00000,-8.07791,-2.51546
297.01000,-7.74407,-2.34486
297.02000,-7.77311,-2.34908
297.03000,-7.56468,-2.38771
297.04000,-7.29705,-2.13420
297.05000,-7.94680,-2.23134
297.06000,-7.85235,-2.08335
297.07000,-7.53180,-2.46923
297.08000,-7.88028,-1.76886
297.09000,-7.83729,-2.10045
297.10000,-7.66680,-2.35794
297.11000,-7.72683,-1.93000
297.12000,-7.89895,-1.89023
297.13000,-7.91640,-1.59180
297.14000,-7.65087,-1.82343
297.15000,-7.56069,-1.58343
297.16000,-7.60760,-1.81745
297.17000,-7.56734,-1.83126
297.18000,-7.82012,-1.72097
297.19000,-7.67940,-1.41983
297.20000,-7.81414,-1.11041
297.21000,-7.75356,-1.22808
297.22000,-7.72424,-1.27325
297.23000,-7.81304,-1.47137
297.24000,-7.83145,-1.05606
297.25000,-7.49963,-1.02681
297.26000,-8.07555,-1.05739
297.27000,-8.40515,-1.09363
297.28000,-8.29735,-1.21542
297.29000,-7.81764,-1.03620
297.30000,-7.79896,-0.89251
297.31000,-7.98824,-0.79963
297.32000,-7.79686,-0.99765
297.33000,-8.13727,-0.79003
297.34000,-7.94388,-0.84013
297.35000,-7.93832,-0.75548
297.36000,-8.18043,-0.85347
297.37000,-7.54592,-0.73328
297.38000,-8.02996,-0.92835
297.39000,-8.22364,-0.15820
297.40000,-7.97006,-0.75638
297.41000,-8.42103,-0.89048
297.42000,-7.78073,-0.05247
297.43000,-7.85852,-0.22212
297.44000,-7.69661,-0.02553
297.45000,-7.74013,-0.29524
297.46000,-7.85025,-0.13259
297.47000,-7.91314,-0.30666
297.48000,-7.79972,-0.45743
297.49000,-8.23368,0.01782
297.50000,-7.89940,0.30541
297.51000,-8.20825,0.04451
297.52000,-8.23593,0.13053
297.53000,-7.72676,0.18720
297.54000,-7.90113,0.35129
297.55000,-7.93938,0.21507
297.56000,-7.97845,0.47442
297.57000,-8.26433,0.41109
297.58000,-8.13261,0.48448
297.59000,-8.06956,0.85299
297.60000,-8.01209,0.39868
297.61000,-7.90961,0.79233
297.62000,-7.84577,0.66372
297.63000,-7.95473,0.38627
297.64000,-8.12698,0.81587
297.65000,-7.97268,0.69631
297.66000,-7.58574,0.74620
297.67000,-8.31473,0.74517
297.68000,-8.05176,0.65195
297.69000,-7.59890,0.77686
297.70000,-7.73287,0.81606
297.71000,-7.88968,1.34374
297.72000,-7.55357,1.05690
297.73000,-7.87174,1.38563
297.74000,-8.21277,1.15333
297.75000,-7.80351,1.26846
297.76000,-7.76511,1.02553
297.77000,-7.81851,1.17123
297.78000,-7.52822,1.47704
297.79000,-8.10719,1.39625
297.80000,-8.17652,1.65070
297.81000,-7.98251,1.66859
297.82000,-7.72224,1.54955
297.83000,-7.72694,1.70733
297.84000,-7.72434,1.53613
297.85000,-7.85429,1.84683
297.86000,-7.56647,2.22079
297.87000,-7.49723,1.88133
297.88000,-8.03719,1.93434
297.89000,-7.55244,2.14378
297.90000,-7.59377,2.06655
297.91000,-8.01907,1.93333
297.92000,-7.89018,2.08915
297.93000,-7.95229,2.12841
297.94000,-7.86650,1.94197
297.95000,-7.89272,1.97408
297.96000,-8.02521,2.21460
297.97000,-7.69036,2.46897
297.98000,-7.56582,2.35753
297.99000,-7.42388,2.24798
298.00000,-7.42570,2.11738
298.01000,-7.78436,2.87632
298.02000,-7.46190,2.77207
298.03000,-7.68453,2.92158
298.04000,-7.68578,2.95762
298.05000,-7.34628,2.75765
298.06000,-7.53270,2.69716
298.07000,-7.31982,2.59181
298.08000,-7.57123,2.86058
298.09000,-7.51122,3.07303
298.10000,-7.59188,2.76920
298.11000,-7.37121,3.30543
298.12000,-7.30818,3.15948
298.13000,-7.64388,3.02230
298.14000,-7.72890,3.12463
298.15000,-7.23110,3.05599
298.16000,-7.33331,3.20476
298.17000,-7.37102,3.65494
298.18000,-7.12976,3.22993
298.19000,-7.06011,3.56773
298.20000,-6.99317,3.60548
298.21000,-6.87949,3.29948
298.22000,-6.92769,3.41654
298.23000,-7.23259,3.52256
298.24000,-7.35167,3.32322
298.25000,-7.09313,3.34342
298.26000,-6.51891,3.66583
298.27000,-6.76261,3.48951
298.28000,-6.88343,3.92204
298.29000,-7.13959,3.77144
298.30000,-7.27664,3.92204
298.31000,-7.07419,4.02797
298.32000,-6.89578,3.77315
298.33000,-7.30128,4.15431
298.34000,-7.03679,3.92576
298.35000,-6.91444,3.50474
298.36000,-6.76723,4.27534
298.37000,-6.74649,4.09950
298.38000,-6.95264,3.88614
298.39000,-6.83022,4.33985
298.40000,-6.47625,4.45712
298.41000,-6.86784,4.49807
298.42000,-6.75951,4.42661
298.43000,-6.90391,4.18790
298.44000,-6.88905,4.35146
298.45000,-6.72445,4.39633
298.46000,-6.71474,4.11831
298.47000,-6.47842,4.90398
298.48000,-6.71593,4.31451
298.49000,-6.47190,4.53038
298.50000,-6.70201,4.97338
298.51000,-6.75200,4.86623
298.52000,-6.40697,4.65116
298.53000,-6.60164,4.77265
298.54000,-6.30339,4.83722
298.55000,-6.70206,5.08240
298.56000,-6.26247,4.90097
298.57000,-5.93072,4.82162
298.58000,-6.36130,5.33137
298.59000,-6.22505,5.36004
298.60000,-6.11155,4.91381
298.61000,-6.19259,4.94980
298.62000,-6.23222,5.12801
298.63000,-6.00060,5.09828
298.64000,-6.01487,5.35546
298.65000,-5.89284,5.43676
298.66000,-6.12282,5.47326
298.67000,-6.10838,5.48702
298.68000,-5.71806,5.46602
298.69000,-5.73241,5.40026
298.70000,-5.83391,5.39633
298.71000,-5.77021,5.56861
298.72000,-5.98953,5.65101
298.73000,-5.76003,5.68599
298.74000,-5.58925,5.48856
298.75000,-5.53518,5.48181
298.76000,-5.07248,5.74670
298.77000,-5.62784,5.65550
298.78000,-5.51322,5.91519
298.79000,-5.27573,5.70820
298.80000,-5.28454,5.63642
298.81000,-5.63893,5.95408
298.82000,-5.32225,6.08355
298.83000,-5.48201,5.87872
298.84000,-5.47260,5.91870
298.85000,-5.34579,5.91764
298.86000,-5.26795,6.01776
298.87000,-5.00239,5.91886
298.88000,-5.26999,6.23342
298.89000,-5.25189,5.96024
298.90000,-5.19252,6.13046
298.91000,-5.22621,6.22766
298.92000,-5.07282,6.28431
298.93000,-4.63230,6.31475
298.94000,-5.07209,6.03870
298.95000,-5.35589,6.64316
298.96000,-4.97720,6.33995
298.97000,-4.97668,6.38296
298.98000,-4.69206,6.47890
298.99000,-4.78644,6.36052
299.00000,-4.79004,6.47676
299.01000,-4.34495,6.25854
299.02000,-4.73938,6.54108
299.03000,-4.58929,6.76159
299.04000,-4.54895,6.40495
299.05000,-4.49608,6.74543
299.06000,-4.72145,6.54219
299.07000,-4.29165,6.58019
299.08000,-4.22939,6.61566
299.09000,-4.00012,7.11147
299.10000,-4.27742,6.68185
299.11000,-3.88195,6.65558
299.12000,-4.40195,6.71776
299.13000,-4.20316,6.48453
299.14000,-4.24548,6.93508
299.15000,-4.11030,6.95842
299.16000,-3.78697,6.95817
299.17000,-3.73016,6.92058
299.18000,-4.27948,6.57166
299.19000,-4.14437,7.11838
299.20000,-3.83447,6.91185
299.21000,-3.60199,6.96293
299.22000,-3.67888,7.32400
299.23000,-3.65680,7.20473
299.24000,-3.90182,6.82804
299.25000,-3.69409,6.90805
299.26000,-3.53068,6.93083
299.27000,-3.38457,6.82598
299.28000,-3.22574,7.12812
299.29000,-3.49201,7.28093
299.30000,-3.07384,7.44198
299.31000,-3.48486,7.50475
299.32000,-3.44373,7.40453
299.33000,-3.51226,7.20115
299.34000,-2.89739,7.26063
299.35000,-3.37195,7.26563
299.36000,-3.20016,7.41857
299.37000,-3.09561,7.31659
299.38000,-2.73144,7.40507
299.39000,-3.09598,7.62139
299.40000,-2.96108,7.40933
299.41000,-2.99197,7.44345
299.42000,-2.90145,7.58849
299.43000,-2.88190,7.38191
299.44000,-3.09042,7.26963
299.45000,-2.88943,7.50781
299.46000,-2.50609,7.70973
299.47000,-2.36006,7.60870
299.48000,-2.42828,7.54380
299.49000,-2.34964,7.68413
299.50000,-2.68980,7.50266
299.51000,-2.84907,7.70977
299.52000,-2.32606,7.45445
299.53000,-1.93358,7.78768
299.54000,-2.65620,7.62238
299.55000,-2.27737,7.75004
299.56000,-2.33740,7.72251
299.57000,-2.49310,7.53360
299.58000,-2.14180,8.04349
299.59000,-1.67150,7.69311
299.60000,-1.89645,7.79276
299.61000,-1.68202,7.91399
299.62000,-2.13454,7.67449
299.63000,-1.82177,7.90784
299.64000,-1.81625,7.66034
299.65000,-1.64272,7.73841
299.66000,-1.57403,7.53683
299.67000,-1.83557,7.71125
299.68000,-1.62071,7.82472
299.69000,-1.57588,7.90981
299.70000,-1.38101,7.72375
299.71000,-1.67310,7.84237
299.72000,-1.30970,8.07571
299.73000,-1.33419,7.90870
299.74000,-1.36455,8.26483
299.75000,-0.98438,7.80994
299.76000,-1.21413,7.88993
299.77000,-1.27577,7.96374
299.78000,-0.92485,7.82746
299.79000,-1.01357,8.06631
299.80000,-1.03260,8.28553
299.81000,-1.00642,7.90690
299.82000,-0.74981,8.22275
299.83000,-0.65222,7.64966
299.84000,-0.76823,7.84900
299.85000,-1.29708,8.03184
299.86000,-1.00971,7.50037
299.87000,-0.69102,7.95195
299.88000,-0.55975,8.21060
299.89000,-0.50936,8.08604
299.90000,-0.10152,8.02910
299.91000,-0.22211,7.78736
299.92000,-0.22193,8.22535
299.93000,-0.54071,7.91572
299.94000,-0.12822,7.78575
299.95000,-0.13520,7.62129
299.96000,-0.33080,7.84212
299.97000,-0.21986,7.89393
299.98000,-0.17136,8.03206
299.99000,-0.15702,8.13236
